#
# There is insufficient memory for the Java Runtime Environment to continue.
# Native memory allocation (malloc) failed to allocate 7798360 bytes. Error detail: Chunk::new
# Possible reasons:
#   The system is out of physical RAM or swap space
#   This process is running with CompressedOops enabled, and the Java Heap may be blocking the growth of the native heap
# Possible solutions:
#   Reduce memory load on the system
#   Increase physical memory or swap space
#   Check if swap backing store is full
#   Decrease Java heap size (-Xmx/-Xms)
#   Decrease number of Java threads
#   Decrease Java thread stack sizes (-Xss)
#   Set larger code cache with -XX:ReservedCodeCacheSize=
#   JVM is running with Unscaled Compressed Oops mode in which the Java heap is
#     placed in the first 4GB address space. The Java Heap base address is the
#     maximum limit for the native heap growth. Please use -XX:HeapBaseMinAddress
#     to set the Java Heap base and to place the Java Heap above 4GB virtual address.
# This output file may be truncated or incomplete.
#
#  Out of Memory Error (arena.cpp:186), pid=29432, tid=28288
#
# JRE version: OpenJDK Runtime Environment (25.0.3) (build 25.0.3+-15898627-b508.16)
# Java VM: OpenJDK 64-Bit Server VM (25.0.3+-15898627-b508.16, mixed mode, tiered, compressed oops, compressed class ptrs, g1 gc, windows-amd64)
# No core dump will be written. Minidumps are not enabled by default on client versions of Windows
#

---------------  S U M M A R Y ------------

Command Line: --add-opens=java.base/java.lang=ALL-UNNAMED --add-opens=java.base/java.lang.invoke=ALL-UNNAMED --add-opens=java.base/java.util=ALL-UNNAMED --add-opens=java.prefs/java.util.prefs=ALL-UNNAMED --add-exports=jdk.compiler/com.sun.tools.javac.api=ALL-UNNAMED --add-exports=jdk.compiler/com.sun.tools.javac.util=ALL-UNNAMED --add-opens=java.base/java.nio.charset=ALL-UNNAMED --add-opens=java.base/java.net=ALL-UNNAMED --add-opens=java.base/java.util.concurrent=ALL-UNNAMED --add-opens=java.base/java.util.concurrent.atomic=ALL-UNNAMED --add-opens=java.xml/javax.xml.namespace=ALL-UNNAMED --add-opens=java.base/java.time=ALL-UNNAMED --enable-native-access=ALL-UNNAMED -Xmx1024m -Dfile.encoding=UTF-8 -Duser.country=US -Duser.language=en -Duser.variant -javaagent:C:\Users\REACH\.gradle\wrapper\dists\gradle-9.7.1-bin\1w1c7tv4s851m17nbqdsro2tv\gradle-9.7.1\lib\agents\gradle-instrumentation-agent-9.7.1.jar org.gradle.launcher.daemon.bootstrap.GradleDaemon 9.7.1

Host: 13th Gen Intel(R) Core(TM) i7-13700H, 20 cores, 15G,  Windows 11 , 64 bit Build 26100 (10.0.26100.9444)
Time: Sat Sep 19 22:25:16 2026 SE Asia Standard Time elapsed time: 32.925373 seconds (0d 0h 0m 32s)

---------------  T H R E A D  ---------------

Current thread (0x000001933b9cbb10):  JavaThread "C2 CompilerThread1" daemon [_thread_in_native, id=28288, stack(0x0000006646300000,0x0000006646400000) (1024K)]


Current CompileTask:
C2:32925 16723 %     4       org.objectweb.asm.ClassWriter::toByteArray @ 17 (1535 bytes)

Stack: [0x0000006646300000,0x0000006646400000]
Native frames: (J=compiled Java code, j=interpreted, Vv=VM code, C=native code)
V  [jvm.dll+0x7bf039]  (no source info available)
V  [jvm.dll+0x78912d]  (no source info available)
V  [jvm.dll+0xa0e615]  (no source info available)
V  [jvm.dll+0xa10c94]  (no source info available)
V  [jvm.dll+0xa11393]  (no source info available)
V  [jvm.dll+0x30a116]  (no source info available)
V  [jvm.dll+0x10eda9]  (no source info available)
V  [jvm.dll+0x10f0d2]  (no source info available)
V  [jvm.dll+0x1a9b77]  (no source info available)
V  [jvm.dll+0x3bf612]  (no source info available)
V  [jvm.dll+0x7c48b7]  (no source info available)
V  [jvm.dll+0x2ce466]  (no source info available)
V  [jvm.dll+0x2cd641]  (no source info available)
V  [jvm.dll+0x24334a]  (no source info available)
V  [jvm.dll+0x2dd025]  (no source info available)
V  [jvm.dll+0x2db226]  (no source info available)
V  [jvm.dll+0x49c12e]  (no source info available)
V  [jvm.dll+0x9ad738]  (no source info available)
V  [jvm.dll+0x7bd585]  (no source info available)
C  [ucrtbase.dll+0x2cd30]  (no source info available)
C  [KERNEL32.DLL+0x2cd87]  (no source info available)
C  [ntdll.dll+0xacaec]  (no source info available)

Lock stack of current Java thread (top to bottom):


---------------  P R O C E S S  ---------------

Threads class SMR info:
_java_thread_list=0x000001933c4a0860, length=79, elements={
0x000001931977f900, 0x0000019330e7c4a0, 0x0000019330eb4080, 0x0000019330eb4ee0,
0x0000019330e88760, 0x0000019330e89320, 0x0000019330e8aa50, 0x0000019330e8c2b0,
0x0000019330e9aba0, 0x0000019330e9b3b0, 0x000001933536e4c0, 0x000001933892dc20,
0x0000019338bb9860, 0x000001933689f3b0, 0x0000019338ad4bf0, 0x000001933672e740,
0x0000019336734500, 0x0000019335002010, 0x0000019339651370, 0x0000019339657130,
0x0000019339656960, 0x0000019339657900, 0x00000193396580d0, 0x000001933a78cd40,
0x000001933a78ae00, 0x000001933a789e60, 0x000001933a78dce0, 0x000001933a78a630,
0x000001933a78ec80, 0x000001933a78bda0, 0x000001933a791390, 0x000001933a790bc0,
0x000001933a774520, 0x000001933a7725e0, 0x000001933a773d50, 0x000001933a771e10,
0x000001933a776460, 0x000001933a774cf0, 0x000001933a779340, 0x000001933ac019e0,
0x000001933ac021b0, 0x000001933ac00a40, 0x000001933bdf2be0, 0x0000019336501c70,
0x00000193364fe5c0, 0x0000019336502c10, 0x0000019336503bb0, 0x0000019336507a30,
0x0000019336504b50, 0x0000019336505af0, 0x0000019336508200, 0x00000193365089d0,
0x00000193365062c0, 0x000001933bacce10, 0x000001933bacc640, 0x000001933b9cbb10,
0x000001933bacfcf0, 0x000001933bace580, 0x000001933b9d03a0, 0x000001933b9d23e0,
0x000001933bad1c30, 0x000001933bad2400, 0x000001933bad5ab0, 0x000001933bad2bd0,
0x000001933bad6a50, 0x000001933bad4340, 0x000001933bad79f0, 0x000001933bad4b10,
0x000001933bad9930, 0x000001933bada8d0, 0x000001933bb8e000, 0x000001933bb8d830,
0x000001933bb8ff40, 0x000001933bb92e20, 0x000001933bb92650, 0x000001933bb964d0,
0x000001933b9d3c10, 0x000001933bb97470, 0x000001933bb97c40
}

Java Threads: ( => current thread )
  0x000001931977f900 JavaThread "main"                              [_thread_blocked, id=29484, stack(0x0000006643200000,0x0000006643300000) (1024K)]
  0x0000019330e7c4a0 JavaThread "Common-Cleaner"             daemon [_thread_blocked, id=29516, stack(0x0000006643a00000,0x0000006643b00000) (1024K)]
  0x0000019330eb4080 JavaThread "Reference Handler"          daemon [_thread_blocked, id=29524, stack(0x0000006643b00000,0x0000006643c00000) (1024K)]
  0x0000019330eb4ee0 JavaThread "Finalizer"                  daemon [_thread_blocked, id=29528, stack(0x0000006643c00000,0x0000006643d00000) (1024K)]
  0x0000019330e88760 JavaThread "Signal Dispatcher"          daemon [_thread_blocked, id=29532, stack(0x0000006643d00000,0x0000006643e00000) (1024K)]
  0x0000019330e89320 JavaThread "Attach Listener"            daemon [_thread_blocked, id=29536, stack(0x0000006643e00000,0x0000006643f00000) (1024K)]
  0x0000019330e8aa50 JavaThread "Service Thread"             daemon [_thread_blocked, id=29540, stack(0x0000006643f00000,0x0000006644000000) (1024K)]
  0x0000019330e8c2b0 JavaThread "Monitor Deflation Thread"   daemon [_thread_blocked, id=29544, stack(0x0000006644000000,0x0000006644100000) (1024K)]
  0x0000019330e9aba0 JavaThread "C2 CompilerThread0"         daemon [_thread_blocked, id=29548, stack(0x0000006644100000,0x0000006644200000) (1024K)]
  0x0000019330e9b3b0 JavaThread "C1 CompilerThread0"         daemon [_thread_blocked, id=29552, stack(0x0000006644200000,0x0000006644300000) (1024K)]
  0x000001933536e4c0 JavaThread "Notification Thread"        daemon [_thread_blocked, id=29568, stack(0x0000006644600000,0x0000006644700000) (1024K)]
  0x000001933892dc20 JavaThread "Daemon health stats"               [_thread_blocked, id=29616, stack(0x0000006645000000,0x0000006645100000) (1024K)]
  0x0000019338bb9860 JavaThread "Incoming local TCP Connector on port 58950"        [_thread_in_native, id=29620, stack(0x0000006645100000,0x0000006645200000) (1024K)]
  0x000001933689f3b0 JavaThread "Daemon periodic checks"            [_thread_blocked, id=29624, stack(0x0000006645200000,0x0000006645300000) (1024K)]
  0x0000019338ad4bf0 JavaThread "Daemon"                            [_thread_blocked, id=29672, stack(0x0000006645e00000,0x0000006645f00000) (1024K)]
  0x000001933672e740 JavaThread "Daemon worker"                     [_thread_in_vm, id=29684, stack(0x0000006646100000,0x0000006646200000) (1024K)]
  0x0000019336734500 JavaThread "Cache worker for journal cache (C:\Users\REACH\.gradle\caches\journal-1)"        [_thread_blocked, id=24744, stack(0x0000006644a00000,0x0000006644b00000) (1024K)]
  0x0000019335002010 JavaThread "File lock request listener"        [_thread_in_native, id=28216, stack(0x0000006646500000,0x0000006646600000) (1024K)]
  0x0000019339651370 JavaThread "Cache worker for file hash cache (C:\Users\REACH\.gradle\caches\9.7.1\fileHashes)"        [_thread_blocked, id=28508, stack(0x0000006646600000,0x0000006646700000) (1024K)]
  0x0000019339657130 JavaThread "File watcher server"        daemon [_thread_in_native, id=28856, stack(0x0000006646a00000,0x0000006646b00000) (1024K)]
  0x0000019339656960 JavaThread "File watcher consumer"      daemon [_thread_blocked, id=28876, stack(0x0000006646b00000,0x0000006646c00000) (1024K)]
  0x0000019339657900 JavaThread "jar transforms"                    [_thread_blocked, id=28896, stack(0x0000006646c00000,0x0000006646d00000) (1024K)]
  0x00000193396580d0 JavaThread "jar transforms Thread 2"           [_thread_blocked, id=28824, stack(0x0000006646d00000,0x0000006646e00000) (1024K)]
  0x000001933a78cd40 JavaThread "jar transforms Thread 3"           [_thread_blocked, id=29040, stack(0x0000006646e00000,0x0000006646f00000) (1024K)]
  0x000001933a78ae00 JavaThread "jar transforms Thread 4"           [_thread_blocked, id=28984, stack(0x0000006646f00000,0x0000006647000000) (1024K)]
  0x000001933a789e60 JavaThread "jar transforms Thread 5"           [_thread_blocked, id=29028, stack(0x0000006647000000,0x0000006647100000) (1024K)]
  0x000001933a78dce0 JavaThread "jar transforms Thread 6"           [_thread_blocked, id=29032, stack(0x0000006647100000,0x0000006647200000) (1024K)]
  0x000001933a78a630 JavaThread "jar transforms Thread 7"           [_thread_blocked, id=28908, stack(0x0000006647200000,0x0000006647300000) (1024K)]
  0x000001933a78ec80 JavaThread "jar transforms Thread 8"           [_thread_blocked, id=29004, stack(0x0000006647300000,0x0000006647400000) (1024K)]
  0x000001933a78bda0 JavaThread "jar transforms Thread 9"           [_thread_blocked, id=28988, stack(0x0000006647400000,0x0000006647500000) (1024K)]
  0x000001933a791390 JavaThread "jar transforms Thread 10"          [_thread_blocked, id=28964, stack(0x0000006647500000,0x0000006647600000) (1024K)]
  0x000001933a790bc0 JavaThread "jar transforms Thread 11"          [_thread_blocked, id=29000, stack(0x0000006647600000,0x0000006647700000) (1024K)]
  0x000001933a774520 JavaThread "jar transforms Thread 12"          [_thread_blocked, id=29012, stack(0x0000006647700000,0x0000006647800000) (1024K)]
  0x000001933a7725e0 JavaThread "jar transforms Thread 13"          [_thread_blocked, id=29052, stack(0x0000006647800000,0x0000006647900000) (1024K)]
  0x000001933a773d50 JavaThread "jar transforms Thread 14"          [_thread_blocked, id=28924, stack(0x0000006647900000,0x0000006647a00000) (1024K)]
  0x000001933a771e10 JavaThread "jar transforms Thread 15"          [_thread_blocked, id=28912, stack(0x0000006647a00000,0x0000006647b00000) (1024K)]
  0x000001933a776460 JavaThread "jar transforms Thread 16"          [_thread_blocked, id=29016, stack(0x0000006647b00000,0x0000006647c00000) (1024K)]
  0x000001933a774cf0 JavaThread "jar transforms Thread 17"          [_thread_blocked, id=29048, stack(0x0000006647c00000,0x0000006647d00000) (1024K)]
  0x000001933a779340 JavaThread "jar transforms Thread 18"          [_thread_blocked, id=28884, stack(0x0000006647d00000,0x0000006647e00000) (1024K)]
  0x000001933ac019e0 JavaThread "jar transforms Thread 19"          [_thread_blocked, id=28992, stack(0x0000006647e00000,0x0000006647f00000) (1024K)]
  0x000001933ac021b0 JavaThread "jar transforms Thread 20"          [_thread_blocked, id=28928, stack(0x0000006647f00000,0x0000006648000000) (1024K)]
  0x000001933ac00a40 JavaThread "Cache worker for file content cache (C:\Users\REACH\.gradle\caches\9.7.1\fileContent)"        [_thread_blocked, id=28868, stack(0x0000006648000000,0x0000006648100000) (1024K)]
  0x000001933bdf2be0 JavaThread "Memory manager"                    [_thread_blocked, id=28368, stack(0x0000006644900000,0x0000006644a00000) (1024K)]
  0x0000019336501c70 JavaThread "VFS cleanup"                       [_thread_blocked, id=27824, stack(0x0000006646200000,0x0000006646300000) (1024K)]
  0x00000193364fe5c0 JavaThread "File lock release action executor"        [_thread_blocked, id=24436, stack(0x0000006644300000,0x0000006644400000) (1024K)]
  0x0000019336502c10 JavaThread "Handler for socket connection from /127.0.0.1:58950 to /127.0.0.1:59002"        [_thread_in_native, id=28276, stack(0x0000006643100000,0x0000006643200000) (1024K)]
  0x0000019336503bb0 JavaThread "Cancel handler"                    [_thread_blocked, id=28272, stack(0x0000006644400000,0x0000006644500000) (1024K)]
  0x0000019336507a30 JavaThread "Asynchronous log dispatcher for DefaultDaemonConnection: socket connection from /127.0.0.1:58950 to /127.0.0.1:59002"        [_thread_blocked, id=28284, stack(0x0000006644500000,0x0000006644600000) (1024K)]
  0x0000019336504b50 JavaThread "Stdin handler"                     [_thread_blocked, id=28260, stack(0x0000006644700000,0x0000006644800000) (1024K)]
  0x0000019336505af0 JavaThread "Daemon client event forwarder"        [_thread_blocked, id=9140, stack(0x0000006644800000,0x0000006644900000) (1024K)]
  0x0000019336508200 JavaThread "Cache worker for file hash cache (C:\Users\REACH\Documents\HW-Java\.gradle\9.7.1\fileHashes)"        [_thread_blocked, id=28312, stack(0x0000006645f00000,0x0000006646000000) (1024K)]
  0x00000193365089d0 JavaThread "Cache worker for Build Output Cleanup Cache (C:\Users\REACH\Documents\HW-Java\.gradle\buildOutputCleanup)"        [_thread_blocked, id=28280, stack(0x0000006646000000,0x0000006646100000) (1024K)]
  0x00000193365062c0 JavaThread "Cache worker for checksums cache (C:\Users\REACH\Documents\HW-Java\.gradle\9.7.1\checksums)"        [_thread_blocked, id=28308, stack(0x0000006646400000,0x0000006646500000) (1024K)]
  0x000001933bacce10 JavaThread "Cache worker for cache directory md-supplier (C:\Users\REACH\.gradle\caches\9.7.1\md-supplier)"        [_thread_blocked, id=20108, stack(0x0000006646800000,0x0000006646900000) (1024K)]
  0x000001933bacc640 JavaThread "Cache worker for cache directory md-rule (C:\Users\REACH\.gradle\caches\9.7.1\md-rule)"        [_thread_blocked, id=28264, stack(0x0000006646900000,0x0000006646a00000) (1024K)]
=>0x000001933b9cbb10 JavaThread "C2 CompilerThread1"         daemon [_thread_in_native, id=28288, stack(0x0000006646300000,0x0000006646400000) (1024K)]
  0x000001933bacfcf0 JavaThread "Build operations"                  [_thread_blocked, id=20552, stack(0x0000006648100000,0x0000006648200000) (1024K)]
  0x000001933bace580 JavaThread "Build operations Thread 2"         [_thread_blocked, id=19472, stack(0x0000006648200000,0x0000006648300000) (1024K)]
  0x000001933b9d03a0 JavaThread "C1 CompilerThread1"         daemon [_thread_blocked, id=18500, stack(0x0000006648300000,0x0000006648400000) (1024K)]
  0x000001933b9d23e0 JavaThread "C1 CompilerThread2"         daemon [_thread_blocked, id=22312, stack(0x0000006648400000,0x0000006648500000) (1024K)]
  0x000001933bad1c30 JavaThread "Build operations Thread 3"         [_thread_blocked, id=28292, stack(0x0000006648500000,0x0000006648600000) (1024K)]
  0x000001933bad2400 JavaThread "Build operations Thread 4"         [_thread_blocked, id=28328, stack(0x0000006648600000,0x0000006648700000) (1024K)]
  0x000001933bad5ab0 JavaThread "Build operations Thread 5"         [_thread_blocked, id=28324, stack(0x0000006648700000,0x0000006648800000) (1024K)]
  0x000001933bad2bd0 JavaThread "Build operations Thread 6"         [_thread_blocked, id=25288, stack(0x0000006648800000,0x0000006648900000) (1024K)]
  0x000001933bad6a50 JavaThread "Build operations Thread 7"         [_thread_blocked, id=18732, stack(0x0000006648900000,0x0000006648a00000) (1024K)]
  0x000001933bad4340 JavaThread "Build operations Thread 8"         [_thread_blocked, id=17816, stack(0x0000006648a00000,0x0000006648b00000) (1024K)]
  0x000001933bad79f0 JavaThread "Build operations Thread 9"         [_thread_blocked, id=5492, stack(0x0000006648b00000,0x0000006648c00000) (1024K)]
  0x000001933bad4b10 JavaThread "Build operations Thread 10"        [_thread_blocked, id=12308, stack(0x0000006648c00000,0x0000006648d00000) (1024K)]
  0x000001933bad9930 JavaThread "Build operations Thread 11"        [_thread_blocked, id=18496, stack(0x0000006648d00000,0x0000006648e00000) (1024K)]
  0x000001933bada8d0 JavaThread "Build operations Thread 12"        [_thread_blocked, id=23068, stack(0x0000006648e00000,0x0000006648f00000) (1024K)]
  0x000001933bb8e000 JavaThread "Build operations Thread 13"        [_thread_blocked, id=8632, stack(0x0000006648f00000,0x0000006649000000) (1024K)]
  0x000001933bb8d830 JavaThread "Build operations Thread 14"        [_thread_blocked, id=22408, stack(0x0000006649000000,0x0000006649100000) (1024K)]
  0x000001933bb8ff40 JavaThread "Build operations Thread 15"        [_thread_blocked, id=3092, stack(0x0000006649100000,0x0000006649200000) (1024K)]
  0x000001933bb92e20 JavaThread "Build operations Thread 16"        [_thread_blocked, id=17180, stack(0x0000006649200000,0x0000006649300000) (1024K)]
  0x000001933bb92650 JavaThread "Build operations Thread 17"        [_thread_blocked, id=2568, stack(0x0000006649300000,0x0000006649400000) (1024K)]
  0x000001933bb964d0 JavaThread "Build operations Thread 18"        [_thread_blocked, id=24288, stack(0x0000006649400000,0x0000006649500000) (1024K)]
  0x000001933b9d3c10 JavaThread "C1 CompilerThread3"         daemon [_thread_blocked, id=2488, stack(0x0000006649500000,0x0000006649600000) (1024K)]
  0x000001933bb97470 JavaThread "Build operations Thread 19"        [_thread_blocked, id=28256, stack(0x0000006649600000,0x0000006649700000) (1024K)]
  0x000001933bb97c40 JavaThread "Build operations Thread 20"        [_thread_blocked, id=25808, stack(0x0000006649700000,0x0000006649800000) (1024K)]
Total: 79

Other Threads:
  0x0000019330e55fd0 VMThread "VM Thread"                           [id=29512, stack(0x0000006643900000,0x0000006643a00000) (1024K)]
  0x0000019330e112a0 WatcherThread "VM Periodic Task Thread"        [id=29508, stack(0x0000006643800000,0x0000006643900000) (1024K)]
  0x00000193197c1190 WorkerThread "GC Thread#0"                     [id=29488, stack(0x0000006643300000,0x0000006643400000) (1024K)]
  0x00000193363cbb00 WorkerThread "GC Thread#1"                     [id=29596, stack(0x0000006644b00000,0x0000006644c00000) (1024K)]
  0x00000193363cbf30 WorkerThread "GC Thread#2"                     [id=29600, stack(0x0000006644c00000,0x0000006644d00000) (1024K)]
  0x00000193363cc360 WorkerThread "GC Thread#3"                     [id=29604, stack(0x0000006644d00000,0x0000006644e00000) (1024K)]
  0x0000019335532360 WorkerThread "GC Thread#4"                     [id=29608, stack(0x0000006644e00000,0x0000006644f00000) (1024K)]
  0x0000019335533050 WorkerThread "GC Thread#5"                     [id=29612, stack(0x0000006644f00000,0x0000006645000000) (1024K)]
  0x0000019336b58720 WorkerThread "GC Thread#6"                     [id=29628, stack(0x0000006645300000,0x0000006645400000) (1024K)]
  0x0000019336b5adf0 WorkerThread "GC Thread#7"                     [id=29632, stack(0x0000006645400000,0x0000006645500000) (1024K)]
  0x0000019336b5b240 WorkerThread "GC Thread#8"                     [id=29636, stack(0x0000006645500000,0x0000006645600000) (1024K)]
  0x0000019336b5cc20 WorkerThread "GC Thread#9"                     [id=29640, stack(0x0000006645600000,0x0000006645700000) (1024K)]
  0x0000019336b5b690 WorkerThread "GC Thread#10"                    [id=29644, stack(0x0000006645700000,0x0000006645800000) (1024K)]
  0x0000019336b59cb0 WorkerThread "GC Thread#11"                    [id=29648, stack(0x0000006645800000,0x0000006645900000) (1024K)]
  0x0000019336b5c7d0 WorkerThread "GC Thread#12"                    [id=29652, stack(0x0000006645900000,0x0000006645a00000) (1024K)]
  0x0000019336b5bf30 WorkerThread "GC Thread#13"                    [id=29656, stack(0x0000006645a00000,0x0000006645b00000) (1024K)]
  0x0000019336b5dd60 WorkerThread "GC Thread#14"                    [id=28564, stack(0x0000006646700000,0x0000006646800000) (1024K)]
  0x00000193197cf270 ConcurrentGCThread "G1 Main Marker"            [id=29492, stack(0x0000006643400000,0x0000006643500000) (1024K)]
  0x00000193197cfe10 WorkerThread "G1 Conc#0"                       [id=29496, stack(0x0000006643500000,0x0000006643600000) (1024K)]
  0x0000019336b5a100 WorkerThread "G1 Conc#1"                       [id=29660, stack(0x0000006645b00000,0x0000006645c00000) (1024K)]
  0x0000019336b5c380 WorkerThread "G1 Conc#2"                       [id=29664, stack(0x0000006645c00000,0x0000006645d00000) (1024K)]
  0x0000019336b58fc0 WorkerThread "G1 Conc#3"                       [id=29668, stack(0x0000006645d00000,0x0000006645e00000) (1024K)]
  0x0000019330ce3080 ConcurrentGCThread "G1 Refine#0"               [id=29500, stack(0x0000006643600000,0x0000006643700000) (1024K)]
  0x0000019330ce3890 ConcurrentGCThread "G1 Service"                [id=29504, stack(0x0000006643700000,0x0000006643800000) (1024K)]
Total: 24

Threads with active compile tasks:
C2 CompilerThread1  32972 16723 %     4       org.objectweb.asm.ClassWriter::toByteArray @ 17 (1535 bytes)
Total: 1

VM state: not at safepoint (normal execution)

VM Mutex/Monitor currently owned by a thread: None

Heap address: 0x00000000c0000000, size: 1024 MB, Compressed Oops mode: 32-bit

CDS archive(s) not mapped
Compressed class space mapped at: 0x000000002b000000-0x000000006b000000, reserved size: 1073741824
UseCompressedClassPointers 1, UseCompactObjectHeaders 0
Narrow klass pointer bits 32, Max shift 3
Narrow klass base: 0x0000000000000000, Narrow klass shift: 0
Encoding Range: [0x0000000000000000 - 0x0000000100000000), (4294967296 bytes)
Klass Range:    [0x000000002b000000 - 0x000000006b000000), (1073741824 bytes)
Klass ID Range:  [721420288 - 1795162105) (1073741817)
No protection zone.

GC Precious Log:
 CardTable entry size: 512
 Card Set container configuration: InlinePtr #cards 5 size 8 Array Of Cards #cards 10 size 36 Howl #buckets 4 coarsen threshold 1843 Howl Bitmap #cards 512 size 80 coarsen threshold 460 Card regions per heap region 1 cards per card region 2048
 CPUs: 20 total, 20 available
 Memory: 15991M
 Large Page Support: Disabled
 NUMA Support: Disabled
 Compressed Oops: Enabled (32-bit)
 Heap Region Size: 1M
 Heap Min Capacity: 8M
 Heap Initial Capacity: 250M
 Heap Max Capacity: 1G
 Pre-touch: Disabled
 Parallel Workers: 15
 Concurrent Workers: 4
 Concurrent Refinement Workers: 15
 Periodic GC: Disabled

Heap:
 garbage-first heap   total reserved 1048576K, committed 234496K, used 213995K [0x00000000c0000000, 0x0000000100000000)
  region size 1024K, 71 young (72704K), 3 survivors (3072K)

Heap Regions: E=young(eden), S=young(survivor), O=old, HS=humongous(starts), HC=humongous(continues), CS=collection set, F=free, TAMS=top-at-mark-start, PB=parsable bottom
|   0|0x00000000c0000000, 0x00000000c0100000, 0x00000000c0100000|100%|HS|  |TAMS 0x00000000c0000000| PB 0x00000000c0000000| Complete |  0
|   1|0x00000000c0100000, 0x00000000c0200000, 0x00000000c0200000|100%|HC|  |TAMS 0x00000000c0100000| PB 0x00000000c0100000| Complete |  0
|   2|0x00000000c0200000, 0x00000000c0300000, 0x00000000c0300000|100%|HC|  |TAMS 0x00000000c0200000| PB 0x00000000c0200000| Complete |  0
|   3|0x00000000c0300000, 0x00000000c0400000, 0x00000000c0400000|100%|HC|  |TAMS 0x00000000c0300000| PB 0x00000000c0300000| Complete |  0
|   4|0x00000000c0400000, 0x00000000c0500000, 0x00000000c0500000|100%| O|  |TAMS 0x00000000c0400000| PB 0x00000000c0400000| Untracked |  0
|   5|0x00000000c0500000, 0x00000000c0600000, 0x00000000c0600000|100%| O|  |TAMS 0x00000000c0500000| PB 0x00000000c0500000| Untracked |  0
|   6|0x00000000c0600000, 0x00000000c0700000, 0x00000000c0700000|100%| O|  |TAMS 0x00000000c0600000| PB 0x00000000c0600000| Untracked |  0
|   7|0x00000000c0700000, 0x00000000c0800000, 0x00000000c0800000|100%|HS|  |TAMS 0x00000000c0700000| PB 0x00000000c0700000| Complete |  0
|   8|0x00000000c0800000, 0x00000000c0900000, 0x00000000c0900000|100%| O|  |TAMS 0x00000000c0800000| PB 0x00000000c0800000| Untracked |  0
|   9|0x00000000c0900000, 0x00000000c0a00000, 0x00000000c0a00000|100%| O|  |TAMS 0x00000000c0900000| PB 0x00000000c0900000| Untracked |  0
|  10|0x00000000c0a00000, 0x00000000c0b00000, 0x00000000c0b00000|100%| O|  |TAMS 0x00000000c0a00000| PB 0x00000000c0a00000| Untracked |  0
|  11|0x00000000c0b00000, 0x00000000c0c00000, 0x00000000c0c00000|100%| O|  |TAMS 0x00000000c0b00000| PB 0x00000000c0b00000| Untracked |  0
|  12|0x00000000c0c00000, 0x00000000c0d00000, 0x00000000c0d00000|100%| O|  |TAMS 0x00000000c0c00000| PB 0x00000000c0c00000| Untracked |  0
|  13|0x00000000c0d00000, 0x00000000c0e00000, 0x00000000c0e00000|100%| O|  |TAMS 0x00000000c0d00000| PB 0x00000000c0d00000| Untracked |  0
|  14|0x00000000c0e00000, 0x00000000c0f00000, 0x00000000c0f00000|100%| O|  |TAMS 0x00000000c0e00000| PB 0x00000000c0e00000| Untracked |  0
|  15|0x00000000c0f00000, 0x00000000c1000000, 0x00000000c1000000|100%| O|  |TAMS 0x00000000c0f00000| PB 0x00000000c0f00000| Untracked |  0
|  16|0x00000000c1000000, 0x00000000c1100000, 0x00000000c1100000|100%| O|  |TAMS 0x00000000c1000000| PB 0x00000000c1000000| Untracked |  0
|  17|0x00000000c1100000, 0x00000000c1200000, 0x00000000c1200000|100%|HS|  |TAMS 0x00000000c1100000| PB 0x00000000c1100000| Complete |  0
|  18|0x00000000c1200000, 0x00000000c1300000, 0x00000000c1300000|100%|HC|  |TAMS 0x00000000c1200000| PB 0x00000000c1200000| Complete |  0
|  19|0x00000000c1300000, 0x00000000c1400000, 0x00000000c1400000|100%|HC|  |TAMS 0x00000000c1300000| PB 0x00000000c1300000| Complete |  0
|  20|0x00000000c1400000, 0x00000000c1500000, 0x00000000c1500000|100%|HC|  |TAMS 0x00000000c1400000| PB 0x00000000c1400000| Complete |  0
|  21|0x00000000c1500000, 0x00000000c1600000, 0x00000000c1600000|100%|HC|  |TAMS 0x00000000c1500000| PB 0x00000000c1500000| Complete |  0
|  22|0x00000000c1600000, 0x00000000c1700000, 0x00000000c1700000|100%|HC|  |TAMS 0x00000000c1600000| PB 0x00000000c1600000| Complete |  0
|  23|0x00000000c1700000, 0x00000000c1800000, 0x00000000c1800000|100%|HS|  |TAMS 0x00000000c1700000| PB 0x00000000c1700000| Complete |  0
|  24|0x00000000c1800000, 0x00000000c1900000, 0x00000000c1900000|100%|HS|  |TAMS 0x00000000c1800000| PB 0x00000000c1800000| Complete |  0
|  25|0x00000000c1900000, 0x00000000c1a00000, 0x00000000c1a00000|100%|HS|  |TAMS 0x00000000c1900000| PB 0x00000000c1900000| Complete |  0
|  26|0x00000000c1a00000, 0x00000000c1b00000, 0x00000000c1b00000|100%|HC|  |TAMS 0x00000000c1a00000| PB 0x00000000c1a00000| Complete |  0
|  27|0x00000000c1b00000, 0x00000000c1c00000, 0x00000000c1c00000|100%|HC|  |TAMS 0x00000000c1b00000| PB 0x00000000c1b00000| Complete |  0
|  28|0x00000000c1c00000, 0x00000000c1d00000, 0x00000000c1d00000|100%|HC|  |TAMS 0x00000000c1c00000| PB 0x00000000c1c00000| Complete |  0
|  29|0x00000000c1d00000, 0x00000000c1e00000, 0x00000000c1e00000|100%|HC|  |TAMS 0x00000000c1d00000| PB 0x00000000c1d00000| Complete |  0
|  30|0x00000000c1e00000, 0x00000000c1f00000, 0x00000000c1f00000|100%|HC|  |TAMS 0x00000000c1e00000| PB 0x00000000c1e00000| Complete |  0
|  31|0x00000000c1f00000, 0x00000000c2000000, 0x00000000c2000000|100%|HS|  |TAMS 0x00000000c1f00000| PB 0x00000000c1f00000| Complete |  0
|  32|0x00000000c2000000, 0x00000000c2100000, 0x00000000c2100000|100%|HS|  |TAMS 0x00000000c2000000| PB 0x00000000c2000000| Complete |  0
|  33|0x00000000c2100000, 0x00000000c2200000, 0x00000000c2200000|100%| O|  |TAMS 0x00000000c2100000| PB 0x00000000c2100000| Untracked |  0
|  34|0x00000000c2200000, 0x00000000c2300000, 0x00000000c2300000|100%| O|  |TAMS 0x00000000c2200000| PB 0x00000000c2200000| Untracked |  0
|  35|0x00000000c2300000, 0x00000000c2400000, 0x00000000c2400000|100%| O|  |TAMS 0x00000000c2300000| PB 0x00000000c2300000| Untracked |  0
|  36|0x00000000c2400000, 0x00000000c2500000, 0x00000000c2500000|100%| O|Cm|TAMS 0x00000000c2400000| PB 0x00000000c2400000| Complete |  0
|  37|0x00000000c2500000, 0x00000000c2600000, 0x00000000c2600000|100%| O|  |TAMS 0x00000000c2500000| PB 0x00000000c2500000| Untracked |  0
|  38|0x00000000c2600000, 0x00000000c2700000, 0x00000000c2700000|100%| O|  |TAMS 0x00000000c2600000| PB 0x00000000c2600000| Untracked |  0
|  39|0x00000000c2700000, 0x00000000c2800000, 0x00000000c2800000|100%| O|  |TAMS 0x00000000c2700000| PB 0x00000000c2700000| Untracked |  0
|  40|0x00000000c2800000, 0x00000000c2900000, 0x00000000c2900000|100%| O|  |TAMS 0x00000000c2800000| PB 0x00000000c2800000| Untracked |  0
|  41|0x00000000c2900000, 0x00000000c2a00000, 0x00000000c2a00000|100%| O|  |TAMS 0x00000000c2900000| PB 0x00000000c2900000| Untracked |  0
|  42|0x00000000c2a00000, 0x00000000c2b00000, 0x00000000c2b00000|100%| O|  |TAMS 0x00000000c2a00000| PB 0x00000000c2a00000| Untracked |  0
|  43|0x00000000c2b00000, 0x00000000c2c00000, 0x00000000c2c00000|100%| O|  |TAMS 0x00000000c2b00000| PB 0x00000000c2b00000| Untracked |  0
|  44|0x00000000c2c00000, 0x00000000c2d00000, 0x00000000c2d00000|100%| O|  |TAMS 0x00000000c2c00000| PB 0x00000000c2c00000| Untracked |  0
|  45|0x00000000c2d00000, 0x00000000c2e00000, 0x00000000c2e00000|100%| O|  |TAMS 0x00000000c2d00000| PB 0x00000000c2d00000| Untracked |  0
|  46|0x00000000c2e00000, 0x00000000c2f00000, 0x00000000c2f00000|100%| O|  |TAMS 0x00000000c2e00000| PB 0x00000000c2e00000| Untracked |  0
|  47|0x00000000c2f00000, 0x00000000c3000000, 0x00000000c3000000|100%| O|Cm|TAMS 0x00000000c2f00000| PB 0x00000000c2f00000| Complete |  0
|  48|0x00000000c3000000, 0x00000000c3100000, 0x00000000c3100000|100%| O|  |TAMS 0x00000000c3000000| PB 0x00000000c3000000| Untracked |  0
|  49|0x00000000c3100000, 0x00000000c3200000, 0x00000000c3200000|100%| O|  |TAMS 0x00000000c3100000| PB 0x00000000c3100000| Untracked |  0
|  50|0x00000000c3200000, 0x00000000c3300000, 0x00000000c3300000|100%| O|  |TAMS 0x00000000c3200000| PB 0x00000000c3200000| Untracked |  0
|  51|0x00000000c3300000, 0x00000000c3400000, 0x00000000c3400000|100%| O|  |TAMS 0x00000000c3300000| PB 0x00000000c3300000| Untracked |  0
|  52|0x00000000c3400000, 0x00000000c3500000, 0x00000000c3500000|100%| O|  |TAMS 0x00000000c3400000| PB 0x00000000c3400000| Untracked |  0
|  53|0x00000000c3500000, 0x00000000c3600000, 0x00000000c3600000|100%| O|Cm|TAMS 0x00000000c3500000| PB 0x00000000c3500000| Complete |  0
|  54|0x00000000c3600000, 0x00000000c3700000, 0x00000000c3700000|100%| O|  |TAMS 0x00000000c3600000| PB 0x00000000c3600000| Untracked |  0
|  55|0x00000000c3700000, 0x00000000c3800000, 0x00000000c3800000|100%| O|  |TAMS 0x00000000c3700000| PB 0x00000000c3700000| Untracked |  0
|  56|0x00000000c3800000, 0x00000000c3900000, 0x00000000c3900000|100%| O|  |TAMS 0x00000000c3800000| PB 0x00000000c3800000| Untracked |  0
|  57|0x00000000c3900000, 0x00000000c3a00000, 0x00000000c3a00000|100%| O|  |TAMS 0x00000000c3900000| PB 0x00000000c3900000| Untracked |  0
|  58|0x00000000c3a00000, 0x00000000c3b00000, 0x00000000c3b00000|100%| O|  |TAMS 0x00000000c3a00000| PB 0x00000000c3a00000| Untracked |  0
|  59|0x00000000c3b00000, 0x00000000c3c00000, 0x00000000c3c00000|100%| O|  |TAMS 0x00000000c3b00000| PB 0x00000000c3b00000| Untracked |  0
|  60|0x00000000c3c00000, 0x00000000c3d00000, 0x00000000c3d00000|100%|HS|  |TAMS 0x00000000c3c00000| PB 0x00000000c3c00000| Complete |  0
|  61|0x00000000c3d00000, 0x00000000c3e00000, 0x00000000c3e00000|100%|HS|  |TAMS 0x00000000c3d00000| PB 0x00000000c3d00000| Complete |  0
|  62|0x00000000c3e00000, 0x00000000c3f00000, 0x00000000c3f00000|100%|HS|  |TAMS 0x00000000c3e00000| PB 0x00000000c3e00000| Complete |  0
|  63|0x00000000c3f00000, 0x00000000c4000000, 0x00000000c4000000|100%|HS|  |TAMS 0x00000000c3f00000| PB 0x00000000c3f00000| Complete |  0
|  64|0x00000000c4000000, 0x00000000c4100000, 0x00000000c4100000|100%|HS|  |TAMS 0x00000000c4000000| PB 0x00000000c4000000| Complete |  0
|  65|0x00000000c4100000, 0x00000000c4200000, 0x00000000c4200000|100%| O|  |TAMS 0x00000000c4100000| PB 0x00000000c4100000| Untracked |  0
|  66|0x00000000c4200000, 0x00000000c4300000, 0x00000000c4300000|100%| O|  |TAMS 0x00000000c4200000| PB 0x00000000c4200000| Untracked |  0
|  67|0x00000000c4300000, 0x00000000c4400000, 0x00000000c4400000|100%|HS|  |TAMS 0x00000000c4300000| PB 0x00000000c4300000| Complete |  0
|  68|0x00000000c4400000, 0x00000000c4500000, 0x00000000c4500000|100%|HC|  |TAMS 0x00000000c4400000| PB 0x00000000c4400000| Complete |  0
|  69|0x00000000c4500000, 0x00000000c4600000, 0x00000000c4600000|100%|HS|  |TAMS 0x00000000c4500000| PB 0x00000000c4500000| Complete |  0
|  70|0x00000000c4600000, 0x00000000c4700000, 0x00000000c4700000|100%| O|  |TAMS 0x00000000c4600000| PB 0x00000000c4600000| Untracked |  0
|  71|0x00000000c4700000, 0x00000000c4800000, 0x00000000c4800000|100%| O|  |TAMS 0x00000000c4700000| PB 0x00000000c4700000| Untracked |  0
|  72|0x00000000c4800000, 0x00000000c4900000, 0x00000000c4900000|100%| O|  |TAMS 0x00000000c4800000| PB 0x00000000c4800000| Untracked |  0
|  73|0x00000000c4900000, 0x00000000c4a00000, 0x00000000c4a00000|100%| O|  |TAMS 0x00000000c4900000| PB 0x00000000c4900000| Untracked |  0
|  74|0x00000000c4a00000, 0x00000000c4b00000, 0x00000000c4b00000|100%| O|  |TAMS 0x00000000c4a00000| PB 0x00000000c4a00000| Untracked |  0
|  75|0x00000000c4b00000, 0x00000000c4c00000, 0x00000000c4c00000|100%|HS|  |TAMS 0x00000000c4b00000| PB 0x00000000c4b00000| Complete |  0
|  76|0x00000000c4c00000, 0x00000000c4d00000, 0x00000000c4d00000|100%|HS|  |TAMS 0x00000000c4c00000| PB 0x00000000c4c00000| Complete |  0
|  77|0x00000000c4d00000, 0x00000000c4e00000, 0x00000000c4e00000|100%|HS|  |TAMS 0x00000000c4d00000| PB 0x00000000c4d00000| Complete |  0
|  78|0x00000000c4e00000, 0x00000000c4f00000, 0x00000000c4f00000|100%|HC|  |TAMS 0x00000000c4e00000| PB 0x00000000c4e00000| Complete |  0
|  79|0x00000000c4f00000, 0x00000000c5000000, 0x00000000c5000000|100%| O|  |TAMS 0x00000000c4f00000| PB 0x00000000c4f00000| Untracked |  0
|  80|0x00000000c5000000, 0x00000000c5100000, 0x00000000c5100000|100%| O|  |TAMS 0x00000000c5000000| PB 0x00000000c5000000| Untracked |  0
|  81|0x00000000c5100000, 0x00000000c5200000, 0x00000000c5200000|100%| O|  |TAMS 0x00000000c5100000| PB 0x00000000c5100000| Untracked |  0
|  82|0x00000000c5200000, 0x00000000c5300000, 0x00000000c5300000|100%| O|  |TAMS 0x00000000c5200000| PB 0x00000000c5200000| Untracked |  0
|  83|0x00000000c5300000, 0x00000000c5400000, 0x00000000c5400000|100%| O|  |TAMS 0x00000000c5300000| PB 0x00000000c5300000| Untracked |  0
|  84|0x00000000c5400000, 0x00000000c5500000, 0x00000000c5500000|100%| O|  |TAMS 0x00000000c5400000| PB 0x00000000c5400000| Untracked |  0
|  85|0x00000000c5500000, 0x00000000c5600000, 0x00000000c5600000|100%|HS|  |TAMS 0x00000000c5500000| PB 0x00000000c5500000| Complete |  0
|  86|0x00000000c5600000, 0x00000000c5700000, 0x00000000c5700000|100%| O|  |TAMS 0x00000000c5600000| PB 0x00000000c5600000| Untracked |  0
|  87|0x00000000c5700000, 0x00000000c5800000, 0x00000000c5800000|100%| O|  |TAMS 0x00000000c5700000| PB 0x00000000c5700000| Untracked |  0
|  88|0x00000000c5800000, 0x00000000c5900000, 0x00000000c5900000|100%| O|  |TAMS 0x00000000c5800000| PB 0x00000000c5800000| Untracked |  0
|  89|0x00000000c5900000, 0x00000000c5a00000, 0x00000000c5a00000|100%| O|  |TAMS 0x00000000c5900000| PB 0x00000000c5900000| Untracked |  0
|  90|0x00000000c5a00000, 0x00000000c5b00000, 0x00000000c5b00000|100%| O|  |TAMS 0x00000000c5a00000| PB 0x00000000c5a00000| Untracked |  0
|  91|0x00000000c5b00000, 0x00000000c5c00000, 0x00000000c5c00000|100%| O|  |TAMS 0x00000000c5b00000| PB 0x00000000c5b00000| Untracked |  0
|  92|0x00000000c5c00000, 0x00000000c5d00000, 0x00000000c5d00000|100%| O|  |TAMS 0x00000000c5c00000| PB 0x00000000c5c00000| Untracked |  0
|  93|0x00000000c5d00000, 0x00000000c5e00000, 0x00000000c5e00000|100%| O|  |TAMS 0x00000000c5d00000| PB 0x00000000c5d00000| Untracked |  0
|  94|0x00000000c5e00000, 0x00000000c5f00000, 0x00000000c5f00000|100%| O|  |TAMS 0x00000000c5e00000| PB 0x00000000c5e00000| Untracked |  0
|  95|0x00000000c5f00000, 0x00000000c6000000, 0x00000000c6000000|100%| O|  |TAMS 0x00000000c5f00000| PB 0x00000000c5f00000| Untracked |  0
|  96|0x00000000c6000000, 0x00000000c6100000, 0x00000000c6100000|100%| O|  |TAMS 0x00000000c6000000| PB 0x00000000c6000000| Untracked |  0
|  97|0x00000000c6100000, 0x00000000c6200000, 0x00000000c6200000|100%| O|  |TAMS 0x00000000c6100000| PB 0x00000000c6100000| Untracked |  0
|  98|0x00000000c6200000, 0x00000000c6300000, 0x00000000c6300000|100%| O|  |TAMS 0x00000000c6200000| PB 0x00000000c6200000| Untracked |  0
|  99|0x00000000c6300000, 0x00000000c6400000, 0x00000000c6400000|100%| O|  |TAMS 0x00000000c6300000| PB 0x00000000c6300000| Untracked |  0
| 100|0x00000000c6400000, 0x00000000c6500000, 0x00000000c6500000|100%| O|  |TAMS 0x00000000c6400000| PB 0x00000000c6400000| Untracked |  0
| 101|0x00000000c6500000, 0x00000000c6600000, 0x00000000c6600000|100%| O|  |TAMS 0x00000000c6500000| PB 0x00000000c6500000| Untracked |  0
| 102|0x00000000c6600000, 0x00000000c6700000, 0x00000000c6700000|100%| O|  |TAMS 0x00000000c6600000| PB 0x00000000c6600000| Untracked |  0
| 103|0x00000000c6700000, 0x00000000c6800000, 0x00000000c6800000|100%| O|  |TAMS 0x00000000c6700000| PB 0x00000000c6700000| Untracked |  0
| 104|0x00000000c6800000, 0x00000000c6900000, 0x00000000c6900000|100%| O|  |TAMS 0x00000000c6800000| PB 0x00000000c6800000| Untracked |  0
| 105|0x00000000c6900000, 0x00000000c6a00000, 0x00000000c6a00000|100%|HS|  |TAMS 0x00000000c6900000| PB 0x00000000c6900000| Complete |  0
| 106|0x00000000c6a00000, 0x00000000c6b00000, 0x00000000c6b00000|100%| O|  |TAMS 0x00000000c6a00000| PB 0x00000000c6a00000| Untracked |  0
| 107|0x00000000c6b00000, 0x00000000c6c00000, 0x00000000c6c00000|100%| O|  |TAMS 0x00000000c6b00000| PB 0x00000000c6b00000| Untracked |  0
| 108|0x00000000c6c00000, 0x00000000c6d00000, 0x00000000c6d00000|100%| O|  |TAMS 0x00000000c6c00000| PB 0x00000000c6c00000| Untracked |  0
| 109|0x00000000c6d00000, 0x00000000c6e00000, 0x00000000c6e00000|100%| O|  |TAMS 0x00000000c6d00000| PB 0x00000000c6d00000| Untracked |  0
| 110|0x00000000c6e00000, 0x00000000c6f00000, 0x00000000c6f00000|100%| O|  |TAMS 0x00000000c6e00000| PB 0x00000000c6e00000| Untracked |  0
| 111|0x00000000c6f00000, 0x00000000c7000000, 0x00000000c7000000|100%| O|  |TAMS 0x00000000c6f00000| PB 0x00000000c6f00000| Untracked |  0
| 112|0x00000000c7000000, 0x00000000c7100000, 0x00000000c7100000|100%| O|  |TAMS 0x00000000c7000000| PB 0x00000000c7000000| Untracked |  0
| 113|0x00000000c7100000, 0x00000000c7200000, 0x00000000c7200000|100%| O|  |TAMS 0x00000000c7100000| PB 0x00000000c7100000| Untracked |  0
| 114|0x00000000c7200000, 0x00000000c7300000, 0x00000000c7300000|100%| O|  |TAMS 0x00000000c7200000| PB 0x00000000c7200000| Untracked |  0
| 115|0x00000000c7300000, 0x00000000c7400000, 0x00000000c7400000|100%| O|  |TAMS 0x00000000c7300000| PB 0x00000000c7300000| Untracked |  0
| 116|0x00000000c7400000, 0x00000000c74b6d80, 0x00000000c7500000| 71%| O|  |TAMS 0x00000000c7400000| PB 0x00000000c7400000| Untracked |  0
| 117|0x00000000c7500000, 0x00000000c7600000, 0x00000000c7600000|100%|HS|  |TAMS 0x00000000c7500000| PB 0x00000000c7500000| Complete |  0
| 118|0x00000000c7600000, 0x00000000c7700000, 0x00000000c7700000|100%|HS|  |TAMS 0x00000000c7600000| PB 0x00000000c7600000| Complete |  0
| 119|0x00000000c7700000, 0x00000000c7800000, 0x00000000c7800000|100%| O|  |TAMS 0x00000000c7700000| PB 0x00000000c7700000| Untracked |  0
| 120|0x00000000c7800000, 0x00000000c7900000, 0x00000000c7900000|100%| O|  |TAMS 0x00000000c7800000| PB 0x00000000c7800000| Untracked |  0
| 121|0x00000000c7900000, 0x00000000c7a00000, 0x00000000c7a00000|100%| O|  |TAMS 0x00000000c7900000| PB 0x00000000c7900000| Untracked |  0
| 122|0x00000000c7a00000, 0x00000000c7b00000, 0x00000000c7b00000|100%| O|  |TAMS 0x00000000c7a00000| PB 0x00000000c7a00000| Untracked |  0
| 123|0x00000000c7b00000, 0x00000000c7c00000, 0x00000000c7c00000|100%| O|  |TAMS 0x00000000c7b00000| PB 0x00000000c7b00000| Untracked |  0
| 124|0x00000000c7c00000, 0x00000000c7d00000, 0x00000000c7d00000|100%|HS|  |TAMS 0x00000000c7c00000| PB 0x00000000c7c00000| Complete |  0
| 125|0x00000000c7d00000, 0x00000000c7d00000, 0x00000000c7e00000|  0%| F|  |TAMS 0x00000000c7d00000| PB 0x00000000c7d00000| Untracked |  0
| 126|0x00000000c7e00000, 0x00000000c7e00000, 0x00000000c7f00000|  0%| F|  |TAMS 0x00000000c7e00000| PB 0x00000000c7e00000| Untracked |  0
| 127|0x00000000c7f00000, 0x00000000c7f00000, 0x00000000c8000000|  0%| F|  |TAMS 0x00000000c7f00000| PB 0x00000000c7f00000| Untracked |  0
| 128|0x00000000c8000000, 0x00000000c8000000, 0x00000000c8100000|  0%| F|  |TAMS 0x00000000c8000000| PB 0x00000000c8000000| Untracked |  0
| 129|0x00000000c8100000, 0x00000000c8100000, 0x00000000c8200000|  0%| F|  |TAMS 0x00000000c8100000| PB 0x00000000c8100000| Untracked |  0
| 130|0x00000000c8200000, 0x00000000c8200000, 0x00000000c8300000|  0%| F|  |TAMS 0x00000000c8200000| PB 0x00000000c8200000| Untracked |  0
| 131|0x00000000c8300000, 0x00000000c8300000, 0x00000000c8400000|  0%| F|  |TAMS 0x00000000c8300000| PB 0x00000000c8300000| Untracked |  0
| 132|0x00000000c8400000, 0x00000000c8400000, 0x00000000c8500000|  0%| F|  |TAMS 0x00000000c8400000| PB 0x00000000c8400000| Untracked |  0
| 133|0x00000000c8500000, 0x00000000c8500000, 0x00000000c8600000|  0%| F|  |TAMS 0x00000000c8500000| PB 0x00000000c8500000| Untracked |  0
| 134|0x00000000c8600000, 0x00000000c8600000, 0x00000000c8700000|  0%| F|  |TAMS 0x00000000c8600000| PB 0x00000000c8600000| Untracked |  0
| 135|0x00000000c8700000, 0x00000000c8700000, 0x00000000c8800000|  0%| F|  |TAMS 0x00000000c8700000| PB 0x00000000c8700000| Untracked |  0
| 136|0x00000000c8800000, 0x00000000c8800000, 0x00000000c8900000|  0%| F|  |TAMS 0x00000000c8800000| PB 0x00000000c8800000| Untracked |  0
| 137|0x00000000c8900000, 0x00000000c8900000, 0x00000000c8a00000|  0%| F|  |TAMS 0x00000000c8900000| PB 0x00000000c8900000| Untracked |  0
| 138|0x00000000c8a00000, 0x00000000c8a00000, 0x00000000c8b00000|  0%| F|  |TAMS 0x00000000c8a00000| PB 0x00000000c8a00000| Untracked |  0
| 139|0x00000000c8b00000, 0x00000000c8b00000, 0x00000000c8c00000|  0%| F|  |TAMS 0x00000000c8b00000| PB 0x00000000c8b00000| Untracked |  0
| 140|0x00000000c8c00000, 0x00000000c8c00000, 0x00000000c8d00000|  0%| F|  |TAMS 0x00000000c8c00000| PB 0x00000000c8c00000| Untracked |  0
| 141|0x00000000c8d00000, 0x00000000c8d00000, 0x00000000c8e00000|  0%| F|  |TAMS 0x00000000c8d00000| PB 0x00000000c8d00000| Untracked |  0
| 142|0x00000000c8e00000, 0x00000000c8e43ec0, 0x00000000c8f00000| 26%| S|CS|TAMS 0x00000000c8e00000| PB 0x00000000c8e00000| Complete |  0
| 143|0x00000000c8f00000, 0x00000000c9000000, 0x00000000c9000000|100%| S|CS|TAMS 0x00000000c8f00000| PB 0x00000000c8f00000| Complete |  0
| 144|0x00000000c9000000, 0x00000000c9100000, 0x00000000c9100000|100%| S|CS|TAMS 0x00000000c9000000| PB 0x00000000c9000000| Complete |  0
| 145|0x00000000c9100000, 0x00000000c9100000, 0x00000000c9200000|  0%| F|  |TAMS 0x00000000c9100000| PB 0x00000000c9100000| Untracked |  0
| 146|0x00000000c9200000, 0x00000000c9300000, 0x00000000c9300000|100%| E|  |TAMS 0x00000000c9200000| PB 0x00000000c9200000| Complete |  0
| 147|0x00000000c9300000, 0x00000000c9400000, 0x00000000c9400000|100%| E|CS|TAMS 0x00000000c9300000| PB 0x00000000c9300000| Complete |  0
| 148|0x00000000c9400000, 0x00000000c9500000, 0x00000000c9500000|100%| E|CS|TAMS 0x00000000c9400000| PB 0x00000000c9400000| Complete |  0
| 149|0x00000000c9500000, 0x00000000c9600000, 0x00000000c9600000|100%| E|CS|TAMS 0x00000000c9500000| PB 0x00000000c9500000| Complete |  0
| 150|0x00000000c9600000, 0x00000000c9700000, 0x00000000c9700000|100%| E|CS|TAMS 0x00000000c9600000| PB 0x00000000c9600000| Complete |  0
| 151|0x00000000c9700000, 0x00000000c9800000, 0x00000000c9800000|100%| E|CS|TAMS 0x00000000c9700000| PB 0x00000000c9700000| Complete |  0
| 152|0x00000000c9800000, 0x00000000c9900000, 0x00000000c9900000|100%| E|CS|TAMS 0x00000000c9800000| PB 0x00000000c9800000| Complete |  0
| 153|0x00000000c9900000, 0x00000000c9a00000, 0x00000000c9a00000|100%| E|CS|TAMS 0x00000000c9900000| PB 0x00000000c9900000| Complete |  0
| 154|0x00000000c9a00000, 0x00000000c9b00000, 0x00000000c9b00000|100%| E|CS|TAMS 0x00000000c9a00000| PB 0x00000000c9a00000| Complete |  0
| 155|0x00000000c9b00000, 0x00000000c9c00000, 0x00000000c9c00000|100%| E|CS|TAMS 0x00000000c9b00000| PB 0x00000000c9b00000| Complete |  0
| 156|0x00000000c9c00000, 0x00000000c9d00000, 0x00000000c9d00000|100%| E|CS|TAMS 0x00000000c9c00000| PB 0x00000000c9c00000| Complete |  0
| 157|0x00000000c9d00000, 0x00000000c9e00000, 0x00000000c9e00000|100%| E|CS|TAMS 0x00000000c9d00000| PB 0x00000000c9d00000| Complete |  0
| 158|0x00000000c9e00000, 0x00000000c9f00000, 0x00000000c9f00000|100%| E|CS|TAMS 0x00000000c9e00000| PB 0x00000000c9e00000| Complete |  0
| 159|0x00000000c9f00000, 0x00000000ca000000, 0x00000000ca000000|100%| E|CS|TAMS 0x00000000c9f00000| PB 0x00000000c9f00000| Complete |  0
| 160|0x00000000ca000000, 0x00000000ca100000, 0x00000000ca100000|100%| E|CS|TAMS 0x00000000ca000000| PB 0x00000000ca000000| Complete |  0
| 161|0x00000000ca100000, 0x00000000ca200000, 0x00000000ca200000|100%| E|CS|TAMS 0x00000000ca100000| PB 0x00000000ca100000| Complete |  0
| 162|0x00000000ca200000, 0x00000000ca300000, 0x00000000ca300000|100%| E|CS|TAMS 0x00000000ca200000| PB 0x00000000ca200000| Complete |  0
| 163|0x00000000ca300000, 0x00000000ca400000, 0x00000000ca400000|100%| E|CS|TAMS 0x00000000ca300000| PB 0x00000000ca300000| Complete |  0
| 164|0x00000000ca400000, 0x00000000ca500000, 0x00000000ca500000|100%| E|CS|TAMS 0x00000000ca400000| PB 0x00000000ca400000| Complete |  0
| 165|0x00000000ca500000, 0x00000000ca600000, 0x00000000ca600000|100%| E|CS|TAMS 0x00000000ca500000| PB 0x00000000ca500000| Complete |  0
| 166|0x00000000ca600000, 0x00000000ca700000, 0x00000000ca700000|100%| E|CS|TAMS 0x00000000ca600000| PB 0x00000000ca600000| Complete |  0
| 167|0x00000000ca700000, 0x00000000ca800000, 0x00000000ca800000|100%| E|CS|TAMS 0x00000000ca700000| PB 0x00000000ca700000| Complete |  0
| 168|0x00000000ca800000, 0x00000000ca900000, 0x00000000ca900000|100%| E|CS|TAMS 0x00000000ca800000| PB 0x00000000ca800000| Complete |  0
| 169|0x00000000ca900000, 0x00000000caa00000, 0x00000000caa00000|100%| E|CS|TAMS 0x00000000ca900000| PB 0x00000000ca900000| Complete |  0
| 170|0x00000000caa00000, 0x00000000cab00000, 0x00000000cab00000|100%| E|CS|TAMS 0x00000000caa00000| PB 0x00000000caa00000| Complete |  0
| 171|0x00000000cab00000, 0x00000000cac00000, 0x00000000cac00000|100%| E|CS|TAMS 0x00000000cab00000| PB 0x00000000cab00000| Complete |  0
| 172|0x00000000cac00000, 0x00000000cad00000, 0x00000000cad00000|100%| E|CS|TAMS 0x00000000cac00000| PB 0x00000000cac00000| Complete |  0
| 173|0x00000000cad00000, 0x00000000cae00000, 0x00000000cae00000|100%| E|CS|TAMS 0x00000000cad00000| PB 0x00000000cad00000| Complete |  0
| 174|0x00000000cae00000, 0x00000000caf00000, 0x00000000caf00000|100%| E|CS|TAMS 0x00000000cae00000| PB 0x00000000cae00000| Complete |  0
| 175|0x00000000caf00000, 0x00000000cb000000, 0x00000000cb000000|100%| E|CS|TAMS 0x00000000caf00000| PB 0x00000000caf00000| Complete |  0
| 176|0x00000000cb000000, 0x00000000cb100000, 0x00000000cb100000|100%| E|CS|TAMS 0x00000000cb000000| PB 0x00000000cb000000| Complete |  0
| 177|0x00000000cb100000, 0x00000000cb200000, 0x00000000cb200000|100%| E|CS|TAMS 0x00000000cb100000| PB 0x00000000cb100000| Complete |  0
| 178|0x00000000cb200000, 0x00000000cb300000, 0x00000000cb300000|100%| E|CS|TAMS 0x00000000cb200000| PB 0x00000000cb200000| Complete |  0
| 179|0x00000000cb300000, 0x00000000cb400000, 0x00000000cb400000|100%| E|CS|TAMS 0x00000000cb300000| PB 0x00000000cb300000| Complete |  0
| 180|0x00000000cb400000, 0x00000000cb500000, 0x00000000cb500000|100%| E|CS|TAMS 0x00000000cb400000| PB 0x00000000cb400000| Complete |  0
| 181|0x00000000cb500000, 0x00000000cb600000, 0x00000000cb600000|100%| E|CS|TAMS 0x00000000cb500000| PB 0x00000000cb500000| Complete |  0
| 182|0x00000000cb600000, 0x00000000cb700000, 0x00000000cb700000|100%| E|CS|TAMS 0x00000000cb600000| PB 0x00000000cb600000| Complete |  0
| 183|0x00000000cb700000, 0x00000000cb800000, 0x00000000cb800000|100%| E|CS|TAMS 0x00000000cb700000| PB 0x00000000cb700000| Complete |  0
| 184|0x00000000cb800000, 0x00000000cb900000, 0x00000000cb900000|100%| E|CS|TAMS 0x00000000cb800000| PB 0x00000000cb800000| Complete |  0
| 185|0x00000000cb900000, 0x00000000cba00000, 0x00000000cba00000|100%| E|CS|TAMS 0x00000000cb900000| PB 0x00000000cb900000| Complete |  0
| 186|0x00000000cba00000, 0x00000000cbb00000, 0x00000000cbb00000|100%| E|CS|TAMS 0x00000000cba00000| PB 0x00000000cba00000| Complete |  0
| 187|0x00000000cbb00000, 0x00000000cbc00000, 0x00000000cbc00000|100%| E|CS|TAMS 0x00000000cbb00000| PB 0x00000000cbb00000| Complete |  0
| 188|0x00000000cbc00000, 0x00000000cbd00000, 0x00000000cbd00000|100%| E|CS|TAMS 0x00000000cbc00000| PB 0x00000000cbc00000| Complete |  0
| 189|0x00000000cbd00000, 0x00000000cbe00000, 0x00000000cbe00000|100%| E|CS|TAMS 0x00000000cbd00000| PB 0x00000000cbd00000| Complete |  0
| 190|0x00000000cbe00000, 0x00000000cbf00000, 0x00000000cbf00000|100%| E|CS|TAMS 0x00000000cbe00000| PB 0x00000000cbe00000| Complete |  0
| 191|0x00000000cbf00000, 0x00000000cc000000, 0x00000000cc000000|100%| E|CS|TAMS 0x00000000cbf00000| PB 0x00000000cbf00000| Complete |  0
| 192|0x00000000cc000000, 0x00000000cc100000, 0x00000000cc100000|100%| E|CS|TAMS 0x00000000cc000000| PB 0x00000000cc000000| Complete |  0
| 193|0x00000000cc100000, 0x00000000cc200000, 0x00000000cc200000|100%| E|CS|TAMS 0x00000000cc100000| PB 0x00000000cc100000| Complete |  0
| 194|0x00000000cc200000, 0x00000000cc300000, 0x00000000cc300000|100%| E|CS|TAMS 0x00000000cc200000| PB 0x00000000cc200000| Complete |  0
| 195|0x00000000cc300000, 0x00000000cc400000, 0x00000000cc400000|100%| E|CS|TAMS 0x00000000cc300000| PB 0x00000000cc300000| Complete |  0
| 196|0x00000000cc400000, 0x00000000cc500000, 0x00000000cc500000|100%| E|CS|TAMS 0x00000000cc400000| PB 0x00000000cc400000| Complete |  0
| 197|0x00000000cc500000, 0x00000000cc600000, 0x00000000cc600000|100%| E|CS|TAMS 0x00000000cc500000| PB 0x00000000cc500000| Complete |  0
| 198|0x00000000cc600000, 0x00000000cc700000, 0x00000000cc700000|100%| E|CS|TAMS 0x00000000cc600000| PB 0x00000000cc600000| Complete |  0
| 199|0x00000000cc700000, 0x00000000cc800000, 0x00000000cc800000|100%| E|CS|TAMS 0x00000000cc700000| PB 0x00000000cc700000| Complete |  0
| 200|0x00000000cc800000, 0x00000000cc900000, 0x00000000cc900000|100%| E|CS|TAMS 0x00000000cc800000| PB 0x00000000cc800000| Complete |  0
| 201|0x00000000cc900000, 0x00000000cca00000, 0x00000000cca00000|100%| E|CS|TAMS 0x00000000cc900000| PB 0x00000000cc900000| Complete |  0
| 202|0x00000000cca00000, 0x00000000ccb00000, 0x00000000ccb00000|100%| E|CS|TAMS 0x00000000cca00000| PB 0x00000000cca00000| Complete |  0
| 203|0x00000000ccb00000, 0x00000000ccc00000, 0x00000000ccc00000|100%| E|CS|TAMS 0x00000000ccb00000| PB 0x00000000ccb00000| Complete |  0
| 204|0x00000000ccc00000, 0x00000000ccd00000, 0x00000000ccd00000|100%| E|CS|TAMS 0x00000000ccc00000| PB 0x00000000ccc00000| Complete |  0
| 205|0x00000000ccd00000, 0x00000000cce00000, 0x00000000cce00000|100%| E|CS|TAMS 0x00000000ccd00000| PB 0x00000000ccd00000| Complete |  0
| 206|0x00000000cce00000, 0x00000000ccf00000, 0x00000000ccf00000|100%| E|CS|TAMS 0x00000000cce00000| PB 0x00000000cce00000| Complete |  0
| 207|0x00000000ccf00000, 0x00000000cd000000, 0x00000000cd000000|100%| E|CS|TAMS 0x00000000ccf00000| PB 0x00000000ccf00000| Complete |  0
| 208|0x00000000cd000000, 0x00000000cd100000, 0x00000000cd100000|100%| E|CS|TAMS 0x00000000cd000000| PB 0x00000000cd000000| Complete |  0
| 209|0x00000000cd100000, 0x00000000cd200000, 0x00000000cd200000|100%| E|CS|TAMS 0x00000000cd100000| PB 0x00000000cd100000| Complete |  0
| 210|0x00000000cd200000, 0x00000000cd300000, 0x00000000cd300000|100%| E|CS|TAMS 0x00000000cd200000| PB 0x00000000cd200000| Complete |  0
| 211|0x00000000cd300000, 0x00000000cd400000, 0x00000000cd400000|100%| E|CS|TAMS 0x00000000cd300000| PB 0x00000000cd300000| Complete |  0
| 249|0x00000000cf900000, 0x00000000cfa00000, 0x00000000cfa00000|100%| E|CS|TAMS 0x00000000cf900000| PB 0x00000000cf900000| Complete |  0
|1008|0x00000000ff000000, 0x00000000ff100000, 0x00000000ff100000|100%| O|  |TAMS 0x00000000ff000000| PB 0x00000000ff000000| Untracked |  0
|1009|0x00000000ff100000, 0x00000000ff200000, 0x00000000ff200000|100%| O|  |TAMS 0x00000000ff100000| PB 0x00000000ff100000| Untracked |  0
|1010|0x00000000ff200000, 0x00000000ff300000, 0x00000000ff300000|100%| O|  |TAMS 0x00000000ff200000| PB 0x00000000ff200000| Untracked |  0
|1011|0x00000000ff300000, 0x00000000ff400000, 0x00000000ff400000|100%| O|  |TAMS 0x00000000ff300000| PB 0x00000000ff300000| Untracked |  0
|1012|0x00000000ff400000, 0x00000000ff500000, 0x00000000ff500000|100%| O|  |TAMS 0x00000000ff400000| PB 0x00000000ff400000| Untracked |  0
|1013|0x00000000ff500000, 0x00000000ff600000, 0x00000000ff600000|100%| E|CS|TAMS 0x00000000ff500000| PB 0x00000000ff500000| Complete |  0
|1014|0x00000000ff600000, 0x00000000ff700000, 0x00000000ff700000|100%| O|  |TAMS 0x00000000ff600000| PB 0x00000000ff600000| Untracked |  0
|1015|0x00000000ff700000, 0x00000000ff800000, 0x00000000ff800000|100%| O|  |TAMS 0x00000000ff700000| PB 0x00000000ff700000| Untracked |  0
|1016|0x00000000ff800000, 0x00000000ff900000, 0x00000000ff900000|100%| O|  |TAMS 0x00000000ff800000| PB 0x00000000ff800000| Untracked |  0
|1017|0x00000000ff900000, 0x00000000ffa00000, 0x00000000ffa00000|100%| O|  |TAMS 0x00000000ff900000| PB 0x00000000ff900000| Untracked |  0
|1018|0x00000000ffa00000, 0x00000000ffb00000, 0x00000000ffb00000|100%| O|  |TAMS 0x00000000ffa00000| PB 0x00000000ffa00000| Untracked |  0
|1019|0x00000000ffb00000, 0x00000000ffc00000, 0x00000000ffc00000|100%| O|  |TAMS 0x00000000ffb00000| PB 0x00000000ffb00000| Untracked |  0
|1020|0x00000000ffc00000, 0x00000000ffd00000, 0x00000000ffd00000|100%| O|  |TAMS 0x00000000ffc00000| PB 0x00000000ffc00000| Untracked |  0
|1021|0x00000000ffd00000, 0x00000000ffe00000, 0x00000000ffe00000|100%| O|  |TAMS 0x00000000ffd00000| PB 0x00000000ffd00000| Untracked |  0
|1022|0x00000000ffe00000, 0x00000000fff00000, 0x00000000fff00000|100%| O|  |TAMS 0x00000000ffe00000| PB 0x00000000ffe00000| Untracked |  0
|1023|0x00000000fff00000, 0x0000000100000000, 0x0000000100000000|100%| O|  |TAMS 0x00000000fff00000| PB 0x00000000fff00000| Untracked |  0

Card table byte_map: [0x000001932ca30000,0x000001932cc30000] _byte_map_base: 0x000001932c430000

Marking Bits: (CMBitMap*) 0x00000193197c2930
 Bits: [0x000001932cc30000, 0x000001932dc30000)

Polling page: 0x0000019317590000

Metaspace:
Metaspace        used 151070K, committed 153280K, reserved 1245184K
 class space     used 21495K, committed 22528K, reserved 1048576K

Usage:
  Non-class:    126.54 MB used.
      Class:     20.99 MB used.
       Both:    147.53 MB used.

Virtual space:
  Non-class space:      192.00 MB reserved,     127.69 MB ( 67%) committed,  3 nodes.
      Class space:        1.00 GB reserved,      22.00 MB (  2%) committed,  1 nodes.
             Both:        1.19 GB reserved,     149.69 MB ( 12%) committed. 

Chunk freelists:
   Non-Class:  15.52 MB
       Class:  10.00 MB
        Both:  25.52 MB

MaxMetaspaceSize: unlimited
CompressedClassSpaceSize: 1.00 GB
Initial GC threshold: 21.00 MB
Current GC threshold: 228.88 MB
CDS: off
 - commit_granule_bytes: 65536.
 - commit_granule_words: 8192.
 - virtual_space_node_default_size: 8388608.
 - enlarge_chunks_in_place: 1.
UseCompressedClassPointers 1, UseCompactObjectHeaders 0
Narrow klass pointer bits 32, Max shift 3
Narrow klass base: 0x0000000000000000, Narrow klass shift: 0
Encoding Range: [0x0000000000000000 - 0x0000000100000000), (4294967296 bytes)
Klass Range:    [0x000000002b000000 - 0x000000006b000000), (1073741824 bytes)
Klass ID Range:  [721420288 - 1795162105) (1073741817)
No protection zone.


Internal statistics:

num_allocs_failed_limit: 6.
num_arena_births: 4388.
num_arena_deaths: 0.
num_vsnodes_births: 4.
num_vsnodes_deaths: 0.
num_space_committed: 2394.
num_space_uncommitted: 0.
num_chunks_returned_to_freelist: 6.
num_chunks_taken_from_freelist: 10232.
num_chunk_merges: 3.
num_chunk_splits: 7026.
num_chunks_enlarged: 4843.
num_inconsistent_stats: 0.

CodeHeap 'non-profiled nmethods': size=119168Kb used=7009Kb max_used=7009Kb free=112158Kb
 bounds [0x0000019324820000, 0x0000019324f00000, 0x000001932bc80000]
CodeHeap 'profiled nmethods': size=119168Kb used=20580Kb max_used=20580Kb free=98587Kb
 bounds [0x000001931cc70000, 0x000001931e090000, 0x00000193240d0000]
CodeHeap 'non-nmethods': size=7488Kb used=3890Kb max_used=4025Kb free=3597Kb
 bounds [0x00000193240d0000, 0x00000193244d0000, 0x0000019324820000]
CodeCache: size=245824Kb, used=31479Kb, max_used=31614Kb, free=214342Kb
 total_blobs=15153, nmethods=14117, adapters=934, full_count=0
Compilation: enabled, stopped_count=0, restarted_count=0

Compilation events (20 events):
Event: 32.915 Thread 0x0000019330e9b3b0 nmethod 16761 0x000001931e081708 code [0x000001931e081800, 0x000001931e082310]
Event: 32.915 Thread 0x0000019330e9b3b0 16764       3       sun.net.www.protocol.jar.JarURLConnection::getInputStream (91 bytes)
Event: 32.915 Thread 0x000001933b9d23e0 nmethod 16763 0x000001931e082388 code [0x000001931e082480, 0x000001931e082a48]
Event: 32.915 Thread 0x000001933b9d23e0 16766   !   3       sun.net.www.protocol.jar.JarFileFactory::getOrCreate (106 bytes)
Event: 32.915 Thread 0x000001933b9d03a0 nmethod 16762 0x000001931e082a88 code [0x000001931e082b80, 0x000001931e083160]
Event: 32.915 Thread 0x000001933b9d03a0 16767       3       sun.net.www.protocol.jar.URLJarFile::getEntry (69 bytes)
Event: 32.915 Thread 0x000001933b9d3c10 nmethod 16765 0x000001931e083188 code [0x000001931e083280, 0x000001931e0843f0]
Event: 32.915 Thread 0x000001933b9d3c10 16768       3       sun.net.www.protocol.jar.URLJarFile$URLJarFileEntry::<init> (21 bytes)
Event: 32.915 Thread 0x0000019330e9b3b0 nmethod 16764 0x000001931e084408 code [0x000001931e084500, 0x000001931e085288]
Event: 32.915 Thread 0x000001933b9d23e0 nmethod 16766 0x000001931e085308 code [0x000001931e085400, 0x000001931e085fa8]
Event: 32.916 Thread 0x000001933b9d3c10 nmethod 16768 0x000001931e086008 code [0x000001931e086100, 0x000001931e086640]
Event: 32.916 Thread 0x0000019330e9aba0 16769       4       com.google.common.cache.LocalCache$Segment::recordWrite (72 bytes)
Event: 32.916 Thread 0x000001933b9d03a0 nmethod 16767 0x000001931e086688 code [0x000001931e086780, 0x000001931e087ec0]
Event: 32.918 Thread 0x0000019330e9aba0 nmethod 16769 0x0000019324ef7088 code [0x0000019324ef7180, 0x0000019324ef77b0]
Event: 32.919 Thread 0x0000019330e9aba0 16770       4       java.util.stream.Sink$ChainedReference::<init> (16 bytes)
Event: 32.919 Thread 0x000001933b9d3c10 16771       1       org.gradle.internal.snapshot.AbstractListChildMap::isEmpty (2 bytes)
Event: 32.919 Thread 0x000001933b9d3c10 nmethod 16771 0x0000019324ef7808 code [0x0000019324ef7900, 0x0000019324ef79c8]
Event: 32.920 Thread 0x0000019330e9aba0 nmethod 16770 0x0000019324ef7b08 code [0x0000019324ef7c00, 0x0000019324ef7e08]
Event: 32.921 Thread 0x000001933b9d23e0 16772       3       java.util.Collections::reverse (125 bytes)
Event: 32.921 Thread 0x000001933b9d23e0 nmethod 16772 0x000001931e087f08 code [0x000001931e088000, 0x000001931e0889e0]

GC Heap Usage History (20 events):
Event: 10.066 {heap Before GC invocations=39 (full 0):
 garbage-first heap   total reserved 1048576K, committed 203776K, used 174026K [0x00000000c0000000, 0x0000000100000000)
  region size 1024K, 59 young (60416K), 8 survivors (8192K)
}
Event: 10.071 {heap After GC invocations=40 (full 0):
 garbage-first heap   total reserved 1048576K, committed 203776K, used 120827K [0x00000000c0000000, 0x0000000100000000)
  region size 1024K, 6 young (6144K), 6 survivors (6144K)
}
Event: 10.888 {heap Before GC invocations=40 (full 0):
 garbage-first heap   total reserved 1048576K, committed 203776K, used 189435K [0x00000000c0000000, 0x0000000100000000)
  region size 1024K, 73 young (74752K), 6 survivors (6144K)
}
Event: 10.897 {heap After GC invocations=41 (full 0):
 garbage-first heap   total reserved 1048576K, committed 203776K, used 123002K [0x00000000c0000000, 0x0000000100000000)
  region size 1024K, 5 young (5120K), 5 survivors (5120K)
}
Event: 11.035 {heap Before GC invocations=41 (full 0):
 garbage-first heap   total reserved 1048576K, committed 203776K, used 139386K [0x00000000c0000000, 0x0000000100000000)
  region size 1024K, 23 young (23552K), 5 survivors (5120K)
}
Event: 11.040 {heap After GC invocations=42 (full 0):
 garbage-first heap   total reserved 1048576K, committed 203776K, used 123547K [0x00000000c0000000, 0x0000000100000000)
  region size 1024K, 4 young (4096K), 4 survivors (4096K)
}
Event: 11.321 {heap Before GC invocations=43 (full 0):
 garbage-first heap   total reserved 1048576K, committed 211968K, used 193179K [0x00000000c0000000, 0x0000000100000000)
  region size 1024K, 70 young (71680K), 4 survivors (4096K)
}
Event: 11.323 {heap After GC invocations=44 (full 0):
 garbage-first heap   total reserved 1048576K, committed 211968K, used 129118K [0x00000000c0000000, 0x0000000100000000)
  region size 1024K, 7 young (7168K), 7 survivors (7168K)
}
Event: 11.513 {heap Before GC invocations=44 (full 0):
 garbage-first heap   total reserved 1048576K, committed 211968K, used 197726K [0x00000000c0000000, 0x0000000100000000)
  region size 1024K, 74 young (75776K), 7 survivors (7168K)
}
Event: 11.516 {heap After GC invocations=45 (full 0):
 garbage-first heap   total reserved 1048576K, committed 211968K, used 128707K [0x00000000c0000000, 0x0000000100000000)
  region size 1024K, 5 young (5120K), 5 survivors (5120K)
}
Event: 11.675 {heap Before GC invocations=45 (full 0):
 garbage-first heap   total reserved 1048576K, committed 211968K, used 198339K [0x00000000c0000000, 0x0000000100000000)
  region size 1024K, 73 young (74752K), 5 survivors (5120K)
}
Event: 11.678 {heap After GC invocations=46 (full 0):
 garbage-first heap   total reserved 1048576K, committed 211968K, used 128801K [0x00000000c0000000, 0x0000000100000000)
  region size 1024K, 5 young (5120K), 5 survivors (5120K)
}
Event: 12.014 {heap Before GC invocations=47 (full 0):
 garbage-first heap   total reserved 1048576K, committed 217088K, used 202529K [0x00000000c0000000, 0x0000000100000000)
  region size 1024K, 73 young (74752K), 5 survivors (5120K)
}
Event: 12.016 {heap After GC invocations=48 (full 0):
 garbage-first heap   total reserved 1048576K, committed 217088K, used 124174K [0x00000000c0000000, 0x0000000100000000)
  region size 1024K, 2 young (2048K), 2 survivors (2048K)
}
Event: 12.605 {heap Before GC invocations=48 (full 0):
 garbage-first heap   total reserved 1048576K, committed 217088K, used 204046K [0x00000000c0000000, 0x0000000100000000)
  region size 1024K, 80 young (81920K), 2 survivors (2048K)
}
Event: 12.609 {heap After GC invocations=49 (full 0):
 garbage-first heap   total reserved 1048576K, committed 217088K, used 131767K [0x00000000c0000000, 0x0000000100000000)
  region size 1024K, 10 young (10240K), 10 survivors (10240K)
}
Event: 32.087 {heap Before GC invocations=49 (full 0):
 garbage-first heap   total reserved 1048576K, committed 217088K, used 202423K [0x00000000c0000000, 0x0000000100000000)
  region size 1024K, 80 young (81920K), 10 survivors (10240K)
}
Event: 32.093 {heap After GC invocations=50 (full 0):
 garbage-first heap   total reserved 1048576K, committed 222208K, used 139041K [0x00000000c0000000, 0x0000000100000000)
  region size 1024K, 8 young (8192K), 8 survivors (8192K)
}
Event: 32.551 {heap Before GC invocations=51 (full 0):
 garbage-first heap   total reserved 1048576K, committed 234496K, used 207649K [0x00000000c0000000, 0x0000000100000000)
  region size 1024K, 74 young (75776K), 8 survivors (8192K)
}
Event: 32.555 {heap After GC invocations=52 (full 0):
 garbage-first heap   total reserved 1048576K, committed 234496K, used 141291K [0x00000000c0000000, 0x0000000100000000)
  region size 1024K, 3 young (3072K), 3 survivors (3072K)
}

Metaspace Usage History (20 events):
Event: 10.066 {metaspace Before GC invocations=39 (full 0):
 Metaspace       used 117942K, committed 120128K, reserved 1179648K
  class space    used 17297K, committed 18368K, reserved 1048576K
}
Event: 10.071 {metaspace After GC invocations=40 (full 0):
 Metaspace       used 117942K, committed 120128K, reserved 1179648K
  class space    used 17297K, committed 18368K, reserved 1048576K
}
Event: 10.888 {metaspace Before GC invocations=40 (full 0):
 Metaspace       used 124827K, committed 127040K, reserved 1179648K
  class space    used 18306K, committed 19328K, reserved 1048576K
}
Event: 10.897 {metaspace After GC invocations=41 (full 0):
 Metaspace       used 124827K, committed 127040K, reserved 1179648K
  class space    used 18306K, committed 19328K, reserved 1048576K
}
Event: 11.035 {metaspace Before GC invocations=41 (full 0):
 Metaspace       used 126342K, committed 128512K, reserved 1179648K
  class space    used 18561K, committed 19584K, reserved 1048576K
}
Event: 11.040 {metaspace After GC invocations=42 (full 0):
 Metaspace       used 126342K, committed 128512K, reserved 1179648K
  class space    used 18561K, committed 19584K, reserved 1048576K
}
Event: 11.321 {metaspace Before GC invocations=43 (full 0):
 Metaspace       used 126686K, committed 128896K, reserved 1179648K
  class space    used 18586K, committed 19648K, reserved 1048576K
}
Event: 11.323 {metaspace After GC invocations=44 (full 0):
 Metaspace       used 126686K, committed 128896K, reserved 1179648K
  class space    used 18586K, committed 19648K, reserved 1048576K
}
Event: 11.513 {metaspace Before GC invocations=44 (full 0):
 Metaspace       used 126728K, committed 128896K, reserved 1179648K
  class space    used 18595K, committed 19648K, reserved 1048576K
}
Event: 11.516 {metaspace After GC invocations=45 (full 0):
 Metaspace       used 126728K, committed 128896K, reserved 1179648K
  class space    used 18595K, committed 19648K, reserved 1048576K
}
Event: 11.675 {metaspace Before GC invocations=45 (full 0):
 Metaspace       used 126731K, committed 128896K, reserved 1179648K
  class space    used 18595K, committed 19648K, reserved 1048576K
}
Event: 11.678 {metaspace After GC invocations=46 (full 0):
 Metaspace       used 126731K, committed 128896K, reserved 1179648K
  class space    used 18595K, committed 19648K, reserved 1048576K
}
Event: 12.014 {metaspace Before GC invocations=47 (full 0):
 Metaspace       used 130123K, committed 132224K, reserved 1179648K
  class space    used 18865K, committed 19840K, reserved 1048576K
}
Event: 12.016 {metaspace After GC invocations=48 (full 0):
 Metaspace       used 130123K, committed 132224K, reserved 1179648K
  class space    used 18865K, committed 19840K, reserved 1048576K
}
Event: 12.605 {metaspace Before GC invocations=48 (full 0):
 Metaspace       used 135597K, committed 137792K, reserved 1179648K
  class space    used 19524K, committed 20544K, reserved 1048576K
}
Event: 12.609 {metaspace After GC invocations=49 (full 0):
 Metaspace       used 135597K, committed 137792K, reserved 1179648K
  class space    used 19524K, committed 20544K, reserved 1048576K
}
Event: 32.087 {metaspace Before GC invocations=49 (full 0):
 Metaspace       used 138381K, committed 140608K, reserved 1179648K
  class space    used 19880K, committed 20928K, reserved 1048576K
}
Event: 32.093 {metaspace After GC invocations=50 (full 0):
 Metaspace       used 138381K, committed 140608K, reserved 1179648K
  class space    used 19880K, committed 20928K, reserved 1048576K
}
Event: 32.551 {metaspace Before GC invocations=51 (full 0):
 Metaspace       used 145282K, committed 147584K, reserved 1179648K
  class space    used 20729K, committed 21824K, reserved 1048576K
}
Event: 32.555 {metaspace After GC invocations=52 (full 0):
 Metaspace       used 145282K, committed 147584K, reserved 1179648K
  class space    used 20729K, committed 21824K, reserved 1048576K
}

Dll operation events (3 events):
Event: 0.009 Loaded shared library C:\Program Files\Android\Android Studio\jbr\bin\java.dll
Event: 0.012 Loaded shared library C:\Program Files\Android\Android Studio\jbr\bin\zip.dll
Event: 0.461 Loaded shared library C:\Program Files\Android\Android Studio\jbr\bin\verify.dll

Deoptimization events (20 events):
Event: 32.460 Thread 0x000001933672e740 DEOPT PACKING pc=0x0000019324e635c4 sp=0x00000066461f2370
Event: 32.460 Thread 0x000001933672e740 DEOPT UNPACKING pc=0x00000193241e8582 sp=0x00000066461f2340 mode 2
Event: 32.460 Thread 0x000001933672e740 Uncommon trap: trap_request=0xffffff45 fr.pc=0x0000019324e56770 relative=0x0000000000000af0
Event: 32.460 Thread 0x000001933672e740 Uncommon trap: reason=unstable_if action=reinterpret pc=0x0000019324e56770 method=kotlin.reflect.jvm.internal.impl.metadata.jvm.JvmProtoBuf$JvmFieldSignature.hasName()Z @ 7 c2
Event: 32.460 Thread 0x000001933672e740 DEOPT PACKING pc=0x0000019324e56770 sp=0x00000066461f2530
Event: 32.460 Thread 0x000001933672e740 DEOPT UNPACKING pc=0x00000193241e8582 sp=0x00000066461f23d0 mode 2
Event: 32.460 Thread 0x000001933672e740 Uncommon trap: trap_request=0xffffff45 fr.pc=0x0000019324e7030c relative=0x0000000000001f0c
Event: 32.460 Thread 0x000001933672e740 Uncommon trap: reason=unstable_if action=reinterpret pc=0x0000019324e7030c method=kotlin.reflect.jvm.internal.impl.km.jvm.internal.JvmMetadataExtensions.readPropertyExtensions(Lkotlin/reflect/jvm/internal/impl/km/KmProperty;Lkotlin/reflect/jvm/internal/im
Event: 32.460 Thread 0x000001933672e740 DEOPT PACKING pc=0x0000019324e7030c sp=0x00000066461f25a0
Event: 32.460 Thread 0x000001933672e740 DEOPT UNPACKING pc=0x00000193241e8582 sp=0x00000066461f2510 mode 2
Event: 32.555 Thread 0x0000019330e7c4a0 Uncommon trap: trap_request=0xffffffc6 fr.pc=0x0000019324b3860c relative=0x0000000000000b0c
Event: 32.555 Thread 0x0000019330e7c4a0 Uncommon trap: reason=bimorphic_or_optimized_type_check action=maybe_recompile pc=0x0000019324b3860c method=jdk.internal.ref.PhantomCleanable.clean()V @ 16 c2
Event: 32.555 Thread 0x0000019330e7c4a0 DEOPT PACKING pc=0x0000019324b3860c sp=0x0000006643aff400
Event: 32.555 Thread 0x0000019330e7c4a0 DEOPT UNPACKING pc=0x00000193241e8582 sp=0x0000006643aff400 mode 2
Event: 32.611 Thread 0x000001933672e740 DEOPT PACKING pc=0x000001931ce0637b sp=0x00000066461efec0
Event: 32.611 Thread 0x000001933672e740 DEOPT UNPACKING pc=0x0000019324121702 sp=0x00000066461ef330 mode 0
Event: 32.685 Thread 0x000001933672e740 Uncommon trap: trap_request=0xffffffde fr.pc=0x0000019324d29d70 relative=0x00000000000002f0
Event: 32.685 Thread 0x000001933672e740 Uncommon trap: reason=class_check action=maybe_recompile pc=0x0000019324d29d70 method=com.google.common.collect.ComparatorOrdering.compare(Ljava/lang/Object;Ljava/lang/Object;)I @ 6 c2
Event: 32.685 Thread 0x000001933672e740 DEOPT PACKING pc=0x0000019324d29d70 sp=0x00000066461f4250
Event: 32.685 Thread 0x000001933672e740 DEOPT UNPACKING pc=0x00000193241e8582 sp=0x00000066461f41c8 mode 2

Classes loaded (20 events):
Event: 11.833 Loading class com/sun/xml/internal/stream/events/AttributeImpl done
Event: 11.833 Loading class com/sun/xml/internal/stream/events/NamespaceImpl done
Event: 11.833 Loading class com/sun/org/apache/xerces/internal/util/NamespaceSupport$Prefixes
Event: 11.833 Loading class com/sun/org/apache/xerces/internal/util/NamespaceSupport$Prefixes done
Event: 11.833 Loading class com/sun/xml/internal/stream/events/CharacterEvent
Event: 11.833 Loading class javax/xml/stream/events/Characters
Event: 11.833 Loading class javax/xml/stream/events/Characters done
Event: 11.833 Loading class com/sun/xml/internal/stream/events/CharacterEvent done
Event: 11.834 Loading class com/sun/xml/internal/stream/events/EndElementEvent
Event: 11.834 Loading class javax/xml/stream/events/EndElement
Event: 11.834 Loading class javax/xml/stream/events/EndElement done
Event: 11.834 Loading class com/sun/xml/internal/stream/events/EndElementEvent done
Event: 12.705 Loading class java/net/UrlDeserializedState
Event: 12.705 Loading class java/net/UrlDeserializedState done
Event: 12.754 Loading class java/time/Instant$1
Event: 12.755 Loading class java/time/Instant$1 done
Event: 12.780 Loading class java/util/concurrent/CompletableFuture$AsyncRun
Event: 12.780 Loading class java/util/concurrent/CompletableFuture$AsyncRun done
Event: 30.990 Loading class jdk/internal/math/FormattedFPDecimal
Event: 30.991 Loading class jdk/internal/math/FormattedFPDecimal done

Classes unloaded (0 events):
No events

Classes redefined (0 events):
No events

Internal exceptions (20 events):
Event: 32.505 Thread 0x000001933672e740 Exception <a 'java/lang/NoSuchMethodError'{0x00000000c978ae90}: static Lorg/jetbrains/kotlin/gradle/plugin/internal/DefaultCompatibilityConventionRegistrar$Factory;.<clinit>()V> (0x00000000c978ae90) 
thrown [s\src\hotspot\share\prims\jni.cpp, line 1141]
Event: 32.506 Thread 0x000001933672e740 Exception <a 'java/lang/NoSuchMethodError'{0x00000000c97a60e8}: static Lorg/jetbrains/kotlin/gradle/plugin/internal/DefaultConfigurationCacheStartParameterAccessorVariantFactory;.<clinit>()V> (0x00000000c97a60e8) 
thrown [s\src\hotspot\share\prims\jni.cpp, line 1141]
Event: 32.916 Thread 0x000001933672e740 Exception <a 'sun/nio/fs/WindowsException'{0x00000000c9549d20}> (0x00000000c9549d20) 
thrown [s\src\hotspot\share\prims\jni.cpp, line 535]
Event: 32.916 Thread 0x000001933672e740 Exception <a 'sun/nio/fs/WindowsException'{0x00000000c954e170}> (0x00000000c954e170) 
thrown [s\src\hotspot\share\prims\jni.cpp, line 535]
Event: 32.917 Thread 0x000001933672e740 Exception <a 'sun/nio/fs/WindowsException'{0x00000000c95547c0}> (0x00000000c95547c0) 
thrown [s\src\hotspot\share\prims\jni.cpp, line 535]
Event: 32.918 Thread 0x000001933672e740 Exception <a 'sun/nio/fs/WindowsException'{0x00000000c955e2d8}> (0x00000000c955e2d8) 
thrown [s\src\hotspot\share\prims\jni.cpp, line 535]
Event: 32.918 Thread 0x000001933672e740 Exception <a 'sun/nio/fs/WindowsException'{0x00000000c955fc68}> (0x00000000c955fc68) 
thrown [s\src\hotspot\share\prims\jni.cpp, line 535]
Event: 32.918 Thread 0x000001933672e740 Exception <a 'sun/nio/fs/WindowsException'{0x00000000c9563458}> (0x00000000c9563458) 
thrown [s\src\hotspot\share\prims\jni.cpp, line 535]
Event: 32.918 Thread 0x000001933672e740 Exception <a 'sun/nio/fs/WindowsException'{0x00000000c9564fe0}> (0x00000000c9564fe0) 
thrown [s\src\hotspot\share\prims\jni.cpp, line 535]
Event: 32.919 Thread 0x000001933672e740 Exception <a 'sun/nio/fs/WindowsException'{0x00000000c9569f70}> (0x00000000c9569f70) 
thrown [s\src\hotspot\share\prims\jni.cpp, line 535]
Event: 32.919 Thread 0x000001933672e740 Exception <a 'sun/nio/fs/WindowsException'{0x00000000c956be10}> (0x00000000c956be10) 
thrown [s\src\hotspot\share\prims\jni.cpp, line 535]
Event: 32.919 Thread 0x000001933672e740 Exception <a 'sun/nio/fs/WindowsException'{0x00000000c956dee8}> (0x00000000c956dee8) 
thrown [s\src\hotspot\share\prims\jni.cpp, line 535]
Event: 32.920 Thread 0x000001933672e740 Exception <a 'sun/nio/fs/WindowsException'{0x00000000c9570258}> (0x00000000c9570258) 
thrown [s\src\hotspot\share\prims\jni.cpp, line 535]
Event: 32.920 Thread 0x000001933672e740 Exception <a 'sun/nio/fs/WindowsException'{0x00000000c95731e0}> (0x00000000c95731e0) 
thrown [s\src\hotspot\share\prims\jni.cpp, line 535]
Event: 32.920 Thread 0x000001933672e740 Exception <a 'sun/nio/fs/WindowsException'{0x00000000c9575040}> (0x00000000c9575040) 
thrown [s\src\hotspot\share\prims\jni.cpp, line 535]
Event: 32.920 Thread 0x000001933672e740 Exception <a 'sun/nio/fs/WindowsException'{0x00000000c9577b58}> (0x00000000c9577b58) 
thrown [s\src\hotspot\share\prims\jni.cpp, line 535]
Event: 32.920 Thread 0x000001933672e740 Exception <a 'sun/nio/fs/WindowsException'{0x00000000c95799b8}> (0x00000000c95799b8) 
thrown [s\src\hotspot\share\prims\jni.cpp, line 535]
Event: 32.923 Thread 0x000001933672e740 Exception <a 'sun/nio/fs/WindowsException'{0x00000000c9592828}> (0x00000000c9592828) 
thrown [s\src\hotspot\share\prims\jni.cpp, line 535]
Event: 32.923 Thread 0x000001933672e740 Exception <a 'sun/nio/fs/WindowsException'{0x00000000c9594950}> (0x00000000c9594950) 
thrown [s\src\hotspot\share\prims\jni.cpp, line 535]
Event: 32.923 Thread 0x000001933672e740 Exception <a 'sun/nio/fs/WindowsException'{0x00000000c9596a70}> (0x00000000c9596a70) 
thrown [s\src\hotspot\share\prims\jni.cpp, line 535]

VM Operations (20 events):
Event: 12.041 Executing non-safepoint VM operation: HandshakeAllThreads (Deoptimize)
Event: 12.041 Executing non-safepoint VM operation: HandshakeAllThreads (Deoptimize) done
Event: 12.043 Executing non-safepoint VM operation: HandshakeAllThreads (Deoptimize)
Event: 12.043 Executing non-safepoint VM operation: HandshakeAllThreads (Deoptimize) done
Event: 12.046 Executing non-safepoint VM operation: HandshakeAllThreads (Deoptimize)
Event: 12.046 Executing non-safepoint VM operation: HandshakeAllThreads (Deoptimize) done
Event: 12.605 Executing safepoint VM operation: G1CollectForAllocation (G1 Evacuation Pause)
Event: 12.609 Executing safepoint VM operation: G1CollectForAllocation (G1 Evacuation Pause) done
Event: 12.721 Executing non-safepoint VM operation: HandshakeAllThreads (Deoptimize)
Event: 12.721 Executing non-safepoint VM operation: HandshakeAllThreads (Deoptimize) done
Event: 31.004 Executing non-safepoint VM operation: HandshakeAllThreads (Deoptimize)
Event: 31.004 Executing non-safepoint VM operation: HandshakeAllThreads (Deoptimize) done
Event: 32.087 Executing safepoint VM operation: G1CollectForAllocation (G1 Evacuation Pause)
Event: 32.093 Executing safepoint VM operation: G1CollectForAllocation (G1 Evacuation Pause) done
Event: 32.128 Executing safepoint VM operation: G1PauseRemark
Event: 32.133 Executing safepoint VM operation: G1PauseRemark done
Event: 32.147 Executing safepoint VM operation: G1PauseCleanup
Event: 32.147 Executing safepoint VM operation: G1PauseCleanup done
Event: 32.551 Executing safepoint VM operation: G1CollectForAllocation (G1 Evacuation Pause)
Event: 32.555 Executing safepoint VM operation: G1CollectForAllocation (G1 Evacuation Pause) done

Memory protections (0 events):
No events

Nmethod flushes (20 events):
Event: 32.132 Thread 0x0000019330e55fd0 flushing  nmethod 0x000001931cf06b08
Event: 32.132 Thread 0x0000019330e55fd0 flushing  nmethod 0x000001931d005408
Event: 32.132 Thread 0x0000019330e55fd0 flushing  nmethod 0x000001931d2a1f88
Event: 32.132 Thread 0x0000019330e55fd0 flushing  nmethod 0x000001931d755a08
Event: 32.132 Thread 0x0000019330e55fd0 flushing  nmethod 0x000001931d7ade08
Event: 32.132 Thread 0x0000019330e55fd0 flushing  nmethod 0x000001931d826388
Event: 32.132 Thread 0x0000019330e55fd0 flushing  nmethod 0x0000019324c77a88
Event: 32.132 Thread 0x0000019330e55fd0 flushing  nmethod 0x000001931ccb4a08
Event: 32.132 Thread 0x0000019330e55fd0 flushing  nmethod 0x000001931cd48108
Event: 32.132 Thread 0x0000019330e55fd0 flushing  nmethod 0x000001931cd4b908
Event: 32.132 Thread 0x0000019330e55fd0 flushing  nmethod 0x000001931cd96b08
Event: 32.132 Thread 0x0000019330e55fd0 flushing  nmethod 0x000001931cdc8308
Event: 32.132 Thread 0x0000019330e55fd0 flushing  nmethod 0x000001931cdcb508
Event: 32.132 Thread 0x0000019330e55fd0 flushing  nmethod 0x000001931ce55008
Event: 32.132 Thread 0x0000019330e55fd0 flushing  nmethod 0x000001931ce56c88
Event: 32.132 Thread 0x0000019330e55fd0 flushing  nmethod 0x000001931d0dd608
Event: 32.132 Thread 0x0000019330e55fd0 flushing  nmethod 0x000001931d0e6908
Event: 32.132 Thread 0x0000019330e55fd0 flushing  nmethod 0x000001931d152688
Event: 32.132 Thread 0x0000019330e55fd0 flushing  nmethod 0x000001931d334408
Event: 32.132 Thread 0x0000019330e55fd0 flushing  nmethod 0x000001931d690b08

Events (20 events):
Event: 31.759 Thread 0x0000019330e9b3b0 Thread added: 0x000001933b9d23e0
Event: 31.825 Thread 0x000001933672e740 Thread added: 0x000001933bad1c30
Event: 31.825 Thread 0x000001933672e740 Thread added: 0x000001933bad2400
Event: 31.826 Thread 0x000001933672e740 Thread added: 0x000001933bad5ab0
Event: 31.826 Thread 0x000001933672e740 Thread added: 0x000001933bad2bd0
Event: 31.826 Thread 0x000001933672e740 Thread added: 0x000001933bad6a50
Event: 31.826 Thread 0x000001933672e740 Thread added: 0x000001933bad4340
Event: 31.827 Thread 0x000001933672e740 Thread added: 0x000001933bad79f0
Event: 31.827 Thread 0x000001933672e740 Thread added: 0x000001933bad4b10
Event: 31.827 Thread 0x000001933672e740 Thread added: 0x000001933bad9930
Event: 31.827 Thread 0x000001933672e740 Thread added: 0x000001933bada8d0
Event: 31.827 Thread 0x000001933672e740 Thread added: 0x000001933bb8e000
Event: 31.827 Thread 0x000001933672e740 Thread added: 0x000001933bb8d830
Event: 31.827 Thread 0x000001933672e740 Thread added: 0x000001933bb8ff40
Event: 31.869 Thread 0x000001933672e740 Thread added: 0x000001933bb92e20
Event: 31.871 Thread 0x000001933672e740 Thread added: 0x000001933bb92650
Event: 31.874 Thread 0x000001933672e740 Thread added: 0x000001933bb964d0
Event: 31.957 Thread 0x000001933b9d23e0 Thread added: 0x000001933b9d3c10
Event: 32.043 Thread 0x000001933672e740 Thread added: 0x000001933bb97470
Event: 32.044 Thread 0x000001933672e740 Thread added: 0x000001933bb97c40


Dynamic libraries:
0x00007ff705280000 - 0x00007ff70528a000 	C:\Program Files\Android\Android Studio\jbr\bin\java.exe
0x00007ffb56dc0000 - 0x00007ffb57027000 	C:\WINDOWS\SYSTEM32\ntdll.dll
0x00007ffb55cf0000 - 0x00007ffb55dbb000 	C:\WINDOWS\System32\KERNEL32.DLL
0x00007ffb543a0000 - 0x00007ffb547a2000 	C:\WINDOWS\System32\KERNELBASE.dll
0x00007ffb549c0000 - 0x00007ffb54b0c000 	C:\WINDOWS\System32\ucrtbase.dll
0x00007ffb2bee0000 - 0x00007ffb2befb000 	C:\Program Files\Android\Android Studio\jbr\bin\VCRUNTIME140.dll
0x00007ffb26df0000 - 0x00007ffb26e06000 	C:\Program Files\Android\Android Studio\jbr\bin\jli.dll
0x00007ffb564c0000 - 0x00007ffb5668f000 	C:\WINDOWS\System32\USER32.dll
0x00007ffb547b0000 - 0x00007ffb547d7000 	C:\WINDOWS\System32\win32u.dll
0x00007ffb3cf80000 - 0x00007ffb3d210000 	C:\WINDOWS\WinSxS\amd64_microsoft.windows.common-controls_6595b64144ccf1df_6.0.26100.9278_none_3e0d1ba8e3303201\COMCTL32.dll
0x00007ffb55790000 - 0x00007ffb557bb000 	C:\WINDOWS\System32\GDI32.dll
0x00007ffb55ea0000 - 0x00007ffb55f49000 	C:\WINDOWS\System32\msvcrt.dll
0x00007ffb54890000 - 0x00007ffb549b9000 	C:\WINDOWS\System32\gdi32full.dll
0x00007ffb54160000 - 0x00007ffb54203000 	C:\WINDOWS\System32\msvcp_win.dll
0x00007ffb55ca0000 - 0x00007ffb55cd1000 	C:\WINDOWS\System32\IMM32.DLL
0x00007ffb3e7f0000 - 0x00007ffb3e7fc000 	C:\Program Files\Android\Android Studio\jbr\bin\vcruntime140_1.dll
0x00007ffb26e10000 - 0x00007ffb26e9d000 	C:\Program Files\Android\Android Studio\jbr\bin\msvcp140.dll
0x00007ffa79df0000 - 0x00007ffa7accd000 	C:\Program Files\Android\Android Studio\jbr\bin\server\jvm.dll
0x00007ffb553a0000 - 0x00007ffb5545c000 	C:\WINDOWS\System32\ADVAPI32.dll
0x00007ffb56830000 - 0x00007ffb568d9000 	C:\WINDOWS\System32\sechost.dll
0x00007ffb55570000 - 0x00007ffb55688000 	C:\WINDOWS\System32\RPCRT4.dll
0x00007ffb55690000 - 0x00007ffb55710000 	C:\WINDOWS\System32\WS2_32.dll
0x00007ffb53e70000 - 0x00007ffb53ece000 	C:\WINDOWS\SYSTEM32\POWRPROF.dll
0x00007ffb3dad0000 - 0x00007ffb3dadb000 	C:\WINDOWS\SYSTEM32\VERSION.dll
0x00007ffb49fd0000 - 0x00007ffb4a006000 	C:\WINDOWS\SYSTEM32\WINMM.dll
0x00007ffb53e50000 - 0x00007ffb53e65000 	C:\WINDOWS\SYSTEM32\UMPDC.dll
0x00007ffb52d40000 - 0x00007ffb52d5b000 	C:\WINDOWS\SYSTEM32\kernel.appcore.dll
0x00007ffb3d4c0000 - 0x00007ffb3d4ca000 	C:\Program Files\Android\Android Studio\jbr\bin\jimage.dll
0x00007ffb51570000 - 0x00007ffb517bc000 	C:\WINDOWS\SYSTEM32\DBGHELP.DLL
0x00007ffb56020000 - 0x00007ffb563a5000 	C:\WINDOWS\System32\combase.dll
0x00007ffb55dc0000 - 0x00007ffb55e99000 	C:\WINDOWS\System32\OLEAUT32.dll
0x00007ffb44b60000 - 0x00007ffb44b9b000 	C:\WINDOWS\SYSTEM32\dbgcore.DLL
0x00007ffb547e0000 - 0x00007ffb5488c000 	C:\WINDOWS\System32\bcryptPrimitives.dll
0x00007ffb3e820000 - 0x00007ffb3e82e000 	C:\Program Files\Android\Android Studio\jbr\bin\instrument.dll
0x00007ffb2bec0000 - 0x00007ffb2bede000 	C:\Program Files\Android\Android Studio\jbr\bin\java.dll
0x00007ffb557c0000 - 0x00007ffb5595a000 	C:\WINDOWS\System32\ole32.dll
0x00007ffb54b10000 - 0x00007ffb552a8000 	C:\WINDOWS\System32\SHELL32.dll
0x00007ffb2ab00000 - 0x00007ffb2ab16000 	C:\Program Files\Android\Android Studio\jbr\bin\zip.dll
0x00007ffb51b10000 - 0x00007ffb523be000 	C:\WINDOWS\SYSTEM32\windows.storage.dll
0x00007ffb56730000 - 0x00007ffb5682b000 	C:\WINDOWS\System32\SHCORE.dll
0x00007ffb55720000 - 0x00007ffb55786000 	C:\WINDOWS\System32\shlwapi.dll
0x00007ffb53f30000 - 0x00007ffb53f59000 	C:\WINDOWS\SYSTEM32\profapi.dll
0x00007ffb3b270000 - 0x00007ffb3b280000 	C:\Program Files\Android\Android Studio\jbr\bin\net.dll
0x00007ffb532d0000 - 0x00007ffb5333c000 	C:\WINDOWS\system32\mswsock.dll
0x00007ffb2a850000 - 0x00007ffb2a866000 	C:\Program Files\Android\Android Studio\jbr\bin\nio.dll
0x00007ffb276b0000 - 0x00007ffb276c0000 	C:\Program Files\Android\Android Studio\jbr\bin\verify.dll
0x00007ffb270b0000 - 0x00007ffb270d7000 	C:\Users\REACH\.gradle\native\660c5614fbf4a5f2a75b1949f50a0caf5cd603558e7d8a26e50b933a0cfb79d1\windows-amd64\native-platform.dll
0x00007ffb25220000 - 0x00007ffb25297000 	C:\Users\REACH\.gradle\native\0.2.8\x86_64-windows-gnu\gradle-fileevents.dll
0x00007ffb2e5a0000 - 0x00007ffb2e5a9000 	C:\Program Files\Android\Android Studio\jbr\bin\management.dll
0x00007ffb2aaf0000 - 0x00007ffb2aafb000 	C:\Program Files\Android\Android Studio\jbr\bin\management_ext.dll
0x00007ffb563b0000 - 0x00007ffb563b8000 	C:\WINDOWS\System32\PSAPI.DLL
0x00007ffb527b0000 - 0x00007ffb527e3000 	C:\WINDOWS\SYSTEM32\IPHLPAPI.DLL
0x00007ffb55560000 - 0x00007ffb5556a000 	C:\WINDOWS\System32\NSI.dll
0x00007ffb3b180000 - 0x00007ffb3b189000 	C:\Program Files\Android\Android Studio\jbr\bin\extnet.dll
0x00007ffb535b0000 - 0x00007ffb535cb000 	C:\WINDOWS\SYSTEM32\CRYPTSP.dll
0x00007ffb52ca0000 - 0x00007ffb52cd9000 	C:\WINDOWS\system32\rsaenh.dll
0x00007ffb53370000 - 0x00007ffb533a4000 	C:\WINDOWS\SYSTEM32\USERENV.dll
0x00007ffb53f00000 - 0x00007ffb53f2a000 	C:\WINDOWS\SYSTEM32\bcrypt.dll
0x00007ffb535d0000 - 0x00007ffb535dc000 	C:\WINDOWS\SYSTEM32\CRYPTBASE.dll
0x00007ffb0c220000 - 0x00007ffb0c228000 	C:\WINDOWS\system32\wshunix.dll
0x00007ffb527f0000 - 0x00007ffb52948000 	C:\WINDOWS\SYSTEM32\DNSAPI.dll
0x00007ffb530d0000 - 0x00007ffb530dd000 	C:\WINDOWS\SYSTEM32\DSPARSE.dll
0x00007ffb49f40000 - 0x00007ffb49f4b000 	C:\Windows\System32\rasadhlp.dll
0x00007ffb4df70000 - 0x00007ffb4dff6000 	C:\WINDOWS\System32\fwpuclnt.dll

JVMTI agents:
C:\Users\REACH\.gradle\wrapper\dists\gradle-9.7.1-bin\1w1c7tv4s851m17nbqdsro2tv\gradle-9.7.1\lib\agents\gradle-instrumentation-agent-9.7.1.jar path:C:\Program Files\Android\Android Studio\jbr\bin\instrument.dll, loaded, initialized, instrumentlib options:none

dbghelp: loaded successfully - version: 4.0.5 - missing functions: none
symbol engine: initialized successfully - sym options: 0x614 - pdb path: .;C:\Program Files\Android\Android Studio\jbr\bin;C:\WINDOWS\SYSTEM32;C:\WINDOWS\WinSxS\amd64_microsoft.windows.common-controls_6595b64144ccf1df_6.0.26100.9278_none_3e0d1ba8e3303201;C:\Program Files\Android\Android Studio\jbr\bin\server;C:\Users\REACH\.gradle\native\660c5614fbf4a5f2a75b1949f50a0caf5cd603558e7d8a26e50b933a0cfb79d1\windows-amd64;C:\Users\REACH\.gradle\native\0.2.8\x86_64-windows-gnu

VM Arguments:
jvm_args: --add-opens=java.base/java.lang=ALL-UNNAMED --add-opens=java.base/java.lang.invoke=ALL-UNNAMED --add-opens=java.base/java.util=ALL-UNNAMED --add-opens=java.prefs/java.util.prefs=ALL-UNNAMED --add-exports=jdk.compiler/com.sun.tools.javac.api=ALL-UNNAMED --add-exports=jdk.compiler/com.sun.tools.javac.util=ALL-UNNAMED --add-opens=java.base/java.nio.charset=ALL-UNNAMED --add-opens=java.base/java.net=ALL-UNNAMED --add-opens=java.base/java.util.concurrent=ALL-UNNAMED --add-opens=java.base/java.util.concurrent.atomic=ALL-UNNAMED --add-opens=java.xml/javax.xml.namespace=ALL-UNNAMED --add-opens=java.base/java.time=ALL-UNNAMED --enable-native-access=ALL-UNNAMED -Xmx1024m -Dfile.encoding=UTF-8 -Duser.country=US -Duser.language=en -Duser.variant -javaagent:C:\Users\REACH\.gradle\wrapper\dists\gradle-9.7.1-bin\1w1c7tv4s851m17nbqdsro2tv\gradle-9.7.1\lib\agents\gradle-instrumentation-agent-9.7.1.jar 
java_command: org.gradle.launcher.daemon.bootstrap.GradleDaemon 9.7.1
java_class_path (initial): C:\Users\REACH\.gradle\wrapper\dists\gradle-9.7.1-bin\1w1c7tv4s851m17nbqdsro2tv\gradle-9.7.1\lib\gradle-daemon-main-9.7.1.jar
Launcher Type: SUN_STANDARD

[Global flags]
     intx CICompilerCount                          = 12                                        {product} {ergonomic}
     uint ConcGCThreads                            = 4                                         {product} {ergonomic}
     uint G1ConcRefinementThreads                  = 15                                        {product} {ergonomic}
   size_t G1HeapRegionSize                         = 1048576                                   {product} {ergonomic}
   size_t InitialHeapSize                          = 262144000                                 {product} {ergonomic}
   size_t MarkStackSize                            = 4194304                                   {product} {ergonomic}
   size_t MarkStackSizeMax                         = 536870912                                 {product} {ergonomic}
   size_t MaxHeapSize                              = 1073741824                                {product} {command line}
   size_t MaxNewSize                               = 643825664                                 {product} {ergonomic}
   size_t MinHeapDeltaBytes                        = 1048576                                   {product} {ergonomic}
   size_t MinHeapSize                              = 8388608                                   {product} {ergonomic}
    uintx NonNMethodCodeHeapSize                   = 7667712                                {pd product} {ergonomic}
    uintx NonProfiledCodeHeapSize                  = 122028032                              {pd product} {ergonomic}
    uintx ProfiledCodeHeapSize                     = 122028032                              {pd product} {ergonomic}
    uintx ReservedCodeCacheSize                    = 251723776                              {pd product} {ergonomic}
     bool SegmentedCodeCache                       = true                                      {product} {ergonomic}
   size_t SoftMaxHeapSize                          = 1073741824                             {manageable} {ergonomic}
     bool UseCompressedOops                        = true                           {product lp64_product} {ergonomic}
     bool UseG1GC                                  = true                                      {product} {ergonomic}
     bool UseLargePagesIndividualAllocation        = false                                  {pd product} {ergonomic}

Logging:
Log output configuration:
 #0: stdout all=warning uptime,level,tags foldmultilines=false
 #1: stderr all=off uptime,level,tags foldmultilines=false

Release file:
JAVA_VERSION="25.0.3" 
MODULES="java.base java.compiler java.datatransfer java.xml java.prefs java.desktop java.instrument java.logging java.management java.security.sasl java.naming java.rmi java.management.rmi java.net.http java.scripting java.security.jgss java.transaction.xa java.sql java.sql.rowset java.xml.crypto java.se java.smartcardio jdk.accessibility jdk.internal.jvmstat jdk.attach jdk.charsets jdk.internal.opt jdk.zipfs jdk.compiler jdk.crypto.cryptoki jdk.crypto.ec jdk.dynalink jdk.hotspot.agent jdk.httpserver jdk.internal.ed jdk.internal.le jdk.internal.md jdk.internal.vm.ci jdk.jartool jdk.javadoc jdk.jcmd jdk.jdeps jdk.jdwp.agent jdk.jdi jdk.jfr jdk.jlink jdk.localedata jdk.management jdk.management.agent jdk.management.jfr jdk.naming.dns jdk.naming.rmi jdk.net jdk.sctp jdk.security.auth jdk.security.jgss jdk.unsupported jdk.unsupported.desktop jdk.xml.dom" 
IMPLEMENTOR="JetBrains s.r.o." 
JAVA_RUNTIME_VERSION="25.0.3+-15898627-b508.16" 
LIBC="default" 
OS_ARCH="x86_64" 
OS_NAME="Windows" 
SOURCE=".:git:a8b1dba3234f" 

Environment Variables:
PATH=C:\Program Files\Common Files\Oracle\Java\javapath;C:\Program Files (x86)\VMware\VMware Workstation\bin\;C:\WINDOWS\system32;C:\WINDOWS;C:\WINDOWS\System32\Wbem;C:\WINDOWS\System32\WindowsPowerShell\v1.0\;C:\WINDOWS\System32\OpenSSH\;C:\Program Files\dotnet\;C:\Program Files\Microsoft VS Code Insiders\bin;C:\Program Files\Git\cmd;C:\Program Files (x86)\Microsoft SQL Server\160\Tools\Binn\;C:\Program Files\Microsoft SQL Server\160\Tools\Binn\;C:\Program Files\Microsoft SQL Server\Client SDK\ODBC\170\Tools\Binn\;C:\Program Files\Microsoft SQL Server\160\DTS\Binn\;C:\Program Files (x86)\Microsoft SQL Server\160\DTS\Binn\;C:\Program Files\Microsoft SQL Server\150\Tools\Binn\;C:\Program Files (x86)\Windows Kits\10\Windows Performance Toolkit\;C:\Program Files\Docker\Docker\resources\bin;C:\Program Files\Tesseract-OCR;C:\Users\REACH\AppData\Local\nvm;C:\nvm4w\nodejs;C:\Program Files\Tailscale\;C:\Users\REACH\AppData\Local\agy\bin;C:\Users\REACH\.local\bin;C:\Users\REACH\.claude\bin;C:\Users\REACH\.config\herd-lite\bin;C:\Users\REACH\AppData\Local\Programs\Python\Launcher\;C:\Users\REACH\AppData\Local\Microsoft\WindowsApps;C:\msys64\mingw64\bin;C:\Users\REACH\AppData\Local\Programs\Microsoft VS Code\bin;C:\Users\REACH\.dotnet\tools;C:\Users\REACH\AppData\Roaming\npm;C:\Users\REACH\AppData\Local\Programs\Ollama;C:\Users\REACH\AppData\Local\nvm;C:\nvm4w\nodejs;C:\Users\REACH\AppData\Local\Microsoft\WinGet\Links;C:\Users\REACH\AppData\Local\Programs\Antigravity IDE\bin;C:\Users\REACH\AppData\Local\Programs\cursor\resources\app\bin;C:\Users\REACH\AppData\Local\Microsoft\WindowsApps;
USERNAME=REACH
OS=Windows_NT
PROCESSOR_IDENTIFIER=Intel64 Family 6 Model 186 Stepping 2, GenuineIntel
TMP=C:\Users\REACH\AppData\Local\Temp
TEMP=C:\Users\REACH\AppData\Local\Temp




Compilation memory statistics disabled.

Periodic native trim disabled

JNI global refs:
JNI global refs: 31, weak refs: 5

JNI global refs memory usage: 835, weak refs: 833

Process memory usage:
Resident Set Size: 598028K (3% of 16374980K total physical memory with 604604K free physical memory)

OOME stack traces (most recent first):
Classloader memory used:
Loader org.gradle.internal.classloader.VisitableURLClassLoader$InstrumentingVisitableURLClassLoader: 48540 K
Loader org.gradle.internal.classloader.VisitableURLClassLoader                         : 48237 K
Loader bootstrap                                                                       : 32287 K
Loader org.gradle.initialization.MixInLegacyTypesClassLoader                           : 13066 K
Loader org.gradle.internal.classloader.VisitableURLClassLoader                         : 8220 K
Loader jdk.internal.loader.ClassLoaders$PlatformClassLoader                            : 344 K
Loader org.gradle.groovy.scripts.internal.DefaultScriptCompilationHandler$ScriptClassLoader: 255 K
Loader jdk.internal.loader.ClassLoaders$AppClassLoader                                 : 190 K

Classes loaded by more than one classloader:
Class com.google.common.collect.Iterators$ArrayItr                                    : loaded 5 times (x 99B)
Class com.google.common.collect.UnmodifiableIterator                                  : loaded 5 times (x 82B)
Class com.google.common.collect.Iterators$SingletonIterator                           : loaded 5 times (x 83B)
Class com.google.common.base.Preconditions                                            : loaded 5 times (x 73B)
Class com.google.common.collect.Iterators                                             : loaded 5 times (x 73B)
Class com.google.common.collect.Lists$StringAsImmutableList                           : loaded 5 times (x 209B)
Class com.google.common.collect.UnmodifiableListIterator                              : loaded 5 times (x 97B)
Class com.google.common.collect.Iterators$MergingIterator                             : loaded 5 times (x 83B)
Class com.google.common.collect.Iterators$9                                           : loaded 5 times (x 83B)
Class com.google.common.collect.AbstractIterator                                      : loaded 5 times (x 84B)
Class com.google.common.collect.AbstractIndexedListIterator                           : loaded 5 times (x 98B)
Class com.google.common.collect.Lists                                                 : loaded 5 times (x 73B)
Class com.google.common.collect.ImmutableCollection                                   : loaded 5 times (x 127B)
Class com.google.common.collect.ImmutableList                                         : loaded 5 times (x 208B)
Class com.google.common.collect.Iterators$5                                           : loaded 5 times (x 84B)
Class com.google.common.collect.Iterators$4                                           : loaded 5 times (x 84B)
Class com.google.common.collect.Iterators$1                                           : loaded 5 times (x 83B)
Class com.google.common.collect.PeekingIterator                                       : loaded 5 times (x 72B)
Class com.google.common.collect.ImmutableList$ReverseImmutableList                    : loaded 4 times (x 211B)
Class com.google.common.collect.ImmutableList$SubList                                 : loaded 4 times (x 211B)
Class com.google.common.base.CharMatcher$ForPredicate                                 : loaded 4 times (x 114B)
Class com.google.common.base.CharMatcher$AnyOf                                        : loaded 4 times (x 114B)
Class com.google.common.collect.ImmutableSet$SetBuilderImpl                           : loaded 4 times (x 78B)
Class settings_2f25t9sn5pof7rm83f7pylwrb$_run_closure1                                : loaded 4 times (x 140B)
Class com.google.common.collect.SingletonImmutableList                                : loaded 4 times (x 209B)
Class com.google.common.collect.Multimap                                              : loaded 4 times (x 72B)
Class com.google.common.collect.ImmutableSet$CachingAsList                            : loaded 4 times (x 150B)
Class com.google.common.base.CharMatcher$And                                          : loaded 4 times (x 114B)
Class com.google.common.collect.ImmutableAsList                                       : loaded 4 times (x 211B)
Class com.google.common.base.CharMatcher$IsNot                                        : loaded 4 times (x 113B)
Class com.google.common.base.Function                                                 : loaded 4 times (x 72B)
Class com.google.common.collect.RegularImmutableList                                  : loaded 4 times (x 215B)
Class com.google.common.collect.ImmutableCollection$Builder                           : loaded 4 times (x 78B)
Class settings_2f25t9sn5pof7rm83f7pylwrb                                              : loaded 4 times (x 173B)
Class com.google.common.base.CharMatcher$InRange                                      : loaded 4 times (x 113B)
Class com.google.common.base.CharMatcher$BitSetMatcher                                : loaded 4 times (x 114B)
Class com.google.common.collect.ImmutableSet                                          : loaded 4 times (x 147B)
Class com.google.common.base.CharMatcher$Or                                           : loaded 4 times (x 114B)
Class com.google.common.base.CharMatcher$FastMatcher                                  : loaded 4 times (x 113B)
Class com.google.common.collect.RegularImmutableSet                                   : loaded 4 times (x 150B)
Class com.google.common.base.Predicate                                                : loaded 4 times (x 72B)
Class com.google.common.base.CharMatcher$NegatedFastMatcher                           : loaded 4 times (x 115B)
Class com.google.common.collect.ImmutableSet$RegularSetBuilderImpl                    : loaded 4 times (x 78B)
Class com.google.common.collect.ImmutableList$1                                       : loaded 4 times (x 99B)
Class com.google.common.base.CharMatcher$Negated                                      : loaded 4 times (x 115B)
Class com.google.common.base.CharMatcher$Is                                           : loaded 4 times (x 113B)
Class com.google.common.collect.RegularImmutableAsList                                : loaded 4 times (x 219B)
Class com.google.common.base.CharMatcher$NamedFastMatcher                             : loaded 4 times (x 114B)
Class com.google.common.base.CharMatcher$1                                            : loaded 4 times (x 115B)
Class com.google.common.collect.SingletonImmutableSet                                 : loaded 4 times (x 148B)
Class com.google.common.base.CharMatcher                                              : loaded 4 times (x 113B)
Class com.google.common.base.CharMatcher$IsEither                                     : loaded 4 times (x 113B)
Class com.android.ide.common.gradle.Version$Companion$ParseState$NUMERIC              : loaded 3 times (x 76B)
Class org.objectweb.asm.MethodVisitor                                                 : loaded 3 times (x 107B)
Class org.objectweb.asm.Frame                                                         : loaded 3 times (x 75B)
Class com.google.common.base.Joiner$1                                                 : loaded 3 times (x 83B)
Class com.google.gson.stream.JsonReader                                               : loaded 3 times (x 99B)
Class com.google.common.cache.LocalCache$EntryFactory$1                               : loaded 3 times (x 85B)
Class [Lcom.google.common.cache.RemovalListener;                                      : loaded 3 times (x 71B)
Class org.objectweb.asm.ClassTooLargeException                                        : loaded 3 times (x 84B)
Class org.objectweb.asm.CurrentFrame                                                  : loaded 3 times (x 75B)
Class org.objectweb.asm.Label                                                         : loaded 3 times (x 75B)
Class com.android.ide.common.repository.AgpVersion$PreviewKind                        : loaded 3 times (x 81B)
Class com.google.common.collect.Hashing                                               : loaded 3 times (x 73B)
Class com.google.gson.internal.LazilyParsedNumber                                     : loaded 3 times (x 80B)
Class com.google.common.base.Equivalence$Equals                                       : loaded 3 times (x 84B)
Class com.google.common.util.concurrent.AbstractFuture$Failure                        : loaded 3 times (x 74B)
Class com.google.gson.internal.bind.DefaultDateTypeAdapter$DateType$1                 : loaded 3 times (x 75B)
Class com.google.common.base.Joiner$2                                                 : loaded 3 times (x 82B)
Class com.google.common.cache.LocalCache$EntryFactory$2                               : loaded 3 times (x 85B)
Class com.google.common.cache.LocalCache$ValueReference                               : loaded 3 times (x 72B)
Class com.google.common.collect.ImmutableEnumSet                                      : loaded 3 times (x 148B)
Class com.google.common.collect.RegularImmutableBiMap                                 : loaded 3 times (x 150B)
Class com.android.ide.common.gradle.Version$Companion$ParseState$EMPTY                : loaded 3 times (x 76B)
Class com.google.common.collect.RegularImmutableMap$BucketOverflowException           : loaded 3 times (x 84B)
Class com.google.gson.JsonNull                                                        : loaded 3 times (x 94B)
Class com.google.gson.internal.bind.JsonAdapterAnnotationTypeAdapterFactory           : loaded 3 times (x 77B)
Class com.google.gson.internal.bind.TypeAdapters$29                                   : loaded 3 times (x 77B)
Class com.google.gson.internal.bind.MapTypeAdapterFactory                             : loaded 3 times (x 77B)
Class [Lcom.google.common.cache.Weigher;                                              : loaded 3 times (x 71B)
Class org.objectweb.asm.MethodWriter                                                  : loaded 3 times (x 107B)
Class com.google.common.util.concurrent.ExecutionError                                : loaded 3 times (x 84B)
Class [Lcom.google.gson.LongSerializationPolicy;                                      : loaded 3 times (x 71B)
Class com.google.common.cache.LoadingCache                                            : loaded 3 times (x 72B)
Class com.google.common.util.concurrent.AbstractFuture$TrustedFuture                  : loaded 3 times (x 116B)
Class com.google.common.cache.LocalCache$StrongEntry                                  : loaded 3 times (x 110B)
Class com.google.gson.JsonObject                                                      : loaded 3 times (x 95B)
Class settings_2f25t9sn5pof7rm83f7pylwrb$_run_closure1$_closure2                      : loaded 3 times (x 140B)
Class com.google.gson.FieldNamingPolicy$7                                             : loaded 3 times (x 85B)
Class com.google.gson.internal.bind.TypeAdapters$27                                   : loaded 3 times (x 77B)
Class com.google.common.cache.CacheLoader$InvalidCacheLoadException                   : loaded 3 times (x 84B)
Class org.objectweb.asm.ModuleWriter                                                  : loaded 3 times (x 83B)
Class org.objectweb.asm.SymbolTable                                                   : loaded 3 times (x 74B)
Class org.gradle.internal.IoActions                                                   : loaded 3 times (x 73B)
Class com.google.gson.FieldNamingPolicy$6                                             : loaded 3 times (x 85B)
Class com.google.gson.internal.bind.TypeAdapters$26                                   : loaded 3 times (x 77B)
Class com.google.gson.internal.bind.ArrayTypeAdapter                                  : loaded 3 times (x 76B)
Class org.jetbrains.kotlin.tooling.core.HasMutableExtras                              : loaded 3 times (x 72B)
Class [Lcom.android.ide.common.gradle.Separator;                                      : loaded 3 times (x 71B)
Class com.google.common.cache.LocalCache$AbstractReferenceEntry                       : loaded 3 times (x 109B)
Class com.google.gson.FieldNamingPolicy$5                                             : loaded 3 times (x 85B)
Class com.google.gson.internal.bind.TypeAdapters$25                                   : loaded 3 times (x 77B)
Class com.google.common.cache.LocalCache$EntryFactory                                 : loaded 3 times (x 85B)
Class com.google.common.collect.SortedMapDifference                                   : loaded 3 times (x 72B)
Class com.google.gson.FieldNamingPolicy$4                                             : loaded 3 times (x 85B)
Class com.google.gson.internal.bind.TypeAdapters$24                                   : loaded 3 times (x 77B)
Class com.google.gson.stream.MalformedJsonException                                   : loaded 3 times (x 84B)
Class com.google.common.collect.RegularImmutableMap                                   : loaded 3 times (x 122B)
Class com.google.common.collect.ImmutableMap$MapViewOfValuesAsSingletonSets           : loaded 3 times (x 128B)
Class com.google.common.collect.CollectPreconditions                                  : loaded 3 times (x 73B)
Class com.google.gson.FieldNamingPolicy$3                                             : loaded 3 times (x 85B)
Class com.google.gson.internal.bind.TypeAdapters$23                                   : loaded 3 times (x 77B)
Class com.android.ide.common.gradle.Version                                           : loaded 3 times (x 77B)
Class org.gradle.api.GradleException                                                  : loaded 3 times (x 84B)
Class com.google.common.collect.ImmutableEntry                                        : loaded 3 times (x 84B)
Class [Lcom.google.common.collect.AbstractMapEntry;                                   : loaded 3 times (x 71B)
Class com.google.gson.internal.Excluder$1                                             : loaded 3 times (x 76B)
Class com.google.gson.FieldNamingPolicy$2                                             : loaded 3 times (x 85B)
Class com.google.gson.internal.bind.TypeAdapters$22                                   : loaded 3 times (x 77B)
Class com.google.common.cache.CacheBuilder$3                                          : loaded 3 times (x 74B)
Class com.google.common.collect.ArrayListMultimap                                     : loaded 3 times (x 173B)
Class com.google.gson.FieldNamingPolicy$1                                             : loaded 3 times (x 85B)
Class com.google.gson.internal.bind.TypeAdapters$21                                   : loaded 3 times (x 77B)
Class [Lorg.objectweb.asm.Symbol;                                                     : loaded 3 times (x 71B)
Class org.objectweb.asm.ClassVisitor                                                  : loaded 3 times (x 90B)
Class com.google.common.cache.LocalCache$EntryFactory$3                               : loaded 3 times (x 85B)
Class com.google.common.cache.CacheBuilder$2                                          : loaded 3 times (x 81B)
Class com.google.common.cache.LocalCache                                              : loaded 3 times (x 188B)
Class com.google.common.collect.ImmutableMap                                          : loaded 3 times (x 122B)
Class com.google.gson.internal.bind.TypeAdapters$20                                   : loaded 3 times (x 77B)
Class com.google.common.base.Ticker$1                                                 : loaded 3 times (x 74B)
Class com.google.common.cache.CacheBuilder$1                                          : loaded 3 times (x 87B)
Class [Lcom.google.common.cache.LocalCache$Strength;                                  : loaded 3 times (x 71B)
Class [Lcom.google.common.cache.LocalCache$Segment;                                   : loaded 3 times (x 71B)
Class com.google.gson.internal.bind.NumberTypeAdapter                                 : loaded 3 times (x 76B)
Class com.android.builder.model.v2.models.ndk.NativeModelBuilderParameter             : loaded 3 times (x 72B)
Class com.google.gson.internal.sql.SqlTimeTypeAdapter                                 : loaded 3 times (x 76B)
Class com.google.gson.internal.bind.TypeAdapters$30                                   : loaded 3 times (x 78B)
Class com.google.gson.internal.bind.JsonTreeReader                                    : loaded 3 times (x 99B)
Class com.google.gson.TypeAdapterFactory                                              : loaded 3 times (x 72B)
Class com.google.gson.internal.bind.TreeTypeAdapter                                   : loaded 3 times (x 77B)
Class com.google.common.collect.Maps$BiMapConverter                                   : loaded 3 times (x 92B)
Class com.google.common.base.Ticker                                                   : loaded 3 times (x 74B)
Class com.android.ide.common.gradle.Version$Companion                                 : loaded 3 times (x 73B)
Class org.objectweb.asm.Handler                                                       : loaded 3 times (x 74B)
Class com.google.common.collect.Sets                                                  : loaded 3 times (x 73B)
Class org.gradle.api.Action                                                           : loaded 3 times (x 72B)
Class org.gradle.internal.Cast                                                        : loaded 3 times (x 73B)
Class com.android.ide.common.repository.AgpVersion$Companion                          : loaded 3 times (x 73B)
Class com.google.gson.internal.bind.CollectionTypeAdapterFactory                      : loaded 3 times (x 77B)
Class com.google.common.base.Supplier                                                 : loaded 3 times (x 72B)
Class com.android.ide.common.gradle.Version$Companion$ParseState                      : loaded 3 times (x 72B)
Class org.objectweb.asm.Attribute                                                     : loaded 3 times (x 79B)
Class org.objectweb.asm.MethodTooLargeException                                       : loaded 3 times (x 84B)
Class com.google.gson.JsonElement                                                     : loaded 3 times (x 94B)
Class com.google.common.collect.ImmutableMapEntrySet$RegularEntrySet                  : loaded 3 times (x 154B)
Class [Lcom.android.builder.model.v2.ide.ProjectType;                                 : loaded 3 times (x 71B)
Class com.google.common.util.concurrent.AbstractFuture$Listener                       : loaded 3 times (x 74B)
Class org.objectweb.asm.RecordComponentWriter                                         : loaded 3 times (x 79B)
Class com.google.gson.JsonPrimitive                                                   : loaded 3 times (x 95B)
Class com.google.gson.internal.sql.SqlTimestampTypeAdapter$1                          : loaded 3 times (x 77B)
Class com.google.common.cache.CacheStats                                              : loaded 3 times (x 73B)
Class org.objectweb.asm.AnnotationWriter                                              : loaded 3 times (x 80B)
Class [Lcom.google.common.cache.CacheBuilder$OneWeigher;                              : loaded 3 times (x 71B)
Class com.google.common.base.Suppliers                                                : loaded 3 times (x 73B)
Class com.google.common.collect.ImmutableSet$Builder                                  : loaded 3 times (x 87B)
Class com.google.common.collect.RegularImmutableMap$Values                            : loaded 3 times (x 209B)
Class com.google.gson.internal.bind.JsonAdapterAnnotationTypeAdapterFactory$DummyTypeAdapterFactory: loaded 3 times (x 77B)
Class com.google.gson.internal.bind.TypeAdapters$31                                   : loaded 3 times (x 78B)
Class com.google.gson.JsonSyntaxException                                             : loaded 3 times (x 84B)
Class com.google.gson.reflect.TypeToken                                               : loaded 3 times (x 77B)
Class [Lcom.google.gson.Strictness;                                                   : loaded 3 times (x 71B)
Class com.google.common.cache.LocalCache$EntryFactory$4                               : loaded 3 times (x 85B)
Class org.objectweb.asm.Symbol                                                        : loaded 3 times (x 75B)
Class com.google.gson.ToNumberPolicy$1                                                : loaded 3 times (x 85B)
Class com.google.gson.LongSerializationPolicy$2                                       : loaded 3 times (x 82B)
Class [Lcom.google.common.cache.CacheBuilder$NullListener;                            : loaded 3 times (x 71B)
Class org.objectweb.asm.ByteVector                                                    : loaded 3 times (x 81B)
Class com.google.common.math.IntMath$1                                                : loaded 3 times (x 73B)
Class com.google.gson.LongSerializationPolicy$1                                       : loaded 3 times (x 82B)
Class org.objectweb.asm.Type                                                          : loaded 3 times (x 74B)
Class [Lcom.google.gson.FieldNamingStrategy;                                          : loaded 3 times (x 71B)
Class com.google.common.cache.LocalCache$StrongValueReference                         : loaded 3 times (x 92B)
Class com.google.common.collect.Sets$SetView                                          : loaded 3 times (x 141B)
Class com.google.common.collect.Maps$8                                                : loaded 3 times (x 84B)
Class com.google.gson.JsonIOException                                                 : loaded 3 times (x 84B)
Class [Lorg.objectweb.asm.AnnotationWriter;                                           : loaded 3 times (x 71B)
Class com.google.gson.internal.bind.ReflectiveTypeAdapterFactory$RecordAdapter        : loaded 3 times (x 79B)
Class com.google.common.cache.LocalCache$LoadingValueReference                        : loaded 3 times (x 98B)
Class [Lcom.google.common.collect.ImmutableEntry;                                     : loaded 3 times (x 71B)
Class com.google.gson.internal.bind.TypeAdapters$32                                   : loaded 3 times (x 78B)
Class com.google.gson.internal.sql.SqlDateTypeAdapter                                 : loaded 3 times (x 76B)
Class com.google.common.collect.Maps                                                  : loaded 3 times (x 73B)
Class com.google.common.util.concurrent.LazyLogger                                    : loaded 3 times (x 74B)
Class com.android.builder.model.v2.ide.ProjectType                                    : loaded 3 times (x 81B)
Class org.jetbrains.kotlin.tooling.core.HasExtras                                     : loaded 3 times (x 72B)
Class com.google.common.util.concurrent.Uninterruptibles                              : loaded 3 times (x 73B)
Class com.google.gson.JsonParseException                                              : loaded 3 times (x 84B)
Class com.google.common.cache.CacheBuilder$OneWeigher                                 : loaded 3 times (x 84B)
Class com.google.gson.internal.Excluder                                               : loaded 3 times (x 77B)
Class com.google.common.collect.ImmutableMapEntry$NonTerminalImmutableMapEntry        : loaded 3 times (x 87B)
Class com.google.common.cache.LocalCache$EntryFactory$5                               : loaded 3 times (x 85B)
Class com.google.gson.internal.bind.TypeAdapters$9                                    : loaded 3 times (x 77B)
Class com.google.common.base.Equivalence                                              : loaded 3 times (x 84B)
Class com.google.common.collect.ImmutableMapEntry                                     : loaded 3 times (x 87B)
Class com.google.gson.internal.bind.TypeAdapters$8                                    : loaded 3 times (x 77B)
Class com.google.gson.internal.bind.CollectionTypeAdapterFactory$Adapter              : loaded 3 times (x 76B)
Class com.google.gson.internal.bind.TypeAdapters$7                                    : loaded 3 times (x 77B)
Class com.google.common.math.IntMath                                                  : loaded 3 times (x 73B)
Class com.google.gson.internal.bind.TypeAdapters$6                                    : loaded 3 times (x 77B)
Class com.google.gson.internal.bind.TypeAdapters$19                                   : loaded 3 times (x 77B)
Class com.google.gson.internal.bind.ReflectiveTypeAdapterFactory$FieldReflectionAdapter: loaded 3 times (x 79B)
Class com.google.gson.ToNumberPolicy$2                                                : loaded 3 times (x 85B)
Class com.google.common.cache.LocalCache$LocalManualCache                             : loaded 3 times (x 101B)
Class com.android.ide.common.gradle.Part                                              : loaded 3 times (x 79B)
Class com.google.gson.internal.bind.TypeAdapters$5                                    : loaded 3 times (x 77B)
Class com.google.gson.internal.bind.TypeAdapters$18                                   : loaded 3 times (x 77B)
Class com.google.gson.internal.bind.SerializationDelegatingTypeAdapter                : loaded 3 times (x 76B)
Class [Lcom.google.common.cache.LocalCache$EntryFactory;                              : loaded 3 times (x 71B)
Class com.google.gson.internal.bind.TypeAdapters$4                                    : loaded 3 times (x 77B)
Class com.google.gson.internal.bind.ObjectTypeAdapter                                 : loaded 3 times (x 76B)
Class com.google.gson.internal.bind.TypeAdapters$17                                   : loaded 3 times (x 77B)
Class com.google.gson.internal.bind.TypeAdapters$3                                    : loaded 3 times (x 77B)
Class [Lcom.google.common.collect.ImmutableMapEntry;                                  : loaded 3 times (x 71B)
Class [Lcom.android.ide.common.repository.AgpVersion$PreviewKind;                     : loaded 3 times (x 71B)
Class com.google.gson.internal.bind.TypeAdapters$16                                   : loaded 3 times (x 77B)
Class com.google.gson.internal.sql.SqlTypesSupport$2                                  : loaded 3 times (x 76B)
Class com.google.common.cache.CacheLoader$SupplierToCacheLoader                       : loaded 3 times (x 77B)
Class org.objectweb.asm.RecordComponentVisitor                                        : loaded 3 times (x 79B)
Class build_c9ukr26s2hdoc9q877qfc9dk5                                                 : loaded 3 times (x 174B)
Class com.google.gson.internal.bind.TypeAdapters$15                                   : loaded 3 times (x 77B)
Class com.google.gson.internal.bind.TypeAdapters$2                                    : loaded 3 times (x 77B)
Class com.google.gson.internal.sql.SqlTypesSupport$1                                  : loaded 3 times (x 76B)
Class com.google.gson.Strictness                                                      : loaded 3 times (x 81B)
Class com.google.common.base.FunctionalEquivalence                                    : loaded 3 times (x 85B)
Class com.google.common.collect.ListMultimap                                          : loaded 3 times (x 72B)
Class com.google.common.cache.LocalCache$EntryFactory$6                               : loaded 3 times (x 85B)
Class com.google.gson.ToNumberPolicy$3                                                : loaded 3 times (x 85B)
Class com.google.common.util.concurrent.AbstractFuture                                : loaded 3 times (x 108B)
Class com.google.common.collect.AbstractMapBasedMultimap                              : loaded 3 times (x 140B)
Class com.google.common.collect.ImmutableSet$EmptySetBuilderImpl                      : loaded 3 times (x 78B)
Class com.google.common.collect.ImmutableEnumMap                                      : loaded 3 times (x 128B)
Class com.google.common.base.Converter                                                : loaded 3 times (x 92B)
Class com.google.gson.internal.bind.TypeAdapters$14                                   : loaded 3 times (x 77B)
Class build_c9ukr26s2hdoc9q877qfc9dk5$_run_closure1                                   : loaded 3 times (x 140B)
Class com.google.gson.internal.bind.TypeAdapters$1                                    : loaded 3 times (x 77B)
Class com.google.gson.internal.bind.NumberTypeAdapter$1                               : loaded 3 times (x 78B)
Class com.google.common.cache.ReferenceEntry                                          : loaded 3 times (x 72B)
Class com.google.common.util.concurrent.ListenableFuture                              : loaded 3 times (x 72B)
Class com.google.common.cache.LocalCache$EntryFactory$7                               : loaded 3 times (x 85B)
Class com.google.gson.ToNumberPolicy$4                                                : loaded 3 times (x 85B)
Class com.google.gson.internal.bind.TypeAdapters$13                                   : loaded 3 times (x 77B)
Class com.google.common.cache.LocalCache$EntryFactory$8                               : loaded 3 times (x 85B)
Class [Lcom.google.gson.ToNumberStrategy;                                             : loaded 3 times (x 71B)
Class com.google.gson.internal.bind.TypeAdapters$12                                   : loaded 3 times (x 77B)
Class com.google.common.collect.RegularImmutableMap$KeySet                            : loaded 3 times (x 154B)
Class com.google.common.cache.LocalCache$LocalManualCache$1                           : loaded 3 times (x 77B)
Class com.android.ide.common.repository.AgpVersion$PreviewKind$Companion              : loaded 3 times (x 73B)
Class [Lcom.google.gson.FieldNamingPolicy;                                            : loaded 3 times (x 71B)
Class com.google.common.collect.Sets$1                                                : loaded 3 times (x 143B)
Class org.objectweb.asm.AnnotationVisitor                                             : loaded 3 times (x 80B)
Class com.android.ide.common.gradle.Numeric                                           : loaded 3 times (x 79B)
Class com.google.gson.internal.bind.TypeAdapters$11                                   : loaded 3 times (x 77B)
Class com.google.gson.internal.sql.SqlTypesSupport                                    : loaded 3 times (x 73B)
Class com.google.common.util.concurrent.internal.InternalFutureFailureAccess          : loaded 3 times (x 74B)
Class com.google.common.collect.ImmutableSet$JdkBackedSetBuilderImpl                  : loaded 3 times (x 78B)
Class com.google.common.collect.ImmutableBiMap                                        : loaded 3 times (x 145B)
Class com.google.gson.internal.bind.TypeAdapters                                      : loaded 3 times (x 73B)
Class com.google.gson.FormattingStyle                                                 : loaded 3 times (x 80B)
Class com.google.gson.FieldNamingPolicy                                               : loaded 3 times (x 85B)
Class com.google.gson.internal.bind.TypeAdapters$10                                   : loaded 3 times (x 77B)
Class com.google.gson.internal.bind.ReflectiveTypeAdapterFactory$Adapter              : loaded 3 times (x 79B)
Class com.google.common.cache.CacheLoader                                             : loaded 3 times (x 76B)
Class com.google.gson.internal.bind.ObjectTypeAdapter$1                               : loaded 3 times (x 78B)
Class [Lorg.objectweb.asm.SymbolTable$Entry;                                          : loaded 3 times (x 71B)
Class com.google.common.collect.AbstractListMultimap                                  : loaded 3 times (x 173B)
Class com.android.builder.model.v2.models.ndk.NativeModule                            : loaded 3 times (x 72B)
Class com.google.common.cache.LocalCache$Segment                                      : loaded 3 times (x 155B)
Class com.google.common.collect.ImmutableMap$IteratorBasedImmutableMap                : loaded 3 times (x 128B)
Class com.google.gson.internal.sql.SqlDateTypeAdapter$1                               : loaded 3 times (x 77B)
Class com.google.common.cache.LocalCache$ComputingValueReference                      : loaded 3 times (x 98B)
Class com.google.common.collect.Sets$2                                                : loaded 3 times (x 143B)
Class com.google.common.base.Equivalence$Identity                                     : loaded 3 times (x 84B)
Class com.google.gson.internal.sql.SqlTimestampTypeAdapter                            : loaded 3 times (x 78B)
Class com.google.gson.internal.bind.ReflectiveTypeAdapterFactory                      : loaded 3 times (x 77B)
Class com.google.common.base.Suppliers$SupplierOfInstance                             : loaded 3 times (x 81B)
Class com.google.common.base.PairwiseEquivalence                                      : loaded 3 times (x 85B)
Class com.google.gson.JsonArray                                                       : loaded 3 times (x 102B)
Class com.google.gson.FieldNamingStrategy                                             : loaded 3 times (x 72B)
Class org.objectweb.asm.Edge                                                          : loaded 3 times (x 74B)
Class org.objectweb.asm.SymbolTable$Entry                                             : loaded 3 times (x 75B)
Class com.google.gson.Gson                                                            : loaded 3 times (x 74B)
Class com.google.gson.internal.bind.JsonTreeWriter                                    : loaded 3 times (x 100B)
Class com.google.common.cache.CacheLoader$1                                           : loaded 3 times (x 77B)
Class com.google.gson.internal.bind.ArrayTypeAdapter$1                                : loaded 3 times (x 77B)
Class com.google.common.cache.CacheBuilder                                            : loaded 3 times (x 74B)
Class com.google.common.collect.ForwardingObject                                      : loaded 3 times (x 74B)
Class com.android.builder.model.v2.AndroidModel                                       : loaded 3 times (x 72B)
Class com.google.gson.Gson$1                                                          : loaded 3 times (x 78B)
Class com.google.common.primitives.IntsMethodsForWeb                                  : loaded 3 times (x 73B)
Class com.google.gson.ToNumberPolicy                                                  : loaded 3 times (x 85B)
Class [Lcom.google.gson.ToNumberPolicy;                                               : loaded 3 times (x 71B)
Class com.google.common.cache.RemovalListener                                         : loaded 3 times (x 72B)
Class com.google.common.collect.ImmutableMap$Builder                                  : loaded 3 times (x 84B)
Class com.google.common.util.concurrent.AbstractFuture$Cancellation                   : loaded 3 times (x 74B)
Class com.google.common.cache.Cache                                                   : loaded 3 times (x 72B)
Class com.google.common.cache.LocalCache$Strength                                     : loaded 3 times (x 83B)
Class com.google.common.base.Stopwatch                                                : loaded 3 times (x 74B)
Class [Lorg.objectweb.asm.AnnotationVisitor;                                          : loaded 3 times (x 71B)
Class com.google.common.cache.Weigher                                                 : loaded 3 times (x 72B)
Class com.google.common.collect.ImmutableMapEntrySet                                  : loaded 3 times (x 154B)
Class com.google.gson.internal.ObjectConstructor                                      : loaded 3 times (x 72B)
Class com.google.common.collect.Sets$3                                                : loaded 3 times (x 143B)
Class com.android.utils.StringHelper                                                  : loaded 3 times (x 73B)
Class com.google.common.collect.ArrayListMultimapGwtSerializationDependencies         : loaded 3 times (x 173B)
Class com.google.common.collect.Multiset                                              : loaded 3 times (x 72B)
Class com.google.common.math.MathPreconditions                                        : loaded 3 times (x 73B)
Class com.android.ide.common.repository.AgpVersion                                    : loaded 3 times (x 77B)
Class com.google.common.cache.AbstractCache$StatsCounter                              : loaded 3 times (x 72B)
Class com.google.common.primitives.Ints                                               : loaded 3 times (x 73B)
Class com.android.builder.model.v2.CustomSourceDirectory                              : loaded 3 times (x 72B)
Class com.google.common.collect.BiMap                                                 : loaded 3 times (x 72B)
Class com.google.common.cache.LocalCache$LocalLoadingCache                            : loaded 3 times (x 136B)
Class com.google.common.collect.ImmutableMap$1                                        : loaded 3 times (x 83B)
Class com.google.common.collect.IndexedImmutableSet                                   : loaded 3 times (x 154B)
Class com.google.gson.TypeAdapter                                                     : loaded 3 times (x 75B)
Class com.google.gson.ToNumberStrategy                                                : loaded 3 times (x 72B)
Class org.objectweb.asm.FieldVisitor                                                  : loaded 3 times (x 79B)
Class com.google.gson.internal.bind.ReflectiveTypeAdapterFactory$2                    : loaded 3 times (x 80B)
Class com.google.gson.Gson$2                                                          : loaded 3 times (x 78B)
Class com.google.common.cache.CacheLoader$UnsupportedLoadingOperationException        : loaded 3 times (x 84B)
Class com.android.ide.common.gradle.Separator                                         : loaded 3 times (x 81B)
Class org.objectweb.asm.ClassWriter                                                   : loaded 3 times (x 107B)
Class com.google.gson.internal.bind.ReflectiveTypeAdapterFactory$1                    : loaded 3 times (x 76B)
Class com.google.gson.internal.bind.DefaultDateTypeAdapter$DateType                   : loaded 3 times (x 75B)
Class com.google.common.util.concurrent.UncheckedExecutionException                   : loaded 3 times (x 84B)
Class com.google.common.collect.Sets$4                                                : loaded 3 times (x 143B)
Class com.google.gson.internal.bind.ReflectiveTypeAdapterFactory$BoundField           : loaded 3 times (x 77B)
Class com.google.gson.Gson$3                                                          : loaded 3 times (x 77B)
Class com.google.common.util.concurrent.AbstractFuture$Trusted                        : loaded 3 times (x 72B)
Class org.objectweb.asm.ModuleVisitor                                                 : loaded 3 times (x 83B)
Class com.google.gson.internal.sql.SqlTimeTypeAdapter$1                               : loaded 3 times (x 77B)
Class com.google.gson.internal.bind.MapTypeAdapterFactory$Adapter                     : loaded 3 times (x 76B)
Class com.google.gson.internal.bind.DefaultDateTypeAdapter$1                          : loaded 3 times (x 77B)
Class com.google.common.collect.ImmutableList$Builder                                 : loaded 3 times (x 79B)
Class com.google.common.cache.LocalCache$2                                            : loaded 3 times (x 144B)
Class com.google.common.collect.AbstractMultimap                                      : loaded 3 times (x 125B)
Class com.google.common.cache.LocalCache$Strength$1                                   : loaded 3 times (x 83B)
Class com.google.common.collect.AbstractMapEntry                                      : loaded 3 times (x 83B)
Class com.google.gson.internal.bind.TypeAdapterRuntimeTypeWrapper                     : loaded 3 times (x 76B)
Class com.google.common.cache.LocalCache$1                                            : loaded 3 times (x 91B)
Class com.google.gson.Gson$4                                                          : loaded 3 times (x 78B)
Class com.google.common.collect.SingletonImmutableBiMap                               : loaded 3 times (x 145B)
Class com.google.common.base.Ascii                                                    : loaded 3 times (x 73B)
Class com.google.gson.internal.ConstructorConstructor                                 : loaded 3 times (x 74B)
Class com.google.gson.stream.JsonWriter                                               : loaded 3 times (x 100B)
Class [Lorg.objectweb.asm.Type;                                                       : loaded 3 times (x 71B)
Class com.google.common.collect.Platform                                              : loaded 3 times (x 73B)
Class com.google.common.base.Joiner                                                   : loaded 3 times (x 82B)
Class com.google.gson.GsonBuilder                                                     : loaded 3 times (x 74B)
Class com.google.gson.internal.bind.DefaultDateTypeAdapter                            : loaded 3 times (x 76B)
Class com.google.common.base.MoreObjects                                              : loaded 3 times (x 73B)
Class org.jetbrains.kotlin.tooling.core.Extras                                        : loaded 3 times (x 72B)
Class com.google.common.cache.CacheLoader$FunctionToCacheLoader                       : loaded 3 times (x 77B)
Class com.google.gson.Gson$5                                                          : loaded 3 times (x 78B)
Class com.google.gson.LongSerializationPolicy                                         : loaded 3 times (x 82B)
Class com.google.common.cache.CacheBuilder$NullListener                               : loaded 3 times (x 84B)
Class org.objectweb.asm.FieldWriter                                                   : loaded 3 times (x 79B)
Class com.google.common.util.concurrent.SettableFuture                                : loaded 3 times (x 116B)
Class com.google.common.cache.LocalCache$Strength$2                                   : loaded 3 times (x 83B)
Class com.google.common.collect.MapDifference                                         : loaded 3 times (x 72B)
Class com.google.common.cache.LocalCache$Strength$3                                   : loaded 3 times (x 83B)
Class com.android.build.gradle.internal.services.RunOnceBuildServiceImpl              : loaded 2 times (x 84B)
Class com.amazon.ion.IonTimestamp                                                     : loaded 2 times (x 72B)
Class com.amazon.ion.impl.bin.PooledBlockAllocatorProvider$PooledBlockAllocator       : loaded 2 times (x 83B)
Class com.intellij.platform.diagnostic.telemetry.rt.context.TelemetryContextGetter    : loaded 2 times (x 77B)
Class org.jetbrains.plugins.gradle.tooling.serialization.GradleExtensionsSerializationService: loaded 2 times (x 79B)
Class org.gradle.api.JavaVersion                                                      : loaded 2 times (x 81B)
Class org.gradle.tooling.model.Dependency                                             : loaded 2 times (x 72B)
Class com.android.build.gradle.internal.tasks.factory.TaskConfigurationActions        : loaded 2 times (x 77B)
Class com.android.build.gradle.internal.VariantManager$Companion                      : loaded 2 times (x 73B)
Class com.android.build.gradle.internal.packaging.PackagingOptionsUtilsKt             : loaded 2 times (x 73B)
Class com.google.common.base.CaseFormat$5                                             : loaded 2 times (x 85B)
Class com.android.builder.model.ClassField                                            : loaded 2 times (x 72B)
Class com.android.build.api.dsl.DataBinding                                           : loaded 2 times (x 72B)
Class org.jetbrains.kotlin.gradle.plugin.mpp.KotlinUsages$KotlinCinteropDisambiguation: loaded 2 times (x 78B)
Class org.jetbrains.kotlin.gradle.report.BuildReportType$Companion                    : loaded 2 times (x 73B)
Class org.jetbrains.kotlin.gradle.plugin.KotlinPluginInMultipleProjectsHolder         : loaded 2 times (x 74B)
Class com.google.protobuf.InvalidProtocolBufferException$InvalidWireTypeException     : loaded 2 times (x 89B)
Class com.android.build.gradle.internal.profile.AnalyticsConfiguratorService          : loaded 2 times (x 84B)
Class com.google.protobuf.Internal$BooleanList                                        : loaded 2 times (x 72B)
Class com.google.protobuf.Internal$FloatList                                          : loaded 2 times (x 72B)
Class com.google.protobuf.MessageLiteOrBuilder                                        : loaded 2 times (x 72B)
Class com.google.protobuf.ExtensionRegistry                                           : loaded 2 times (x 89B)
Class com.google.common.io.ByteStreams                                                : loaded 2 times (x 73B)
Class com.android.builder.model.v2.ide.AbstractArtifact                               : loaded 2 times (x 72B)
Class com.amazon.ion.IonDatagram                                                      : loaded 2 times (x 72B)
Class com.amazon.ion.impl.bin.IonManagedBinaryWriter$ImportedSymbolResolverMode$1$1   : loaded 2 times (x 80B)
Class com.amazon.ion.impl._Private_ByteTransferSink                                   : loaded 2 times (x 72B)
Class com.intellij.openapi.externalSystem.model.project.dependencies.ResolutionState  : loaded 2 times (x 81B)
Class kotlin.text.StringsKt__RegexExtensionsJVMKt                                     : loaded 2 times (x 73B)
Class com.google.common.collect.AllEqualOrdering                                      : loaded 2 times (x 116B)
Class kotlin.collections.ArraysKt___ArraysJvmKt                                       : loaded 2 times (x 73B)
Class kotlin.collections.CollectionsKt__CollectionsKt                                 : loaded 2 times (x 73B)
Class com.android.build.gradle.internal.dsl.ComposeOptionsImpl                        : loaded 2 times (x 84B)
Class com.android.build.api.dsl.TestCoverage                                          : loaded 2 times (x 72B)
Class com.android.build.api.dsl.Shaders                                               : loaded 2 times (x 72B)
Class com.android.build.gradle.internal.dsl.AaptOptions                               : loaded 2 times (x 117B)
Class com.android.build.api.dsl.BaselineProfile                                       : loaded 2 times (x 72B)
Class org.bouncycastle.jcajce.provider.config.ConfigurableProvider                    : loaded 2 times (x 72B)
Class com.android.build.api.dsl.DynamicFeatureBaseFlavor                              : loaded 2 times (x 72B)
Class com.android.builder.core.ComponentTypeImpl                                      : loaded 2 times (x 106B)
Class [Lorg.jetbrains.kotlin.gradle.dsl.JvmTarget;                                    : loaded 2 times (x 71B)
Class org.jetbrains.kotlin.gradle.plugin.mpp.KotlinUsages$KotlinMetadataCompatibility : loaded 2 times (x 78B)
Class org.jetbrains.kotlin.gradle.internal.properties.PropertiesBuildService$property$1$1: loaded 2 times (x 77B)
Class org.jetbrains.kotlin.gradle.utils.ConfigurationsKt$maybeCreateResolvable$1      : loaded 2 times (x 80B)
Class org.jetbrains.kotlin.tooling.core.Extras$Type                                   : loaded 2 times (x 74B)
Class org.jetbrains.kotlin.gradle.plugin.mpp.AbstractKotlinCompilationToRunnableFiles : loaded 2 times (x 198B)
Class com.android.build.gradle.internal.services.Aapt2DaemonBuildService$Parameters_Decorated: loaded 2 times (x 129B)
Class com.google.common.base.CaseFormat$4                                             : loaded 2 times (x 85B)
Class com.android.build.gradle.internal.res.Aapt2FromMaven$Companion$Aapt2Extractor   : loaded 2 times (x 80B)
Class com.android.build.gradle.internal.VariantDimensionData                          : loaded 2 times (x 74B)
Class com.android.build.api.variant.HasAndroidTestBuilder                             : loaded 2 times (x 72B)
Class org.jetbrains.plugins.gradle.model.ExternalLibraryDependency                    : loaded 2 times (x 72B)
Class kotlin.text.Regex$Companion                                                     : loaded 2 times (x 73B)
Class org.gradle.internal.classpath.TransformedClassPath                              : loaded 2 times (x 101B)
Class org.gradle.internal.classloader.InstrumentingClassLoader                        : loaded 2 times (x 72B)
Class com.android.build.gradle.internal.tasks.UsesAnalytics                           : loaded 2 times (x 72B)
Class com.android.build.gradle.internal.tasks.SigningConfigUtils                      : loaded 2 times (x 73B)
Class com.android.build.gradle.internal.dsl.BundleOptionsDeviceTier$AgpDecorated      : loaded 2 times (x 87B)
Class com.android.build.gradle.internal.dsl.EmulatorControl$AgpDecorated_Decorated    : loaded 2 times (x 135B)
Class com.android.build.gradle.internal.dsl.BaselineProfileImpl$AgpDecorated          : loaded 2 times (x 86B)
Class com.android.build.gradle.internal.dsl.decorator.DslDecorator$CollectingInfoVisitor: loaded 2 times (x 77B)
Class com.android.build.gradle.internal.dsl.decorator.DslDecorator$Companion          : loaded 2 times (x 73B)
Class com.android.build.api.dsl.AnnotationProcessorOptions                            : loaded 2 times (x 72B)
Class com.android.builder.model.BuildType                                             : loaded 2 times (x 72B)
Class org.jetbrains.kotlin.gradle.plugin.statistics.BuildFusServiceKt                 : loaded 2 times (x 73B)
Class org.jetbrains.kotlin.gradle.plugin.BuildFinishedListenerService$Companion       : loaded 2 times (x 73B)
Class org.jetbrains.kotlin.gradle.plugin.BuildFinishedListenerService                 : loaded 2 times (x 82B)
Class org.jetbrains.kotlin.gradle.plugin.KotlinBaseApiPlugin$kotlinExtension$2        : loaded 2 times (x 81B)
Class com.android.build.api.dsl.TestFixtures                                          : loaded 2 times (x 72B)
Class com.android.build.gradle.internal.AvdComponentsBuildService$Parameters_Decorated: loaded 2 times (x 159B)
Class com.android.build.gradle.internal.plugins.BasePlugin$configureProject$1         : loaded 2 times (x 77B)
Class com.android.build.gradle.internal.services.StringCachingBuildService$RegistrationAction: loaded 2 times (x 76B)
Class com.android.build.api.extension.impl.VariantSelectorImpl                        : loaded 2 times (x 94B)
Class com.google.protobuf.AbstractParser                                              : loaded 2 times (x 152B)
Class com.google.common.collect.AbstractBiMap$Inverse                                 : loaded 2 times (x 164B)
Class com.android.build.gradle.options.IntegerOption                                  : loaded 2 times (x 87B)
Class com.android.build.gradle.internal.TaskManager$Companion$createTasksBeforeEvaluate$9: loaded 2 times (x 76B)
Class com.android.build.gradle.internal.core.dsl.ComponentDslInfo                     : loaded 2 times (x 72B)
Class com.android.build.api.variant.AndroidComponents                                 : loaded 2 times (x 72B)
Class com.android.build.gradle.internal.plugins.BasePlugin                            : loaded 2 times (x 96B)
Class com.google.common.collect.ImmutableListMultimap                                 : loaded 2 times (x 178B)
Class com.amazon.ion.IonValue                                                         : loaded 2 times (x 72B)
Class com.google.common.collect.ImmutableRangeSet$AsSet                               : loaded 2 times (x 302B)
Class kotlin.jvm.internal.FunctionReference                                           : loaded 2 times (x 128B)
Class [Lkotlin.coroutines.intrinsics.CoroutineSingletons;                             : loaded 2 times (x 71B)
Class kotlin.jvm.internal.FunctionBase                                                : loaded 2 times (x 72B)
Class kotlin.enums.EnumEntriesList                                                    : loaded 2 times (x 225B)
Class com.android.build.gradle.internal.services.VariantServices                      : loaded 2 times (x 72B)
Class com.android.build.gradle.internal.CompileOptions$Companion                      : loaded 2 times (x 73B)
Class com.android.build.gradle.internal.dsl.decorator.ApplicationInstallationImpl$AgpDecorated: loaded 2 times (x 101B)
Class com.android.builder.core.DefaultVectorDrawablesOptions                          : loaded 2 times (x 82B)
Class com.android.build.gradle.internal.dsl.BaselineProfileImpl                       : loaded 2 times (x 81B)
Class com.android.build.gradle.internal.dsl.ExternalNativeBuild                       : loaded 2 times (x 93B)
Class com.android.build.gradle.internal.dsl.decorator.LockableMap                     : loaded 2 times (x 129B)
Class com.android.build.gradle.internal.dsl.BuildType                                 : loaded 2 times (x 370B)
Class org.jetbrains.kotlin.gradle.plugin.KotlinSourceSetTree                          : loaded 2 times (x 74B)
Class org.jetbrains.kotlin.gradle.plugin.sources.KotlinSourceSetFactory               : loaded 2 times (x 82B)
Class org.jetbrains.kotlin.gradle.targets.native.toolchain.KotlinNativeBundleBuildService$Parameters_Decorated: loaded 2 times (x 141B)
Class org.jetbrains.kotlin.gradle.internal.ClassLoadersCachingBuildService$Companion  : loaded 2 times (x 73B)
Class org.jetbrains.kotlin.gradle.internal.IdeaKt$isInIdeaSync$1                      : loaded 2 times (x 76B)
Class com.android.build.gradle.internal.plugins.BasePlugin$configureProject$2         : loaded 2 times (x 77B)
Class com.google.wireless.android.sdk.stats.JavaProcessStats$1                        : loaded 2 times (x 153B)
Class org.jetbrains.plugins.gradle.model.ClasspathEntryModel                          : loaded 2 times (x 72B)
Class com.google.protobuf.GeneratedMessage$GeneratedExtension                         : loaded 2 times (x 89B)
Class com.android.build.gradle.internal.profile.AnalyticsConfiguratorService$Params_Decorated: loaded 2 times (x 132B)
Class org.jetbrains.kotlin.idea.gradleTooling.KotlinDslScriptAdditionalTask           : loaded 2 times (x 72B)
Class com.google.gson.JsonSerializer                                                  : loaded 2 times (x 72B)
Class [Lcom.android.ide.common.blame.Message$Kind;                                    : loaded 2 times (x 71B)
Class org.jetbrains.kotlin.idea.gradleTooling.model.kapt.KaptGradleModel              : loaded 2 times (x 72B)
Class com.android.build.gradle.internal.errors.MessageReceiverImpl                    : loaded 2 times (x 77B)
Class com.android.build.gradle.internal.variant.VariantInputModel                     : loaded 2 times (x 72B)
Class com.google.common.collect.EmptyImmutableListMultimap                            : loaded 2 times (x 178B)
Class com.google.common.collect.BaseImmutableMultimap                                 : loaded 2 times (x 125B)
Class com.google.common.io.ByteArrayDataInput                                         : loaded 2 times (x 72B)
Class com.amazon.ion.impl.bin.IonRawBinaryWriter$ContainerType                        : loaded 2 times (x 81B)
Class com.amazon.ion.impl._Private_IonTextWriterBuilder$Mutable                       : loaded 2 times (x 103B)
Class kotlin.comparisons.ComparisonsKt___ComparisonsJvmKt                             : loaded 2 times (x 73B)
Class kotlin.collections.CollectionsKt__IteratorsJVMKt                                : loaded 2 times (x 73B)
Class com.android.build.api.dsl.Lint                                                  : loaded 2 times (x 72B)
Class com.android.build.gradle.internal.dsl.MinSdkProperties                          : loaded 2 times (x 72B)
Class com.android.build.gradle.internal.variant.LegacyVariantInputManager             : loaded 2 times (x 99B)
Class org.jetbrains.kotlin.build.report.metrics.GradleBuildTime                       : loaded 2 times (x 88B)
Class org.jetbrains.kotlin.gradle.utils.IsolatedKotlinClasspathClassCastException     : loaded 2 times (x 84B)
Class com.android.build.gradle.internal.plugins.BasePlugin$configureProject$3         : loaded 2 times (x 79B)
Class com.android.build.gradle.internal.ide.dependencies.MavenCoordinatesCacheBuildService: loaded 2 times (x 82B)
Class com.android.builder.profile.AnalyticsProfileWriter                              : loaded 2 times (x 74B)
Class com.android.build.gradle.internal.utils.AnalyticsEnabledValueSource             : loaded 2 times (x 80B)
Class com.google.common.annotations.VisibleForTesting                                 : loaded 2 times (x 72B)
Class [Lcom.android.build.gradle.options.Option;                                      : loaded 2 times (x 71B)
Class com.android.build.gradle.internal.component.ApkCreationConfig                   : loaded 2 times (x 72B)
Class com.android.build.gradle.internal.services.RunOnceBuildServiceImpl$RegistrationAction: loaded 2 times (x 75B)
Class [Lorg.objectweb.asm.Attribute;                                                  : loaded 2 times (x 71B)
Class com.android.builder.model.v2.ide.TestInfo$Execution                             : loaded 2 times (x 81B)
Class com.google.gson.internal.Primitives                                             : loaded 2 times (x 73B)
Class org.jetbrains.kotlin.idea.gradleTooling.KotlinSourceSetContainer                : loaded 2 times (x 72B)
Class io.opentelemetry.context.ContextStorageWrappers                                 : loaded 2 times (x 73B)
Class io.opentelemetry.context.propagation.DefaultContextPropagators                  : loaded 2 times (x 77B)
Class org.jetbrains.plugins.gradle.model.IntelliJSettings                             : loaded 2 times (x 72B)
Class kotlin.Result                                                                   : loaded 2 times (x 74B)
Class org.gradle.internal.service.ServiceLocator                                      : loaded 2 times (x 72B)
Class com.android.build.api.artifact.impl.ArtifactNamingContext                       : loaded 2 times (x 74B)
Class com.android.ide.common.blame.MessageReceiver                                    : loaded 2 times (x 72B)
Class com.android.build.api.dsl.ExternalNativeBuild                                   : loaded 2 times (x 72B)
Class com.android.build.gradle.internal.dsl.BundleOptionsDensity                      : loaded 2 times (x 79B)
Class com.android.build.api.dsl.Bundle                                                : loaded 2 times (x 72B)
Class com.android.build.gradle.internal.dsl.decorator.SupportedPropertyType$Collection$List: loaded 2 times (x 76B)
Class com.android.build.api.dsl.LibraryProductFlavor                                  : loaded 2 times (x 72B)
Class com.android.build.gradle.internal.plugins.BasePlugin$configureProject$4         : loaded 2 times (x 76B)
Class com.android.build.gradle.internal.errors.DeprecationReporterImpl$Companion      : loaded 2 times (x 73B)
Class com.android.build.gradle.internal.lint.LintFromMaven$Companion$from$configuration$1: loaded 2 times (x 76B)
Class com.android.tools.analytics.AnalyticsSettingsData                               : loaded 2 times (x 74B)
Class com.android.build.gradle.internal.res.Aapt2FromMaven$Companion$create$aapt2Directory$1: loaded 2 times (x 76B)
Class com.google.wireless.android.sdk.stats.GradleBuildProjectOrBuilder               : loaded 2 times (x 72B)
Class com.android.ide.common.blame.Message$Kind$Companion                             : loaded 2 times (x 73B)
Class com.android.build.gradle.internal.profile.AnalyticsResourceManager              : loaded 2 times (x 74B)
Class com.android.build.gradle.internal.core.dsl.ConsumableComponentDslInfo           : loaded 2 times (x 72B)
Class com.android.repository.Revision                                                 : loaded 2 times (x 89B)
Class com.android.build.gradle.internal.variant.AbstractVariantInputManager           : loaded 2 times (x 99B)
Class com.android.build.gradle.internal.tasks.factory.GlobalTaskCreationConfigImpl    : loaded 2 times (x 137B)
Class com.android.build.gradle.AbstractAppExtension                                   : loaded 2 times (x 217B)
Class com.android.build.gradle.BasePlugin                                             : loaded 2 times (x 78B)
Class com.amazon.ion.impl.IonWriterSystem                                             : loaded 2 times (x 172B)
Class com.amazon.ion.impl.bin.Symbols$2                                               : loaded 2 times (x 109B)
Class com.amazon.ion.impl.bin._Private_IonManagedWriter                               : loaded 2 times (x 72B)
Class com.intellij.gradle.toolingExtension.util.GradleVersionUtil                     : loaded 2 times (x 73B)
Class com.android.ide.gradle.model.GradlePropertiesModel                              : loaded 2 times (x 72B)
Class kotlin.sequences.TransformingSequence$iterator$1                                : loaded 2 times (x 81B)
Class kotlin.Pair                                                                     : loaded 2 times (x 74B)
Class org.gradle.tooling.internal.adapter.ProtocolToModelAdapter$SupportedPropertyInvoker: loaded 2 times (x 78B)
Class org.gradle.tooling.model.UnsupportedMethodException                             : loaded 2 times (x 84B)
Class [Lcom.android.build.gradle.ProguardFiles$ProguardFile;                          : loaded 2 times (x 71B)
Class com.android.build.api.dsl.SingleVariant                                         : loaded 2 times (x 72B)
Class com.android.build.gradle.internal.dsl.BundleOptionsLanguage$AgpDecorated        : loaded 2 times (x 83B)
Class com.android.build.gradle.internal.AvdComponentsBuildService$Parameters          : loaded 2 times (x 72B)
Class org.jetbrains.kotlin.gradle.plugin.KotlinTargetPreset                           : loaded 2 times (x 72B)
Class org.jetbrains.kotlin.gradle.utils.FileUtilsKt$localProperties$1                 : loaded 2 times (x 77B)
Class org.jetbrains.kotlin.gradle.dsl.HasConfigurableKotlinCompilerOptions            : loaded 2 times (x 72B)
Class com.android.build.gradle.internal.plugins.BasePlugin$configureProject$5         : loaded 2 times (x 76B)
Class com.android.build.gradle.internal.lint.LintFixBuildService                      : loaded 2 times (x 77B)
Class org.jetbrains.kotlin.gradle.plugin.mpp.AbstractKotlinTarget                     : loaded 2 times (x 152B)
Class com.google.wireless.android.sdk.stats.GradleBuildProject                        : loaded 2 times (x 261B)
Class com.google.wireless.android.sdk.stats.GradleBuildProfileSpan$ExecutionType      : loaded 2 times (x 89B)
Class com.android.build.gradle.internal.errors.SyncIssueReporterImpl$GlobalSyncIssueService: loaded 2 times (x 84B)
Class com.android.build.gradle.internal.errors.DeprecationReporterImpl                : loaded 2 times (x 85B)
Class com.android.build.gradle.internal.errors.AndroidProblemReporterProvider$RegistrationAction: loaded 2 times (x 76B)
Class com.android.build.gradle.options.ProjectOptions                                 : loaded 2 times (x 74B)
Class com.android.build.gradle.internal.services.RunOnceBuildServiceImpl$ActionName   : loaded 2 times (x 74B)
Class com.android.builder.model.v2.ide.BytecodeTransformation                         : loaded 2 times (x 81B)
Class com.google.common.collect.Sets$ImprovedAbstractSet                              : loaded 2 times (x 137B)
Class org.jetbrains.kotlin.gradle.internal.properties.NativePropertiesLoader$kotlinNativeVersion$1: loaded 2 times (x 77B)
Class com.amazon.ion.impl.lite.IonContainerLite                                       : loaded 2 times (x 250B)
Class com.amazon.ion.IonBufferConfiguration$OversizedSymbolTableHandler               : loaded 2 times (x 72B)
Class com.amazon.ion.system.IonWriterBuilder                                          : loaded 2 times (x 76B)
Class org.jetbrains.plugins.gradle.tooling.serialization.ToolingStreamApiUtils        : loaded 2 times (x 73B)
Class com.amazon.ion.facet.Faceted                                                    : loaded 2 times (x 72B)
Class kotlin.collections.CollectionsKt__MutableCollectionsKt                          : loaded 2 times (x 73B)
Class com.android.build.gradle.internal.tasks.factory.TaskProviderCallback            : loaded 2 times (x 72B)
Class com.android.build.gradle.internal.services.FakeDependencyJarBuildService$FakeDependencyJarCreator$Params_Decorated: loaded 2 times (x 134B)
Class com.android.build.gradle.internal.services.FakeDependencyJarBuildService$FakeDependencyJarCreator: loaded 2 times (x 82B)
Class com.android.build.gradle.internal.dsl.BundleOptionsAiModelVersion$AgpDecorated  : loaded 2 times (x 87B)
Class com.android.build.gradle.internal.dsl.decorator.ApplicationInstallationImpl$AgpDecorated_Decorated: loaded 2 times (x 145B)
Class [Lcom.android.resources.Density;                                                : loaded 2 times (x 71B)
Class com.android.build.gradle.internal.dsl.ExternalNativeBuildOptions_Decorated      : loaded 2 times (x 140B)
Class com.google.common.util.concurrent.AbstractFuture$UnsafeAtomicHelper$1           : loaded 2 times (x 78B)
Class com.android.build.gradle.internal.variant.BaseVariantFactory$Companion          : loaded 2 times (x 73B)
Class org.jetbrains.kotlin.gradle.targets.native.toolchain.UsesKotlinNativeBundleBuildService: loaded 2 times (x 72B)
Class org.jetbrains.kotlin.build.report.metrics.ValueType                             : loaded 2 times (x 81B)
Class org.jetbrains.kotlin.gradle.plugin.KotlinCompilerArgumentsProducer              : loaded 2 times (x 72B)
Class org.jetbrains.kotlin.gradle.dsl.KotlinCommonOptions                             : loaded 2 times (x 72B)
Class org.jetbrains.kotlin.gradle.dsl.KotlinSingleTargetExtension                     : loaded 2 times (x 126B)
Class com.android.build.gradle.internal.ide.dependencies.LibraryDependencyCacheBuildService$RegistrationAction: loaded 2 times (x 76B)
Class com.android.utils.DateProvider$1                                                : loaded 2 times (x 77B)
Class org.jetbrains.kotlin.gradle.targets.android.internal.InternalKotlinTargetPreset : loaded 2 times (x 72B)
Class com.android.build.api.dsl.LibraryKeepRules                                      : loaded 2 times (x 72B)
Class com.android.build.gradle.internal.variant.BaseVariantFactory                    : loaded 2 times (x 108B)
Class com.android.builder.model.v2.ide.CodeShrinker                                   : loaded 2 times (x 81B)
Class com.amazon.ion.impl.bin.utf8.Poolable                                           : loaded 2 times (x 81B)
Class com.amazon.ion.IonSymbol                                                        : loaded 2 times (x 72B)
Class io.opentelemetry.api.trace.SpanContext                                          : loaded 2 times (x 72B)
Class io.opentelemetry.api.trace.DefaultTracer$NoopSpanBuilder                        : loaded 2 times (x 93B)
Class org.jetbrains.plugins.gradle.tooling.serialization.AnnotationProcessingModelSerializationService$WriteContext: loaded 2 times (x 74B)
Class kotlin.io.TerminateException                                                    : loaded 2 times (x 84B)
Class kotlin.io.FilesKt__FilePathComponentsKt                                         : loaded 2 times (x 73B)
Class com.google.common.collect.ImmutableRangeSet$1                                   : loaded 2 times (x 212B)
Class kotlin.reflect.KCallable                                                        : loaded 2 times (x 72B)
Class com.android.build.gradle.internal.services.VariantBuilderServices               : loaded 2 times (x 72B)
Class com.android.build.api.extension.impl.OperationsRegistrar                        : loaded 2 times (x 74B)
Class com.android.tools.lint.model.LintModelSeverity                                  : loaded 2 times (x 81B)
Class com.android.build.gradle.internal.dsl.BundleOptionsAbi$AgpDecorated             : loaded 2 times (x 83B)
Class com.android.build.gradle.internal.dsl.ApplicationAndroidResourcesImpl$AgpDecorated: loaded 2 times (x 131B)
Class com.android.builder.core.AbstractProductFlavor$DimensionRequest                 : loaded 2 times (x 74B)
Class org.objectweb.asm.commons.GeneratorAdapter                                      : loaded 2 times (x 188B)
Class com.android.build.gradle.internal.dsl.LintImpl                                  : loaded 2 times (x 218B)
Class com.android.build.api.dsl.SigningConfig                                         : loaded 2 times (x 72B)
Class org.jetbrains.kotlin.gradle.dsl.DefaultToolchainSupport_Decorated               : loaded 2 times (x 122B)
Class org.jetbrains.kotlin.gradle.internal.properties.NativePropertiesLoader$jvmArgs$1: loaded 2 times (x 77B)
Class org.jetbrains.kotlin.gradle.report.BuildMetricsService$Companion                : loaded 2 times (x 73B)
Class org.jetbrains.kotlin.gradle.plugin.VariantImplementationFactories$Parameters_Decorated: loaded 2 times (x 132B)
Class org.jetbrains.kotlin.gradle.plugin.PropertiesProvider$PropertyNames             : loaded 2 times (x 73B)
Class org.jetbrains.kotlin.gradle.tasks.KotlinCompileTool                             : loaded 2 times (x 72B)
Class org.jetbrains.kotlin.gradle.utils.SingleAction$PerformedActions                 : loaded 2 times (x 74B)
Class org.jetbrains.kotlin.gradle.utils.GradleUtilsKt                                 : loaded 2 times (x 73B)
Class org.jetbrains.kotlin.gradle.plugin.HasProject                                   : loaded 2 times (x 72B)
Class com.google.common.base.CaseFormat$3                                             : loaded 2 times (x 85B)
Class com.android.io.CancellableFileIo                                                : loaded 2 times (x 73B)
Class com.google.protobuf.Descriptors$FieldDescriptor                                 : loaded 2 times (x 90B)
Class com.android.build.gradle.internal.errors.SyncIssueReporterImpl$GlobalSyncIssueService$Parameters: loaded 2 times (x 72B)
Class com.android.build.api.variant.ComponentIdentity                                 : loaded 2 times (x 72B)
Class com.android.build.gradle.internal.testing.ManagedDeviceRegistry                 : loaded 2 times (x 77B)
Class com.android.build.gradle.internal.tasks.ApplicationTaskManager                  : loaded 2 times (x 89B)
Class com.android.build.gradle.internal.dsl.BaseAppModuleExtension                    : loaded 2 times (x 461B)
Class com.android.build.gradle.AndroidConfig                                          : loaded 2 times (x 72B)
Class build_7vnbgjgzzrghux8xwifi2598n$_run_closure1                                   : loaded 2 times (x 140B)
Class org.jetbrains.kotlin.idea.gradleTooling.KotlinGradlePluginVersion               : loaded 2 times (x 72B)
Class com.intellij.compose.ide.plugin.gradleTooling.rt.ComposeResourcesModel          : loaded 2 times (x 72B)
Class com.intellij.gradle.toolingExtension.impl.util.collectionUtil.GradleCollections : loaded 2 times (x 73B)
Class com.amazon.ion.impl.lite.IonStructLite                                          : loaded 2 times (x 300B)
Class com.amazon.ion.impl._Private_ReaderWriter                                       : loaded 2 times (x 72B)
Class com.amazon.ion.impl.bin.AbstractSymbolTable                                     : loaded 2 times (x 109B)
Class com.amazon.ion.Decimal                                                          : loaded 2 times (x 136B)
Class com.amazon.ion.impl.bin._Private_IonManagedBinaryWriterBuilder$AllocatorMode$1  : loaded 2 times (x 82B)
Class org.jetbrains.plugins.gradle.tooling.serialization.ProjectDependenciesSerializationService$WriteContext: loaded 2 times (x 74B)
Class org.jetbrains.plugins.gradle.tooling.serialization.ProjectDependenciesSerializationService: loaded 2 times (x 79B)
Class kotlin.text.CharsKt                                                             : loaded 2 times (x 73B)
Class com.google.common.collect.Range                                                 : loaded 2 times (x 88B)
Class org.gradle.tooling.internal.adapter.CollectionMapper                            : loaded 2 times (x 75B)
Class com.android.build.gradle.internal.lint.AndroidLintGlobalTask$GlobalCreationAction$Companion: loaded 2 times (x 73B)
Class com.android.build.gradle.internal.tasks.LintCompile$CreationAction              : loaded 2 times (x 93B)
Class com.android.build.gradle.internal.dsl.AndroidTestImpl$AgpDecorated              : loaded 2 times (x 82B)
Class com.android.build.gradle.internal.dsl.BundleOptionsCodeTransparency$AgpDecorated_Decorated: loaded 2 times (x 127B)
Class com.android.build.gradle.internal.dsl.ManagedDevices$localDevices$1$1           : loaded 2 times (x 77B)
Class com.android.build.gradle.internal.dsl.AarMetadataImpl$AgpDecorated              : loaded 2 times (x 98B)
Class com.android.build.gradle.internal.dsl.AnnotationProcessorOptions$AgpDecorated_Decorated: loaded 2 times (x 151B)
Class com.android.resources.Density                                                   : loaded 2 times (x 94B)
Class com.android.build.gradle.internal.dsl.ExternalNativeNdkBuildOptions_Decorated   : loaded 2 times (x 154B)
Class com.android.build.api.dsl.CompileSdkBetaSpec                                    : loaded 2 times (x 72B)
Class com.android.build.gradle.internal.dsl.decorator.SupportedPropertyType           : loaded 2 times (x 75B)
Class com.android.build.gradle.internal.dsl.InternalSigningConfig                     : loaded 2 times (x 72B)
Class org.jetbrains.kotlin.gradle.plugin.mpp.KotlinAndroidTarget_Decorated            : loaded 2 times (x 214B)
Class org.jetbrains.kotlin.gradle.ExperimentalKotlinGradlePluginApi                   : loaded 2 times (x 72B)
Class org.jetbrains.kotlin.gradle.dsl.KotlinAndroidProjectExtension                   : loaded 2 times (x 141B)
Class org.jetbrains.kotlin.gradle.internal.properties.NativePropertiesLoader          : loaded 2 times (x 88B)
Class [Lorg.jetbrains.kotlin.build.report.metrics.BuildTime;                          : loaded 2 times (x 71B)
Class org.jetbrains.kotlin.gradle.plugin.KotlinGradleBuildServices$Parameters$Inject_ : loaded 2 times (x 108B)
Class org.jetbrains.kotlin.gradle.plugin.statistics.BuildFusService                   : loaded 2 times (x 86B)
Class com.android.build.gradle.internal.dependency.JacocoInstrumentationService       : loaded 2 times (x 83B)
Class com.android.build.gradle.internal.ide.v2.GlobalSyncService$Parameters_Decorated : loaded 2 times (x 132B)
Class com.android.tools.analytics.StubbableLazy                                       : loaded 2 times (x 78B)
Class com.android.build.gradle.internal.api.DefaultAndroidSourceDirectorySet          : loaded 2 times (x 121B)
Class com.android.build.gradle.internal.profile.TaskMetadata                          : loaded 2 times (x 74B)
Class com.android.build.gradle.internal.scope.ProjectInfo$Companion                   : loaded 2 times (x 73B)
Class com.android.build.api.dsl.AdbOptions                                            : loaded 2 times (x 72B)
Class com.google.protobuf.Internal$EnumLite                                           : loaded 2 times (x 72B)
Class com.android.build.gradle.internal.AbstractAppTaskManager                        : loaded 2 times (x 89B)
Class com.android.build.gradle.internal.plugins.VersionCheckPlugin                    : loaded 2 times (x 76B)
Class org.jetbrains.kotlin.tooling.core.KotlinToolingVersion                          : loaded 2 times (x 77B)
Class [Lcom.android.builder.model.v2.ide.LibraryType;                                 : loaded 2 times (x 71B)
Class com.android.builder.model.v2.ide.LibraryType                                    : loaded 2 times (x 81B)
Class com.amazon.ion.impl.lite.IonFloatLite                                           : loaded 2 times (x 189B)
Class com.amazon.ion.impl._Private_IonTextWriterBuilder                               : loaded 2 times (x 103B)
Class com.amazon.ion.impl.bin._Private_IonManagedBinaryWriterBuilder$AllocatorMode$2  : loaded 2 times (x 82B)
Class io.opentelemetry.api.trace.DefaultTracerProvider                                : loaded 2 times (x 81B)
Class com.google.common.collect.ExplicitOrdering                                      : loaded 2 times (x 117B)
Class com.android.build.gradle.internal.dsl.VcsInfoImpl$AgpDecorated_Decorated        : loaded 2 times (x 127B)
Class com.android.build.gradle.internal.dsl.BuildType$AgpDecorated                    : loaded 2 times (x 374B)
Class com.android.build.gradle.internal.dsl.ManagedDevices$localDevices$1$2           : loaded 2 times (x 77B)
Class com.android.build.gradle.internal.dsl.decorator.DslDecorator$ClassInfoVisitor   : loaded 2 times (x 72B)
Class com.android.build.api.dsl.DependencySelection                                   : loaded 2 times (x 72B)
Class com.android.build.gradle.api.JavaCompileOptions                                 : loaded 2 times (x 72B)
Class org.bouncycastle.jce.provider.BouncyCastleProvider                              : loaded 2 times (x 171B)
Class com.android.build.api.dsl.DynamicFeatureBuildType                               : loaded 2 times (x 72B)
Class org.jetbrains.kotlin.gradle.utils.FutureImpl                                    : loaded 2 times (x 82B)
Class org.jetbrains.kotlin.gradle.internal.properties.NativePropertiesLoader$isToolchainEnabled$1: loaded 2 times (x 77B)
Class org.jetbrains.kotlin.gradle.plugin.mpp.KotlinJvmAndroidCompilation              : loaded 2 times (x 200B)
Class com.google.wireless.android.sdk.stats.GradleBuildMemorySampleOrBuilder          : loaded 2 times (x 72B)
Class com.android.builder.model.TestOptions$Execution                                 : loaded 2 times (x 81B)
Class org.jetbrains.plugins.gradle.ExternalDependencyId                               : loaded 2 times (x 72B)
Class com.amazon.ion.impl._Private_IonReaderBuilder                                   : loaded 2 times (x 99B)
Class com.amazon.ion.IonMutableCatalog                                                : loaded 2 times (x 72B)
Class gnu.trove.THash                                                                 : loaded 2 times (x 83B)
Class com.intellij.gradle.toolingExtension.impl.model.buildScriptClasspathModel.GradleBuildScriptClasspathSerializationService$WriteContext: loaded 2 times (x 74B)
Class org.gradle.tooling.internal.adapter.ProtocolToModelAdapter                      : loaded 2 times (x 82B)
Class com.android.build.gradle.internal.dsl.Splits$AgpDecorated                       : loaded 2 times (x 87B)
Class com.android.build.gradle.internal.dsl.decorator.LockableSet$LockableIterator    : loaded 2 times (x 83B)
Class com.android.build.api.dsl.BundleDensity                                         : loaded 2 times (x 72B)
Class com.android.builder.internal.BaseConfigImpl                                     : loaded 2 times (x 117B)
Class com.android.build.api.dsl.AndroidSourceSet                                      : loaded 2 times (x 72B)
Class com.google.wireless.android.sdk.stats.GradleBuildVariant                        : loaded 2 times (x 283B)
Class org.jetbrains.kotlin.gradle.tasks.DefaultKotlinJavaToolchain$Companion$wireJvmTargetToToolchain$1: loaded 2 times (x 77B)
Class org.jetbrains.kotlin.gradle.plugin.KotlinPlatformType                           : loaded 2 times (x 84B)
Class org.jetbrains.kotlin.gradle.internal.properties.PropertiesBuildServiceKt        : loaded 2 times (x 73B)
Class org.jetbrains.kotlin.gradle.plugin.KotlinGradleBuildServices$Companion          : loaded 2 times (x 73B)
Class com.android.build.gradle.internal.SdkComponentsBuildService                     : loaded 2 times (x 82B)
Class [Lcom.android.prefs.VariableValue;                                              : loaded 2 times (x 71B)
Class com.android.build.gradle.internal.utils.EnvironmentProviderImpl                 : loaded 2 times (x 80B)
Class com.android.build.gradle.internal.services.Aapt2ThreadPoolBuildService          : loaded 2 times (x 82B)
Class com.google.wireless.android.sdk.stats.GradleBuildProfileSpan$ExecutionType$1    : loaded 2 times (x 78B)
Class com.android.build.gradle.internal.TaskManager$Companion$createTasksBeforeEvaluate$8: loaded 2 times (x 76B)
Class com.google.protobuf.Extension$ExtensionType                                     : loaded 2 times (x 81B)
Class com.google.protobuf.AbstractMessageLite$Builder$LimitedInputStream              : loaded 2 times (x 94B)
Class org.gradle.internal.service.UnknownServiceException                             : loaded 2 times (x 85B)
Class kotlin.collections.CollectionsKt___CollectionsKt$asSequence$$inlined$Sequence$1 : loaded 2 times (x 77B)
Class com.android.build.gradle.options.StringOption                                   : loaded 2 times (x 87B)
Class com.google.common.util.concurrent.ListeningExecutorService                      : loaded 2 times (x 72B)
Class com.android.builder.model.v2.ide.AndroidGradlePluginProjectFlags$BooleanFlag    : loaded 2 times (x 81B)
Class com.google.common.collect.AbstractMapBasedMultimap$KeySet$1                     : loaded 2 times (x 84B)
Class [Lio.opentelemetry.context.ThreadLocalContextStorage$NoopScope;                 : loaded 2 times (x 71B)
Class io.opentelemetry.context.ThreadLocalContextStorage$NoopScope                    : loaded 2 times (x 87B)
Class kotlin.collections.MapsKt__MapsJVMKt                                            : loaded 2 times (x 73B)
Class kotlin.collections.EmptyList                                                    : loaded 2 times (x 176B)
Class org.gradle.internal.time.DefaultTimer                                           : loaded 2 times (x 82B)
Class com.google.wireless.android.sdk.stats.GradlePluginDataOrBuilder                 : loaded 2 times (x 72B)
Class com.amazon.ion.impl.lite.IonBoolLite                                            : loaded 2 times (x 181B)
Class com.android.build.gradle.internal.dsl.DependencySelectionImpl                   : loaded 2 times (x 80B)
Class com.android.build.api.dsl.BundleDeviceGroup                                     : loaded 2 times (x 72B)
Class com.android.build.gradle.api.AnnotationProcessorOptions                         : loaded 2 times (x 72B)
Class com.android.build.api.dsl.ApplicationBaseFlavor                                 : loaded 2 times (x 72B)
Class com.android.build.gradle.internal.dsl.CoreBuildType                             : loaded 2 times (x 72B)
Class org.jetbrains.kotlin.gradle.tasks.DefaultKotlinJavaToolchain$Companion$wireJvmTargetToToolchain$2: loaded 2 times (x 77B)
Class org.jetbrains.kotlin.gradle.plugin.ProjectLocalConfigurations$ProjectLocalDisambiguation: loaded 2 times (x 78B)
Class org.jetbrains.kotlin.gradle.internal.properties.PropertiesBuildService$NullableStringGradleProperty: loaded 2 times (x 78B)
Class org.jetbrains.kotlin.gradle.targets.native.KonanPropertiesBuildService          : loaded 2 times (x 78B)
Class org.jetbrains.kotlin.gradle.plugin.KotlinGradleBuildServices$detectKotlinPluginLoadedInMultipleProjects$onRegister$1$1: loaded 2 times (x 77B)
Class org.jetbrains.kotlin.gradle.internal.properties.PropertiesBuildService$Inject_  : loaded 2 times (x 98B)
Class org.jetbrains.kotlin.gradle.plugin.internal.ConfigurationCacheStartParameterAccessor$Factory: loaded 2 times (x 72B)
Class com.android.build.gradle.internal.services.FakeDependencyJarBuildService$Params_Decorated: loaded 2 times (x 132B)
Class com.android.build.gradle.internal.component.ConsumableCreationConfig            : loaded 2 times (x 72B)
Class com.android.build.api.variant.HasUnitTest                                       : loaded 2 times (x 72B)
Class com.android.build.gradle.options.ApiStage                                       : loaded 2 times (x 74B)
Class [Lcom.android.build.gradle.options.StringOption;                                : loaded 2 times (x 71B)
Class com.google.wireless.android.sdk.stats.GarbageCollectionStats$1                  : loaded 2 times (x 153B)
Class com.android.build.gradle.api.KotlinMultiplatformAndroidPlugin                   : loaded 2 times (x 78B)
Class com.android.build.api.variant.HasDeviceTests                                    : loaded 2 times (x 72B)
Class com.google.common.base.Objects                                                  : loaded 2 times (x 73B)
Class com.amazon.ion.impl.bin.PooledBlockAllocatorProvider$PooledBlockAllocator$1     : loaded 2 times (x 81B)
Class com.amazon.ion.impl.lite.IonStringLite                                          : loaded 2 times (x 215B)
Class io.opentelemetry.context.ImplicitContextKeyed                                   : loaded 2 times (x 72B)
Class org.gradle.tooling.internal.adapter.ProtocolToModelAdapter$ViewKey              : loaded 2 times (x 74B)
Class org.gradle.api.internal.classpath.DefaultModuleRegistry$DefaultModule           : loaded 2 times (x 84B)
Class com.android.build.gradle.internal.cxx.string.StringEncoder                      : loaded 2 times (x 72B)
Class com.android.build.gradle.internal.core.Abi                                      : loaded 2 times (x 81B)
Class com.android.build.gradle.internal.dsl.DataBindingOptions$AgpDecorated_Decorated : loaded 2 times (x 164B)
Class com.android.build.gradle.internal.api.artifact.SourceArtifactType$ML_MODELS     : loaded 2 times (x 76B)
Class org.jetbrains.kotlin.gradle.internal.properties.PropertiesBuildService$NullableBooleanGradleProperty: loaded 2 times (x 78B)
Class org.jetbrains.kotlin.build.report.metrics.GradleBuildPerformanceMetric          : loaded 2 times (x 94B)
Class com.android.build.gradle.internal.dsl.AgpTestSuiteImpl                          : loaded 2 times (x 108B)
Class com.android.build.gradle.internal.dsl.BundleOptionsAbi                          : loaded 2 times (x 79B)
Class org.jetbrains.kotlin.tooling.core.ExtrasUtilsKt                                 : loaded 2 times (x 73B)
Class org.jetbrains.kotlin.buildtools.api.ExperimentalBuildToolsApi                   : loaded 2 times (x 72B)
Class org.jetbrains.kotlin.gradle.targets.native.KonanPropertiesBuildService$Companion$registerIfAbsent$2$1$1: loaded 2 times (x 77B)
Class org.jetbrains.kotlin.gradle.utils.ResourceUtilsKt                               : loaded 2 times (x 73B)
Class org.jetbrains.kotlin.gradle.plugin.KotlinPluginWrapperKt$kotlinPluginVersionFromResources$1: loaded 2 times (x 80B)
Class [Lcom.android.builder.core.ComponentTypeImpl;                                   : loaded 2 times (x 71B)
Class com.android.build.gradle.internal.services.ClassesHierarchyBuildService$RegistrationAction: loaded 2 times (x 76B)
Class com.android.build.gradle.internal.services.AndroidLocationsBuildService$AndroidLocations: loaded 2 times (x 84B)
Class com.google.protobuf.CodedInputStream$IterableDirectByteBufferDecoder            : loaded 2 times (x 121B)
Class com.google.protobuf.Internal$DoubleList                                         : loaded 2 times (x 72B)
Class com.android.build.gradle.api.AndroidSourceSet                                   : loaded 2 times (x 72B)
Class com.android.build.api.variant.GeneratesApk                                      : loaded 2 times (x 72B)
Class com.android.build.gradle.internal.dsl.TestedExtensionImpl                       : loaded 2 times (x 224B)
Class com.android.build.gradle.LibraryPlugin                                          : loaded 2 times (x 78B)
Class com.android.build.gradle.internal.services.BuildServicesKt                      : loaded 2 times (x 73B)
Class com.amazon.ion.impl.bin.Block                                                   : loaded 2 times (x 81B)
Class io.opentelemetry.context.DefaultContextKey                                      : loaded 2 times (x 74B)
Class com.google.common.collect.NullsFirstOrdering                                    : loaded 2 times (x 117B)
Class kotlin.jvm.internal.KotlinGenericDeclaration                                    : loaded 2 times (x 72B)
Class kotlin.ResultKt                                                                 : loaded 2 times (x 73B)
Class org.gradle.tooling.internal.adapter.ProtocolToModelAdapter$PropertyCachingMethodInvoker: loaded 2 times (x 78B)
Class com.android.build.gradle.internal.tasks.factory.TaskCreationAction              : loaded 2 times (x 91B)
Class com.android.builder.model.SigningConfig                                         : loaded 2 times (x 72B)
Class com.android.build.gradle.internal.dsl.BundleOptionsDeviceTier$AgpDecorated_Decorated: loaded 2 times (x 132B)
Class com.android.build.gradle.internal.dsl.decorator.ApplicationInstallationImpl     : loaded 2 times (x 96B)
Class com.android.build.gradle.internal.dsl.decorator.LockableSet                     : loaded 2 times (x 147B)
Class com.android.build.api.dsl.ConsumerKeepRules                                     : loaded 2 times (x 72B)
Class com.android.build.gradle.internal.dsl.decorator.DslDecorator                    : loaded 2 times (x 74B)
Class com.android.build.api.dsl.AndroidTest                                           : loaded 2 times (x 72B)
Class com.android.builder.model.DimensionAware                                        : loaded 2 times (x 72B)
Class org.jetbrains.kotlin.gradle.targets.native.KonanPropertiesBuildService$Parameters_Decorated: loaded 2 times (x 132B)
Class org.jetbrains.kotlin.gradle.plugin.KotlinPluginWrapperKt$kotlinPluginVersionFromResources$1$1: loaded 2 times (x 73B)
Class com.google.common.base.CaseFormat$2                                             : loaded 2 times (x 85B)
Class com.android.build.gradle.internal.res.Aapt2FromMaven$Companion$Aapt2Extractor$Inject_1: loaded 2 times (x 111B)
Class com.android.build.gradle.internal.core.ExecutionProfileOptions                  : loaded 2 times (x 74B)
Class com.android.builder.model.v2.models.ProjectSyncIssues                           : loaded 2 times (x 72B)
Class com.google.common.collect.ObjectArrays                                          : loaded 2 times (x 73B)
Class com.intellij.openapi.externalSystem.model.ExternalSystemException               : loaded 2 times (x 87B)
Class org.jetbrains.plugins.gradle.model.ExternalTask                                 : loaded 2 times (x 72B)
Class com.amazon.ion.impl.bin.utf8.Utf8StringEncoderPool$1                            : loaded 2 times (x 78B)
Class com.amazon.ion.impl.lite.IonLoaderLite                                          : loaded 2 times (x 84B)
Class com.amazon.ion.impl.lite.IonContext                                             : loaded 2 times (x 72B)
Class com.amazon.ion.impl.IonWriterSystemText                                         : loaded 2 times (x 191B)
Class [Lcom.amazon.ion.impl.bin.IonManagedBinaryWriter$ImportedSymbolResolverMode;    : loaded 2 times (x 71B)
Class com.amazon.ion.ValueFactory                                                     : loaded 2 times (x 72B)
Class io.opentelemetry.api.internal.IncubatingUtil                                    : loaded 2 times (x 73B)
Class io.opentelemetry.api.GlobalOpenTelemetry$ObfuscatedOpenTelemetry                : loaded 2 times (x 94B)
Class ijInit2_3mi0pvyezm6t0cdvy7bir8j4c$_run_closure1                                 : loaded 2 times (x 141B)
Class kotlin.collections.ArraysKt__ArraysKt                                           : loaded 2 times (x 73B)
Class kotlin.Result$Failure                                                           : loaded 2 times (x 74B)
Class org.gradle.internal.time.DefaultCountdownTimer                                  : loaded 2 times (x 90B)
Class com.android.build.api.dsl.ApplicationAndroidResources                           : loaded 2 times (x 72B)
Class com.android.build.gradle.internal.api.artifact.SourceArtifactType$BASELINE_PROFILES: loaded 2 times (x 76B)
Class com.android.build.api.dsl.AaptOptions                                           : loaded 2 times (x 72B)
Class com.android.build.api.dsl.LibraryBaseFlavor                                     : loaded 2 times (x 72B)
Class org.jetbrains.kotlin.gradle.dsl.KotlinJvmCompilerOptionsDefault_Decorated       : loaded 2 times (x 168B)
Class org.jetbrains.kotlin.gradle.internal.ClassLoadersCachingBuildService$Parameters_Decorated: loaded 2 times (x 132B)
Class org.jetbrains.kotlin.gradle.targets.native.toolchain.KotlinNativeBundleBuildService$Companion: loaded 2 times (x 73B)
Class org.jetbrains.kotlin.gradle.plugin.VariantImplementationFactoriesConfigurator   : loaded 2 times (x 78B)
Class org.jetbrains.kotlin.gradle.plugin.HasKotlinDependencies                        : loaded 2 times (x 72B)
Class org.jetbrains.kotlin.gradle.internal.Kapt3GradleSubplugin$Kapt3SubpluginContext : loaded 2 times (x 74B)
Class com.android.build.gradle.internal.services.Aapt2ThreadPoolBuildService$Params   : loaded 2 times (x 72B)
Class com.google.protobuf.Internal$ProtobufList                                       : loaded 2 times (x 72B)
Class com.android.build.gradle.internal.DependencyResolutionChecksKt                  : loaded 2 times (x 73B)
Class [Lcom.android.tools.analytics.AnalyticsLevel;                                   : loaded 2 times (x 71B)
Class com.android.build.gradle.internal.lint.LintFromMaven$Companion                  : loaded 2 times (x 73B)
Class com.android.build.gradle.internal.dsl.ApplicationExtensionImpl$AgpDecorated     : loaded 2 times (x 390B)
Class com.android.ide.common.blame.SourceFile                                         : loaded 2 times (x 74B)
Class [Lcom.android.repository.Revision$Precision;                                    : loaded 2 times (x 71B)
Class com.android.build.gradle.internal.services.VersionedSdkLoaderService            : loaded 2 times (x 74B)
Class com.android.build.gradle.internal.plugins.AppPlugin$Binding                     : loaded 2 times (x 77B)
Class com.amazon.ion.impl.bin.IonManagedBinaryWriter$SymbolResolver                   : loaded 2 times (x 72B)
Class com.amazon.ion.impl._Private_SymbolToken                                        : loaded 2 times (x 72B)
Class com.amazon.ion.impl.bin._Private_IonManagedBinaryWriterBuilder$AllocatorMode    : loaded 2 times (x 82B)
Class org.jetbrains.plugins.gradle.model.GradleTaskModel                              : loaded 2 times (x 72B)
Class org.jetbrains.plugins.gradle.tooling.util.ObjectCollector                       : loaded 2 times (x 74B)
Class kotlin.collections.SetsKt__SetsJVMKt                                            : loaded 2 times (x 73B)
Class kotlin.Function                                                                 : loaded 2 times (x 72B)
Class org.gradle.tooling.internal.adapter.ProtocolToModelAdapter$AdaptingMethodInvoker: loaded 2 times (x 78B)
Class org.gradle.tooling.internal.gradle.DefaultBuildIdentifier                       : loaded 2 times (x 81B)
Class org.gradle.api.internal.classpath.Module                                        : loaded 2 times (x 72B)
Class com.android.build.gradle.internal.crash.CrashReporting$afterEvaluate$1          : loaded 2 times (x 77B)
Class com.android.build.gradle.internal.dsl.MinSdkSpecImpl                            : loaded 2 times (x 83B)
Class com.android.build.api.dsl.Packaging                                             : loaded 2 times (x 72B)
Class com.android.build.gradle.internal.dsl.ProductFlavor                             : loaded 2 times (x 471B)
Class org.jetbrains.kotlin.gradle.plugin.KotlinGradleFinishBuildHandler$Companion     : loaded 2 times (x 73B)
Class org.jetbrains.kotlin.gradle.internal.IsInIdeaSyncValueSource                    : loaded 2 times (x 80B)
Class com.android.build.gradle.internal.SdkComponentsBuildService$RegistrationAction  : loaded 2 times (x 76B)
Class com.android.build.gradle.internal.ide.dependencies.LibraryDependencyCacheBuildService: loaded 2 times (x 82B)
Class com.google.wireless.android.sdk.stats.GarbageCollectionStats                    : loaded 2 times (x 202B)
Class com.android.build.api.dsl.ManagedDevices                                        : loaded 2 times (x 72B)
Class com.google.protobuf.ExtensionRegistry$ExtensionInfo                             : loaded 2 times (x 74B)
Class kotlinx.coroutines.flow.Flow                                                    : loaded 2 times (x 72B)
Class com.android.build.gradle.options.Option$Status$Removed                          : loaded 2 times (x 74B)
Class com.android.build.api.variant.CanMinifyCode                                     : loaded 2 times (x 72B)
Class com.android.build.gradle.options.ProjectOptionService                           : loaded 2 times (x 79B)
Class [Lcom.amazon.ion.util.GzipStreamInterceptor;                                    : loaded 2 times (x 71B)
Class com.amazon.ion.impl._Private_IonReaderBuilder$Mutable                           : loaded 2 times (x 99B)
Class com.intellij.openapi.externalSystem.model.project.IExternalSystemSourceType     : loaded 2 times (x 72B)
Class kotlin.io.FileAlreadyExistsException                                            : loaded 2 times (x 84B)
Class kotlin.internal.ProgressionUtilKt                                               : loaded 2 times (x 73B)
Class org.gradle.api.internal.classpath.UnknownModuleException                        : loaded 2 times (x 84B)
Class com.android.build.gradle.internal.dsl.LintImpl$SeverityOverrideSet              : loaded 2 times (x 145B)
Class com.android.builder.model.AdbOptions                                            : loaded 2 times (x 72B)
Class com.android.build.api.dsl.MinSdkVersion                                         : loaded 2 times (x 72B)
Class com.android.build.gradle.internal.dsl.BundleOptionsTexture$AgpDecorated_Decorated: loaded 2 times (x 132B)
Class com.android.builder.model.DataBindingOptions                                    : loaded 2 times (x 72B)
Class org.jetbrains.kotlin.gradle.plugin.mpp.KotlinUsageContext                       : loaded 2 times (x 72B)
Class org.jetbrains.kotlin.gradle.utils.ConfigurationsKt                              : loaded 2 times (x 73B)
Class org.jetbrains.kotlin.gradle.plugin.diagnostics.DefaultProblemsReporter$Factory  : loaded 2 times (x 78B)
Class com.android.prefs.VariableValue                                                 : loaded 2 times (x 84B)
Class com.android.prefs.AbstractAndroidLocations$Companion                            : loaded 2 times (x 73B)
Class com.android.build.api.variant.DslExtension                                      : loaded 2 times (x 74B)
Class org.gradle.api.internal.ClassPathProvider                                       : loaded 2 times (x 72B)
Class com.google.gson.stream.JsonReader$1                                             : loaded 2 times (x 74B)
Class com.android.ide.common.blame.SourcePositionJsonTypeAdapter                      : loaded 2 times (x 77B)
Class com.android.build.gradle.options.FeatureStage$Removed                           : loaded 2 times (x 74B)
Class com.android.build.gradle.options.Stage                                          : loaded 2 times (x 74B)
Class com.android.build.api.dsl.CompileSdkSpec                                        : loaded 2 times (x 72B)
Class io.opentelemetry.api.trace.TraceStateBuilder                                    : loaded 2 times (x 72B)
Class com.intellij.openapi.externalSystem.model.project.dependencies.ProjectDependencies: loaded 2 times (x 72B)
Class org.jetbrains.plugins.gradle.tooling.serialization.ProjectDependenciesSerializationService$ReadContext: loaded 2 times (x 74B)
Class com.android.build.gradle.internal.lint.LintTaskManager                          : loaded 2 times (x 74B)
Class com.android.build.gradle.internal.tasks.ExtractProguardFiles                    : loaded 2 times (x 331B)
Class com.android.build.api.variant.ScopedArtifacts                                   : loaded 2 times (x 72B)
Class com.android.build.gradle.internal.services.FakeDependencyJarBuildService$Params$Inject_: loaded 2 times (x 108B)
Class com.android.build.gradle.internal.dsl.TestOptions$suites$1$1                    : loaded 2 times (x 77B)
Class com.google.common.base.Converter$ConverterComposition                           : loaded 2 times (x 92B)
Class [Lorg.gradle.api.internal.ClassPathProvider;                                    : loaded 2 times (x 71B)
Class com.android.build.gradle.internal.dsl.decorator.SupportedPropertyType$Block     : loaded 2 times (x 76B)
Class com.android.build.api.dsl.CompileSdkVersion                                     : loaded 2 times (x 72B)
Class com.android.build.api.dsl.ApplicationDefaultConfig                              : loaded 2 times (x 72B)
Class org.jetbrains.kotlin.gradle.dsl.KotlinGradlePluginPublicDsl                     : loaded 2 times (x 72B)
Class org.jetbrains.kotlin.gradle.internal.properties.NativeProperties                : loaded 2 times (x 72B)
Class org.jetbrains.kotlin.gradle.plugin.internal.ConfigurationCacheStartParameterAccessor: loaded 2 times (x 72B)
Class org.jetbrains.kotlin.gradle.internal.diagnostics.GradleCompatibilityCheck$DefaultCurrentGradleVersionProvider: loaded 2 times (x 76B)
Class org.jetbrains.kotlin.gradle.dsl.KotlinBaseExtension                             : loaded 2 times (x 72B)
Class com.android.build.gradle.internal.plugins.AndroidPluginBaseServices$applyBaseServices$2: loaded 2 times (x 77B)
Class com.android.build.gradle.internal.profile.ProjectData                           : loaded 2 times (x 74B)
Class org.gradle.tooling.ToolingModelContract                                         : loaded 2 times (x 72B)
Class com.android.build.gradle.internal.core.dsl.MultiVariantComponentDslInfo         : loaded 2 times (x 72B)
Class com.android.build.gradle.internal.tasks.factory.TaskManagerConfigImpl           : loaded 2 times (x 78B)
Class com.android.build.gradle.internal.tasks.factory.PreConfigAction                 : loaded 2 times (x 72B)
Class com.android.build.gradle.api.VersionedVariant                                   : loaded 2 times (x 72B)
Class com.android.build.gradle.internal.dsl.ManagedDevices$allDevices$1$1             : loaded 2 times (x 77B)
Class com.android.build.OutputFile                                                    : loaded 2 times (x 72B)
Class com.android.build.gradle.internal.dsl.OptimizationImpl$AgpDecorated             : loaded 2 times (x 91B)
Class org.objectweb.asm.commons.Method                                                : loaded 2 times (x 78B)
Class org.bouncycastle.operator.OperatorException                                     : loaded 2 times (x 84B)
Class com.android.build.gradle.internal.plugins.AndroidPluginBaseServices$applyBaseServices$3: loaded 2 times (x 77B)
Class org.jetbrains.kotlin.gradle.tasks.DefaultKotlinJavaToolchain$Companion$wireJvmTargetToJvm$1: loaded 2 times (x 77B)
Class org.jetbrains.kotlin.gradle.plugin.PropertiesProvider$booleanProvider$1         : loaded 2 times (x 76B)
Class org.jetbrains.kotlin.gradle.dsl.KotlinCommonToolOptions                         : loaded 2 times (x 72B)
Class com.android.build.gradle.internal.services.BuildServicesKt$getBuildService$1    : loaded 2 times (x 77B)
Class com.google.wireless.android.sdk.stats.GarbageCollectionStats$Builder            : loaded 2 times (x 302B)
Class kotlin.sequences.Sequence                                                       : loaded 2 times (x 72B)
Class kotlin.sequences.SequenceScope                                                  : loaded 2 times (x 75B)
Class kotlin.text.MatchResult                                                         : loaded 2 times (x 72B)
Class com.android.build.gradle.internal.services.R8D8ThreadPoolBuildService           : loaded 2 times (x 82B)
Class [Lcom.android.build.gradle.options.Version;                                     : loaded 2 times (x 71B)
Class com.android.build.api.variant.HasTestSuitesBuilder                              : loaded 2 times (x 72B)
Class com.google.wireless.android.sdk.stats.GradleBuildProject$PluginType             : loaded 2 times (x 89B)
Class com.android.build.gradle.internal.services.BaseServices                         : loaded 2 times (x 72B)
Class com.android.build.api.dsl.TestedExtension                                       : loaded 2 times (x 72B)
Class com.android.build.gradle.internal.BadPluginException                            : loaded 2 times (x 84B)
Class com.amazon.ion.IonBufferConfiguration                                           : loaded 2 times (x 74B)
Class com.amazon.ion.impl.bin.Symbols                                                 : loaded 2 times (x 73B)
Class org.jetbrains.plugins.gradle.tooling.serialization.RepositoriesModelSerializationService: loaded 2 times (x 84B)
Class com.android.ide.gradle.model.artifacts.AdditionalClassifierArtifactsModel       : loaded 2 times (x 72B)
Class org.gradle.tooling.internal.gradle.GradleProjectIdentity                        : loaded 2 times (x 72B)
Class org.gradle.api.internal.DefaultClassPathRegistry                                : loaded 2 times (x 78B)
Class com.android.build.gradle.internal.plugins.AndroidPluginBaseServices$applyBaseServices$4: loaded 2 times (x 77B)
Class com.android.build.gradle.internal.dsl.DexPackagingImpl$AgpDecorated_Decorated   : loaded 2 times (x 129B)
Class com.android.build.gradle.internal.dsl.ManagedDevices$allDevices$1$2             : loaded 2 times (x 77B)
Class com.android.build.gradle.internal.dsl.ApplicationAndroidResourcesImpl$AgpDecorated_Decorated: loaded 2 times (x 181B)
Class com.android.build.gradle.internal.dependency.SourceSetManager$createConfigurationsForSourceSet$2: loaded 2 times (x 77B)
Class com.google.common.collect.NaturalOrdering                                       : loaded 2 times (x 117B)
Class kotlin.text.StringsKt__StringNumberConversionsJVMKt                             : loaded 2 times (x 73B)
Class com.android.build.gradle.internal.dsl.LibraryKeepRulesImpl                      : loaded 2 times (x 90B)
Class com.android.build.gradle.internal.dsl.BundleOptionsCodeTransparency             : loaded 2 times (x 79B)
Class org.jetbrains.kotlin.gradle.plugin.diagnostics.ProblemsReporter                 : loaded 2 times (x 72B)
Class org.jetbrains.kotlin.gradle.plugin.VariantImplementationFactories$Parameters    : loaded 2 times (x 72B)
Class org.jetbrains.kotlin.gradle.utils.ConfigurationsKt$sam$org_gradle_api_Action$0  : loaded 2 times (x 77B)
Class org.jetbrains.kotlin.gradle.plugin.internal.JavaExecTaskParametersCompatibility$Factory: loaded 2 times (x 72B)
Class com.android.sdklib.AndroidApiLevel                                              : loaded 2 times (x 76B)
Class com.android.build.gradle.options.Option$Status$EXPERIMENTAL                     : loaded 2 times (x 73B)
Class com.android.build.gradle.internal.services.ServiceRegistrationAction            : loaded 2 times (x 76B)
Class com.android.build.gradle.internal.component.TargetSdkAwareConfig                : loaded 2 times (x 72B)
Class com.android.build.api.dsl.ExecutionProfile                                      : loaded 2 times (x 72B)
Class com.android.build.gradle.internal.plugins.AppPlugin$AppProjectTypeApplyAction   : loaded 2 times (x 79B)
Class com.google.common.collect.ImmutableMultimap$Keys                                : loaded 2 times (x 168B)
Class com.android.builder.model.v2.ide.JavaArtifact                                   : loaded 2 times (x 72B)
Class [Lcom.amazon.ion.impl.bin.AbstractIonWriter$WriteValueOptimization;             : loaded 2 times (x 71B)
Class io.opentelemetry.api.internal.AutoValue_ImmutableSpanContext                    : loaded 2 times (x 94B)
Class org.jetbrains.plugins.gradle.tooling.serialization.RepositoriesModelSerializationService$ReadContext: loaded 2 times (x 74B)
Class kotlin.ranges.ClosedRange                                                       : loaded 2 times (x 72B)
Class org.gradle.internal.classpath.DefaultClassPath$ImmutableUniqueList              : loaded 2 times (x 201B)
Class org.gradle.api.internal.ClassPathRegistry                                       : loaded 2 times (x 72B)
Class com.android.build.api.variant.impl.DeferredActionManager                        : loaded 2 times (x 74B)
Class com.android.build.gradle.internal.dsl.DataBindingOptions$AgpDecorated           : loaded 2 times (x 113B)
Class com.android.build.gradle.internal.DefaultConfigData                             : loaded 2 times (x 74B)
Class com.android.build.gradle.internal.dsl.VectorDrawablesOptions_Decorated          : loaded 2 times (x 133B)
Class com.android.build.gradle.internal.dsl.decorator.annotation.WithLazyInitialization: loaded 2 times (x 72B)
Class com.android.build.api.dsl.ResourcesPackaging                                    : loaded 2 times (x 72B)
Class com.android.build.gradle.internal.model.CoreNdkBuildOptions                     : loaded 2 times (x 72B)
Class com.android.build.gradle.internal.utils.KgpVersion                              : loaded 2 times (x 77B)
Class org.jetbrains.kotlin.gradle.dsl.KotlinCommonCompilerOptionsDefault              : loaded 2 times (x 98B)
Class org.jetbrains.kotlin.gradle.dsl.KotlinCommonCompilerToolOptionsDefault          : loaded 2 times (x 86B)
Class org.jetbrains.kotlin.gradle.internal.properties.NativePropertiesLoader$isUseXcodeMessageStyleEnabled$1: loaded 2 times (x 77B)
Class org.jetbrains.kotlin.gradle.internal.ClassLoadersCachingBuildService$Companion$registerIfAbsent$2$1: loaded 2 times (x 81B)
Class org.jetbrains.kotlin.gradle.report.BuildReportMode$Companion                    : loaded 2 times (x 73B)
Class org.jetbrains.kotlin.gradle.plugin.VariantImplementationFactories$VariantImplementationFactory: loaded 2 times (x 72B)
Class com.android.build.gradle.internal.services.StringCachingBuildService            : loaded 2 times (x 86B)
Class com.android.build.gradle.internal.errors.AndroidProblemReporterProvider$reporter$1: loaded 2 times (x 76B)
Class com.android.build.gradle.internal.component.ComponentCreationConfig             : loaded 2 times (x 72B)
Class com.android.build.gradle.internal.variant.VariantModel                          : loaded 2 times (x 72B)
Class com.google.common.base.ExtraObjectsMethodsForWeb                                : loaded 2 times (x 73B)
Class com.amazon.ion.impl.bin.IonManagedBinaryWriter$UserState                        : loaded 2 times (x 87B)
Class com.amazon.ion.impl._Private_IonWriter                                          : loaded 2 times (x 72B)
Class com.amazon.ion.impl.bin._Private_IonManagedBinaryWriterBuilder                  : loaded 2 times (x 74B)
Class com.intellij.gradle.toolingExtension.impl.model.projectModel.GradleExternalProjectSerializationService$WriteContext: loaded 2 times (x 75B)
Class kotlin.text.StringsKt__StringsJVMKt                                             : loaded 2 times (x 73B)
Class kotlin.collections.IntIterator                                                  : loaded 2 times (x 84B)
Class com.google.common.collect.NullnessCasts                                         : loaded 2 times (x 73B)
Class com.amazon.ion.SymbolToken                                                      : loaded 2 times (x 72B)
Class com.android.build.api.variant.VariantFilter                                     : loaded 2 times (x 72B)
Class com.android.build.gradle.internal.dsl.ResourcesPackagingImpl$AgpDecorated       : loaded 2 times (x 88B)
Class com.android.build.gradle.internal.dsl.ExternalNativeBuild$AgpDecorated          : loaded 2 times (x 98B)
Class [Lcom.android.builder.model.TestOptions$Execution;                              : loaded 2 times (x 71B)
Class com.android.build.gradle.internal.dsl.LintOptions                               : loaded 2 times (x 203B)
Class com.android.build.gradle.internal.api.DefaultAndroidSourceDirectorySet$directories$1: loaded 2 times (x 145B)
Class com.android.build.api.dsl.Cmake                                                 : loaded 2 times (x 72B)
Class com.android.build.api.dsl.AarMetadata                                           : loaded 2 times (x 72B)
Class com.android.build.gradle.internal.services.BuiltInKotlinServices                : loaded 2 times (x 74B)
Class org.jetbrains.kotlin.gradle.dsl.ExplicitApiMode                                 : loaded 2 times (x 81B)
Class org.jetbrains.kotlin.gradle.plugin.mpp.KotlinUsages$KotlinCinteropCompatibility : loaded 2 times (x 79B)
Class org.jetbrains.kotlin.gradle.plugin.mpp.KotlinUsages$KotlinUsagesCompatibility   : loaded 2 times (x 78B)
Class org.jetbrains.kotlin.gradle.plugin.VariantImplementationFactories$Parameters$Inject_: loaded 2 times (x 108B)
Class org.jetbrains.kotlin.gradle.plugin.VariantImplementationFactories$Companion     : loaded 2 times (x 73B)
Class org.jetbrains.kotlin.gradle.plugin.internal.CustomPropertiesFileValueSource$Parameters_Decorated: loaded 2 times (x 132B)
Class org.jetbrains.kotlin.gradle.dsl.KotlinTopLevelExtensionConfig                   : loaded 2 times (x 72B)
Class com.amazon.ion.impl.bin.IonRawBinaryWriter                                      : loaded 2 times (x 170B)
Class com.amazon.ion.impl.SharedSymbolTable                                           : loaded 2 times (x 95B)
Class com.google.protobuf.UnknownFieldSet$Parser                                      : loaded 2 times (x 152B)
Class com.android.build.gradle.internal.dependency.GenericTransformParameters_Decorated: loaded 2 times (x 132B)
Class com.android.builder.model.v2.models.BasicAndroidProject                         : loaded 2 times (x 72B)
Class com.google.common.collect.AbstractBiMap                                         : loaded 2 times (x 161B)
Class com.android.build.api.variant.DslLifecycle                                      : loaded 2 times (x 72B)
Class [Lcom.android.build.gradle.options.SyncOptions$ErrorFormatMode;                 : loaded 2 times (x 71B)
Class [Lcom.android.build.gradle.options.HasFutureStage;                              : loaded 2 times (x 71B)
Class com.android.build.gradle.internal.utils.GradlePluginUtils                       : loaded 2 times (x 73B)
Class com.android.builder.model.v2.dsl.SigningConfig                                  : loaded 2 times (x 72B)
Class com.android.builder.model.v2.models.AndroidProject                              : loaded 2 times (x 72B)
Class [Lcom.amazon.ion.SymbolToken;                                                   : loaded 2 times (x 71B)
Class io.opentelemetry.api.trace.ImmutableTraceFlags                                  : loaded 2 times (x 79B)
Class kotlin.text.StringsKt__IndentKt                                                 : loaded 2 times (x 73B)
Class kotlin.collections.SetsKt                                                       : loaded 2 times (x 73B)
Class org.gradle.internal.classpath.ClassPath                                         : loaded 2 times (x 72B)
Class com.android.build.gradle.internal.dsl.decorator.LockableList                    : loaded 2 times (x 210B)
Class com.android.build.gradle.internal.dsl.decorator.SupportedPropertyType$Var$Int   : loaded 2 times (x 76B)
Class com.android.build.gradle.internal.dsl.decorator.SupportedPropertyType$Var$NullableBoolean: loaded 2 times (x 76B)
Class com.android.builder.model.ProductFlavor                                         : loaded 2 times (x 72B)
Class org.jetbrains.kotlin.gradle.dsl.KotlinJvmCompilerOptionsDefault                 : loaded 2 times (x 110B)
Class org.jetbrains.kotlin.gradle.internal.UsesClassLoadersCachingBuildService        : loaded 2 times (x 72B)
Class com.android.build.gradle.internal.dsl.ApplicationExtensionImpl                  : loaded 2 times (x 389B)
Class com.android.build.gradle.internal.services.ConfigPhaseFileCreator$Params        : loaded 2 times (x 72B)
Class com.android.build.gradle.internal.core.dsl.PublishableComponentDslInfo          : loaded 2 times (x 72B)
Class com.android.build.gradle.TestedAndroidConfig                                    : loaded 2 times (x 72B)
Class com.google.common.base.JdkPattern                                               : loaded 2 times (x 77B)
Class org.jetbrains.plugins.gradle.model.ExternalProjectDependency                    : loaded 2 times (x 72B)
Class org.jetbrains.plugins.gradle.tooling.serialization.KotlinDslScriptsModelSerializationService: loaded 2 times (x 83B)
Class kotlin.reflect.KFunction                                                        : loaded 2 times (x 72B)
Class kotlin.collections.ArrayDeque                                                   : loaded 2 times (x 209B)
Class com.android.build.gradle.internal.tasks.factory.GlobalTaskNames                 : loaded 2 times (x 72B)
Class com.android.build.api.artifact.impl.ArtifactsImpl$2$1                           : loaded 2 times (x 82B)
Class com.android.build.api.dsl.PublishingOptions                                     : loaded 2 times (x 72B)
Class com.android.build.gradle.internal.dsl.ExternalNativeCmakeOptions                : loaded 2 times (x 110B)
Class com.android.build.gradle.internal.errors.SyncIssueReporterImpl                  : loaded 2 times (x 79B)
Class com.google.common.util.concurrent.AbstractFuture$AtomicHelper                   : loaded 2 times (x 80B)
Class com.android.build.gradle.internal.dsl.NdkBuildOptions                           : loaded 2 times (x 94B)
Class com.android.build.gradle.internal.dsl.DataBindingOptions                        : loaded 2 times (x 110B)
Class org.jetbrains.kotlin.gradle.plugin.mpp.HierarchyAttributeContainer              : loaded 2 times (x 89B)
Class org.jetbrains.kotlin.gradle.tasks.UsesKotlinJavaToolchain                       : loaded 2 times (x 72B)
Class org.jetbrains.kotlin.gradle.plugin.DefaultKotlinBasePlugin$apply$1              : loaded 2 times (x 77B)
Class org.jetbrains.kotlin.gradle.internal.properties.PropertiesBuildService$Params_Decorated: loaded 2 times (x 132B)
Class com.android.build.gradle.internal.services.AndroidLocationsBuildService$AndroidDirectoryCreator: loaded 2 times (x 82B)
Class com.google.gson.internal.JsonReaderInternalAccess                               : loaded 2 times (x 74B)
Class com.android.build.gradle.internal.res.Aapt2FromMaven$Companion$create$1         : loaded 2 times (x 77B)
Class com.android.sdklib.AndroidApiLevel$Companion                                    : loaded 2 times (x 73B)
Class com.android.build.gradle.options.Option$Status                                  : loaded 2 times (x 73B)
Class com.android.prefs.AndroidLocationsProvider                                      : loaded 2 times (x 72B)
Class com.android.build.api.variant.ApplicationVariant                                : loaded 2 times (x 72B)
Class com.amazon.ion.system.IonSystemBuilder$Mutable                                  : loaded 2 times (x 77B)
Class com.amazon.ion.impl.bin.IonManagedBinaryWriter$SymbolResolverBuilder            : loaded 2 times (x 72B)
Class org.jetbrains.kotlin.idea.gradleTooling.KotlinGradleModel                       : loaded 2 times (x 72B)
Class [Lio.opentelemetry.api.trace.TraceFlags;                                        : loaded 2 times (x 71B)
Class [Lio.opentelemetry.context.ContextStorage;                                      : loaded 2 times (x 71B)
Class com.intellij.platform.diagnostic.telemetry.rt.context.TelemetryContext          : loaded 2 times (x 135B)
Class org.jetbrains.plugins.gradle.tooling.serialization.ExternalTestsSerializationService$WriteContext: loaded 2 times (x 74B)
Class kotlin.collections.MapsKt__MapsKt                                               : loaded 2 times (x 73B)
Class org.gradle.api.internal.classpath.DefaultModuleRegistry$DefaultModuleAlias      : loaded 2 times (x 82B)
Class com.android.build.api.dsl.Device                                                : loaded 2 times (x 72B)
Class [Lcom.google.common.base.CaseFormat;                                            : loaded 2 times (x 71B)
Class com.android.build.gradle.internal.component.ApplicationCreationConfig           : loaded 2 times (x 72B)
Class com.android.build.gradle.internal.dsl.VectorDrawablesOptions                    : loaded 2 times (x 89B)
Class org.jetbrains.kotlin.gradle.utils.CompilerOptionsKt$configureExperimentalTryNext$1$1: loaded 2 times (x 80B)
Class org.jetbrains.kotlin.gradle.utils.CompilerOptionsKt                             : loaded 2 times (x 73B)
Class org.jetbrains.kotlin.gradle.plugin.PropertiesProvider$Companion                 : loaded 2 times (x 73B)
Class org.jetbrains.kotlin.gradle.utils.SingleAction                                  : loaded 2 times (x 75B)
Class com.android.build.gradle.internal.lint.AndroidLintInputs                        : loaded 2 times (x 73B)
Class com.google.wireless.android.sdk.stats.JavaProcessStats$Builder                  : loaded 2 times (x 308B)
Class com.google.protobuf.AbstractMessage                                             : loaded 2 times (x 166B)
Class com.google.wireless.android.sdk.stats.GradleBuildVariant$Builder                : loaded 2 times (x 383B)
Class com.android.build.gradle.internal.profile.NoOpAnalyticsService$RegistrationAction: loaded 2 times (x 76B)
Class com.android.tools.analytics.HostDataKt                                          : loaded 2 times (x 73B)
Class org.jetbrains.kotlin.gradle.plugin.VariantImplementationFactories$Companion$getProvider$2$1: loaded 2 times (x 81B)
Class com.android.build.gradle.internal.errors.AndroidProblemReporterProvider         : loaded 2 times (x 78B)
Class com.android.build.gradle.internal.tasks.factory.BootClasspathConfigImpl         : loaded 2 times (x 81B)
Class com.android.build.gradle.internal.tasks.factory.GlobalTaskCreationConfig        : loaded 2 times (x 72B)
Class com.android.build.gradle.internal.tasks.factory.BootClasspathConfig             : loaded 2 times (x 72B)
Class com.android.builder.model.v2.ide.Variant                                        : loaded 2 times (x 72B)
Class com.amazon.ion.impl.bin.IonManagedBinaryWriter$LocalSymbolTableView             : loaded 2 times (x 121B)
Class com.amazon.ion.impl.bin.IonRawBinaryWriter$ThrowingRunnable                     : loaded 2 times (x 72B)
Class io.opentelemetry.context.ThreadLocalContextStorage                              : loaded 2 times (x 87B)
Class org.gradle.tooling.model.Model                                                  : loaded 2 times (x 72B)
Class com.android.build.gradle.internal.tasks.SigningConfigUtils$Companion            : loaded 2 times (x 73B)
Class com.android.build.gradle.api.AndroidSourceDirectorySet                          : loaded 2 times (x 72B)
Class com.android.build.gradle.internal.dsl.NdkOptions                                : loaded 2 times (x 118B)
Class com.android.build.api.dsl.CompileOptions                                        : loaded 2 times (x 72B)
Class com.google.common.base.CaseFormat$1                                             : loaded 2 times (x 85B)
Class com.android.build.gradle.internal.dsl.KeepRulesImpl$AgpDecorated_Decorated      : loaded 2 times (x 144B)
Class com.google.protobuf.GeneratedMessageV3                                          : loaded 2 times (x 180B)
Class com.android.build.gradle.internal.api.artifact.SourceArtifactType$JAVA_SOURCES  : loaded 2 times (x 76B)
Class com.android.build.gradle.options.OptionParsers                                  : loaded 2 times (x 73B)
Class com.android.build.gradle.internal.api.artifact.SourceArtifactType$ASSETS        : loaded 2 times (x 76B)
Class com.android.build.gradle.options.FeatureStage$Deprecated                        : loaded 2 times (x 74B)
Class com.android.build.gradle.internal.services.AndroidLocationsBuildService         : loaded 2 times (x 92B)
Class com.android.build.api.variant.Variant                                           : loaded 2 times (x 72B)
Class com.android.build.api.dsl.ApplicationExtension                                  : loaded 2 times (x 72B)
Class com.android.builder.model.v2.ide.SyncIssue                                      : loaded 2 times (x 72B)
Class com.amazon.ion.UnknownSymbolException                                           : loaded 2 times (x 87B)
Class com.android.ide.gradle.model.composites.BuildMap                                : loaded 2 times (x 72B)
Class kotlin.text.MatchResult$Destructured                                            : loaded 2 times (x 74B)
Class kotlin.Metadata                                                                 : loaded 2 times (x 72B)
Class kotlin.UninitializedPropertyAccessException                                     : loaded 2 times (x 84B)
Class com.android.build.gradle.internal.lint.AndroidLintGlobalTask                    : loaded 2 times (x 328B)
Class com.android.build.gradle.internal.dsl.BuildType$Companion                       : loaded 2 times (x 73B)
Class com.android.build.api.artifact.Artifacts                                        : loaded 2 times (x 72B)
Class com.android.build.gradle.internal.services.FakeDependencyJarBuildService$lazyCachedFakeJar$1: loaded 2 times (x 77B)
Class com.android.build.gradle.internal.dsl.JavaCompileOptions$AgpDecorated_Decorated : loaded 2 times (x 132B)
Class com.android.build.gradle.internal.dsl.BundleOptionsLanguage                     : loaded 2 times (x 79B)
Class com.android.build.gradle.internal.dsl.BundleOptionsCountrySet                   : loaded 2 times (x 83B)
Class com.android.build.api.dsl.DynamicFeatureProductFlavor                           : loaded 2 times (x 72B)
Class com.android.builder.model.Named                                                 : loaded 2 times (x 72B)
Class org.jetbrains.kotlin.tooling.core.AbstractExtras                                : loaded 2 times (x 143B)
Class org.jetbrains.kotlin.gradle.internal.properties.NativePropertiesLoader$shouldUseEmbeddableCompilerJar$1: loaded 2 times (x 77B)
Class org.jetbrains.kotlin.gradle.fus.BuildUidService$Companion$registerIfAbsent$1    : loaded 2 times (x 76B)
Class org.jetbrains.kotlin.gradle.internal.diagnostics.AgpCompatibilityCheck$AndroidGradlePluginVersionProvider: loaded 2 times (x 72B)
Class com.android.build.gradle.internal.tasks.factory.TaskFactoryUtils                : loaded 2 times (x 73B)
Class com.google.protobuf.MessageLite$Builder                                         : loaded 2 times (x 72B)
Class kotlinx.coroutines.flow.MutableSharedFlow                                       : loaded 2 times (x 72B)
Class com.android.build.gradle.options.ApiStage$Experimental                          : loaded 2 times (x 74B)
Class com.android.build.gradle.internal.core.dsl.ApkProducingComponentDslInfo         : loaded 2 times (x 72B)
Class com.android.build.api.extension.impl.AndroidComponentsExtensionImpl             : loaded 2 times (x 114B)
Class com.android.builder.model.v2.ide.Library                                        : loaded 2 times (x 72B)
Class com.android.builder.model.v2.ide.ArtifactDependenciesAdjacencyList              : loaded 2 times (x 72B)
Class com.android.builder.model.v2.models.Versions                                    : loaded 2 times (x 72B)
Class io.opentelemetry.context.Context                                                : loaded 2 times (x 72B)
Class org.jetbrains.plugins.gradle.model.IntelliJProjectSettings                      : loaded 2 times (x 72B)
Class org.gradle.tooling.internal.adapter.ProtocolToModelAdapter$MethodInvocationCache: loaded 2 times (x 75B)
Class com.android.build.gradle.internal.TaskManager$Companion$createTasksBeforeEvaluate$6: loaded 2 times (x 76B)
Class com.google.wireless.android.sdk.stats.GradleBuildSplitsOrBuilder                : loaded 2 times (x 72B)
Class com.android.tools.lint.model.LintModelSeverity$Companion                        : loaded 2 times (x 73B)
Class com.android.build.gradle.internal.dsl.ApplicationExtensionImpl$dataBinding$1    : loaded 2 times (x 77B)
Class com.android.build.api.artifact.Artifact                                         : loaded 2 times (x 76B)
Class org.gradle.api.internal.DefaultClassPathProvider                                : loaded 2 times (x 78B)
Class com.android.build.gradle.internal.dsl.ExternalNativeCmakeOptions_Decorated      : loaded 2 times (x 153B)
Class com.google.common.collect.ComparatorOrdering                                    : loaded 2 times (x 117B)
Class com.android.build.api.dsl.MaxSdkSpec                                            : loaded 2 times (x 72B)
Class com.android.builder.core.AbstractBuildType                                      : loaded 2 times (x 155B)
Class org.jetbrains.kotlin.gradle.targets.native.KonanPropertiesBuildService$Companion: loaded 2 times (x 73B)
Class org.jetbrains.kotlin.gradle.plugin.PropertiesProvider$propertyWithDeprecatedValues$1: loaded 2 times (x 77B)
Class org.jetbrains.kotlin.gradle.utils.GradleUtilsKt$registerClassLoaderScopedBuildService$1: loaded 2 times (x 76B)
Class org.jetbrains.kotlin.gradle.internal.diagnostics.AgpCompatibilityCheck$AndroidGradlePluginVersionProvider$Default: loaded 2 times (x 76B)
Class com.intellij.gradle.toolingExtension.impl.model.buildScriptClasspathModel.GradleBuildScriptClasspathSerializationService$ReadContext: loaded 2 times (x 74B)
Class com.android.builder.profile.Recorder                                            : loaded 2 times (x 72B)
Class com.amazon.ion.impl._Private_IonContainer                                       : loaded 2 times (x 72B)
Class com.google.wireless.android.sdk.stats.GradleBuildProfileSpanOrBuilder           : loaded 2 times (x 72B)
Class com.google.protobuf.Parser                                                      : loaded 2 times (x 72B)
Class com.android.build.gradle.internal.dsl.CommonExtensionImpl                       : loaded 2 times (x 210B)
Class com.android.build.gradle.internal.services.BaseServicesImpl                     : loaded 2 times (x 85B)
Class org.jetbrains.kotlin.gradle.plugin.VariantImplementationFactoriesConfigurator$Companion$getProvider$1: loaded 2 times (x 76B)
Class com.google.common.util.concurrent.DirectExecutor                                : loaded 2 times (x 84B)
Class org.jetbrains.plugins.gradle.model.ExternalDependency                           : loaded 2 times (x 72B)
Class com.intellij.util.containers.IntObjectHashMap                                   : loaded 2 times (x 74B)
Class com.google.common.collect.SortedIterable                                        : loaded 2 times (x 72B)
Class org.gradle.api.internal.classpath.ModuleRegistry                                : loaded 2 times (x 72B)
Class org.gradle.internal.installation.GradleInstallation$1                           : loaded 2 times (x 77B)
Class [Lcom.android.build.api.artifact.impl.InternalScopedArtifacts$InternalScope;    : loaded 2 times (x 71B)
Class com.android.build.gradle.internal.services.FakeDependencyJarBuildService$FakeDependencyJarCreator$Inject_: loaded 2 times (x 113B)
Class org.jetbrains.kotlin.gradle.fus.BuildUidService$Companion                       : loaded 2 times (x 73B)
Class com.android.build.gradle.internal.dsl.ComposeOptionsImpl_Decorated              : loaded 2 times (x 129B)
Class org.jetbrains.kotlin.gradle.plugin.PropertiesProvider$kotlinExperimentalTryNext$1: loaded 2 times (x 77B)
Class com.android.build.gradle.internal.dsl.decorator.DslDecorator$cache$1            : loaded 2 times (x 77B)
Class com.android.build.api.dsl.MinCompileSdkSpec                                     : loaded 2 times (x 72B)
Class com.android.build.api.dsl.AndroidResources                                      : loaded 2 times (x 72B)
Class com.google.wireless.android.sdk.stats.GradleBuildVariant$VariantType            : loaded 2 times (x 89B)
Class org.jetbrains.kotlin.gradle.dsl.KotlinAndroidProjectExtension_Decorated         : loaded 2 times (x 186B)
Class org.jetbrains.kotlin.gradle.plugin.mpp.KotlinUsages                             : loaded 2 times (x 73B)
Class org.jetbrains.kotlin.gradle.internal.properties.NativePropertiesLoader$Companion: loaded 2 times (x 73B)
Class [Lorg.jetbrains.kotlin.build.report.metrics.GradleBuildPerformanceMetric;       : loaded 2 times (x 71B)
Class org.jetbrains.kotlin.gradle.plugin.statistics.BuildFusService$Companion         : loaded 2 times (x 73B)
Class org.jetbrains.kotlin.gradle.targets.native.toolchain.KotlinNativeBundleBuildService$Companion$registerIfAbsent$1: loaded 2 times (x 77B)
Class com.android.ProgressManagerAdapter                                              : loaded 2 times (x 75B)
Class com.google.protobuf.Descriptors$GenericDescriptor                               : loaded 2 times (x 77B)
Class kotlinx.coroutines.flow.StateFlow                                               : loaded 2 times (x 72B)
Class org.jetbrains.kotlin.gradle.utils.ProviderApiUtilsKt$mapOrNull$1                : loaded 2 times (x 77B)
Class com.android.ide.common.blame.MessageJsonSerializer                              : loaded 2 times (x 78B)
Class com.android.build.gradle.internal.dsl.OptimizationImpl$AgpDecorated_Decorated   : loaded 2 times (x 139B)
Class com.android.build.api.variant.LintLifecycleExtension                            : loaded 2 times (x 72B)
Class com.android.build.gradle.internal.plugins.FusedLibraryPlugin                    : loaded 2 times (x 83B)
Class com.android.build.gradle.internal.services.RunOnceBuildServiceImpl$Inject_      : loaded 2 times (x 104B)
Class com.amazon.ion.impl.bin.IonManagedBinaryWriter$SymbolState$1                    : loaded 2 times (x 82B)
Class com.amazon.ion.impl.LocalSymbolTableAsStruct$Factory                            : loaded 2 times (x 81B)
Class [Lcom.amazon.ion.IonType;                                                       : loaded 2 times (x 71B)
Class org.jetbrains.plugins.gradle.model.VersionCatalogsModel                         : loaded 2 times (x 72B)
Class com.intellij.gradle.toolingExtension.impl.model.sourceSetDependencyModel.GradleSourceSetDependencySerialisationService$SourceSetDependencyModelReadContext: loaded 2 times (x 74B)
Class com.intellij.gradle.toolingExtension.impl.model.dependencyModel.DependencyReadContext: loaded 2 times (x 74B)
Class org.gradle.tooling.internal.adapter.ObjectGraphAdapter                          : loaded 2 times (x 72B)
Class com.android.build.api.artifact.Artifact$Replaceable                             : loaded 2 times (x 72B)
Class com.android.build.gradle.internal.services.TaskCreationServices                 : loaded 2 times (x 72B)
Class com.android.builder.model.SourceProvider                                        : loaded 2 times (x 72B)
Class com.android.utils.HelpfulEnumConverter                                          : loaded 2 times (x 94B)
Class com.google.common.util.concurrent.AbstractFuture$UnsafeAtomicHelper             : loaded 2 times (x 80B)
Class com.android.build.api.dsl.ProductFlavor                                         : loaded 2 times (x 72B)
Class com.android.build.api.dsl.BaseFlavor                                            : loaded 2 times (x 72B)
Class org.jetbrains.kotlin.gradle.plugin.mpp.DefaultKotlinUsageContext                : loaded 2 times (x 95B)
Class org.jetbrains.kotlin.gradle.internal.properties.PropertiesBuildService$Companion: loaded 2 times (x 73B)
Class org.jetbrains.kotlin.gradle.dsl.KotlinJvmExtension                              : loaded 2 times (x 72B)
Class org.jetbrains.kotlin.gradle.plugin.KotlinMultiplatformPluginWrapper             : loaded 2 times (x 88B)
Class com.android.build.gradle.internal.services.AndroidLocationsBuildService$AndroidDirectoryCreator$Params: loaded 2 times (x 72B)
Class com.android.build.gradle.internal.services.Aapt2DaemonBuildService$RegistrationAction: loaded 2 times (x 76B)
Class com.android.build.gradle.internal.ide.dependencies.LibraryDependencyCacheBuildService$Parameters_Decorated: loaded 2 times (x 132B)
Class com.android.build.api.artifact.impl.InternalScopedArtifacts$InternalScope       : loaded 2 times (x 81B)
Class com.google.protobuf.AbstractMessageLite                                         : loaded 2 times (x 103B)
Class com.android.build.gradle.internal.TaskManager$Companion$createTasksBeforeEvaluate$5: loaded 2 times (x 76B)
Class org.gradle.tooling.internal.gradle.DefaultProjectIdentifier                     : loaded 2 times (x 88B)
Class com.google.common.collect.ImmutableRangeSet                                     : loaded 2 times (x 117B)
Class com.android.build.gradle.options.ReplacedOption                                 : loaded 2 times (x 87B)
Class [Lcom.android.build.gradle.options.OptionalBooleanOption;                       : loaded 2 times (x 71B)
Class com.android.build.api.variant.CanMinifyAndroidResourcesBuilder                  : loaded 2 times (x 72B)
Class com.android.build.gradle.internal.dsl.Lockable                                  : loaded 2 times (x 72B)
Class com.google.common.collect.ImmutableMultimap$Values                              : loaded 2 times (x 128B)
Class com.android.builder.model.v2.ide.Installation                                   : loaded 2 times (x 72B)
Class org.jetbrains.plugins.gradle.model.ProjectImportModelProvider                   : loaded 2 times (x 72B)
Class org.jetbrains.plugins.gradle.model.ExternalSourceSet                            : loaded 2 times (x 72B)
Class com.amazon.ion.impl.bin.IonManagedBinaryWriter$SymbolState$2                    : loaded 2 times (x 82B)
Class com.amazon.ion.IonNull                                                          : loaded 2 times (x 72B)
Class com.intellij.gradle.toolingExtension.impl.model.warmUp.GradleTaskWarmUpRequest  : loaded 2 times (x 72B)
Class com.google.common.collect.ImmutableSortedAsList                                 : loaded 2 times (x 223B)
Class kotlin.text.RegexKt                                                             : loaded 2 times (x 73B)
Class kotlin.coroutines.intrinsics.IntrinsicsKt__IntrinsicsKt                         : loaded 2 times (x 73B)
Class com.android.build.gradle.internal.dsl.CompileSdkProperties                      : loaded 2 times (x 72B)
Class com.android.build.gradle.internal.dsl.TestOptions                               : loaded 2 times (x 122B)
Class com.android.build.gradle.internal.CompileOptions                                : loaded 2 times (x 96B)
Class com.android.build.gradle.internal.dsl.BundleOptionsDeviceTier                   : loaded 2 times (x 83B)
Class org.jetbrains.kotlin.gradle.plugin.sources.KotlinSourceSetFactory$Companion     : loaded 2 times (x 73B)
Class [Lcom.android.prefs.Global;                                                     : loaded 2 times (x 71B)
Class com.android.build.gradle.internal.services.ConfigPhaseFileCreator               : loaded 2 times (x 72B)
Class com.android.build.gradle.internal.services.Aapt2ThreadPoolBuildService$Params_Decorated: loaded 2 times (x 132B)
Class com.google.wireless.android.sdk.stats.GradleBuildProfile$1                      : loaded 2 times (x 153B)
Class kotlin.text.StringsKt__AppendableKt                                             : loaded 2 times (x 73B)
Class com.amazon.ion.IonWriter                                                        : loaded 2 times (x 72B)
Class com.amazon.ion.impl.bin._Private_IonRawWriter                                   : loaded 2 times (x 72B)
Class com.android.build.api.variant.HasTestFixtures                                   : loaded 2 times (x 72B)
Class com.android.builder.model.v2.models.ModelBuilderParameter                       : loaded 2 times (x 72B)
Class com.amazon.ion.impl.bin.IonRawBinaryWriter$ContainerInfo                        : loaded 2 times (x 76B)
Class com.amazon.ion.impl.bin.IonManagedBinaryWriter$SymbolState$3                    : loaded 2 times (x 82B)
Class com.amazon.ion.impl.bin.IonRawBinaryWriter$StreamFlushMode                      : loaded 2 times (x 81B)
Class com.amazon.ion.IonBinaryWriter                                                  : loaded 2 times (x 72B)
Class com.intellij.gradle.toolingExtension.impl.model.sourceSetArtifactIndex.GradleSourceSetArtifactBuildRequest: loaded 2 times (x 72B)
Class kotlin.io.FilesKt__UtilsKt                                                      : loaded 2 times (x 73B)
Class com.google.common.collect.Lists$TransformingRandomAccessList                    : loaded 2 times (x 201B)
Class kotlin.collections.CollectionsKt__CollectionsJVMKt                              : loaded 2 times (x 73B)
Class org.gradle.tooling.model.idea.BasicIdeaProject                                  : loaded 2 times (x 72B)
Class org.gradle.api.internal.classpath.DefaultModuleRegistry                         : loaded 2 times (x 86B)
Class com.android.build.gradle.internal.dsl.ApplicationBuildFeaturesImpl              : loaded 2 times (x 122B)
Class [Lcom.android.build.api.artifact.Artifact$Category;                             : loaded 2 times (x 71B)
Class com.android.build.gradle.internal.dsl.KeepRulesImpl$AgpDecorated                : loaded 2 times (x 99B)
Class com.amazon.ion.impl.bin.IonRawBinaryWriter$PreallocationMode                    : loaded 2 times (x 83B)
Class com.amazon.ion.util.InputStreamInterceptor                                      : loaded 2 times (x 72B)
Class com.android.build.api.dsl.ApplicationPublishing                                 : loaded 2 times (x 72B)
Class org.jetbrains.kotlin.build.report.metrics.GradleBuildTime$Companion             : loaded 2 times (x 73B)
Class org.jetbrains.kotlin.gradle.plugin.AndroidGradlePluginVersion$Companion         : loaded 2 times (x 73B)
Class com.amazon.ion.impl.lite.IonSystemLite                                          : loaded 2 times (x 277B)
Class com.android.builder.model.v2.models.AndroidDsl                                  : loaded 2 times (x 72B)
Class org.objectweb.asm.tree.ClassNode                                                : loaded 2 times (x 92B)
Class com.android.build.gradle.internal.plugins.AppPlugin                             : loaded 2 times (x 99B)
Class com.android.build.gradle.options.FutureStage                                    : loaded 2 times (x 74B)
Class com.google.gson.internal.bind.TypeAdapters$34                                   : loaded 2 times (x 78B)
Class com.android.builder.errors.IssueReporter                                        : loaded 2 times (x 75B)
Class com.amazon.ion.impl.bin.IonManagedBinaryWriter$SymbolState$4                    : loaded 2 times (x 82B)
Class [Lcom.amazon.ion.util.InputStreamInterceptor;                                   : loaded 2 times (x 71B)
Class org.jetbrains.plugins.gradle.tooling.serialization.internal.IdeaProjectSerializationService$WriteContext$1: loaded 2 times (x 85B)
Class org.jetbrains.plugins.gradle.model.ExternalProject                              : loaded 2 times (x 72B)
Class kotlin.sequences.SequencesKt                                                    : loaded 2 times (x 73B)
Class kotlin.collections.CollectionsKt__IteratorsKt                                   : loaded 2 times (x 73B)
Class com.android.build.gradle.internal.services.FakeDependencyJarBuildService$FakeDependencyJarCreator$Params$Inject_: loaded 2 times (x 110B)
Class com.android.build.gradle.internal.dsl.SdkComponentsImpl$sdkDirectory$1          : loaded 2 times (x 77B)
Class com.android.build.gradle.api.AndroidArtifactVariant                             : loaded 2 times (x 72B)
Class com.android.build.gradle.internal.dsl.TestFixturesImpl                          : loaded 2 times (x 83B)
Class com.android.build.api.dsl.Installation                                          : loaded 2 times (x 72B)
Class com.google.protobuf.Internal                                                    : loaded 2 times (x 73B)
Class org.jetbrains.kotlin.gradle.plugin.sources.DefaultKotlinSourceSetFactory        : loaded 2 times (x 82B)
Class org.jetbrains.kotlin.gradle.plugin.internal.DefaultCompatibilityConventionRegistrar: loaded 2 times (x 76B)
Class org.jetbrains.kotlin.gradle.plugin.PropertiesProvider                           : loaded 2 times (x 75B)
Class org.jetbrains.kotlin.gradle.plugin.DefaultKotlinBasePlugin$addKotlinCompilerConfiguration$1: loaded 2 times (x 77B)
Class org.jetbrains.kotlin.gradle.plugin.mpp.KotlinAndroidTarget                      : loaded 2 times (x 161B)
Class com.android.build.api.dsl.LibraryAndroidResources                               : loaded 2 times (x 72B)
Class com.android.build.api.dsl.ExternalNativeBuildFlags                              : loaded 2 times (x 72B)
Class com.android.build.gradle.internal.services.Aapt2DaemonBuildService$Parameters   : loaded 2 times (x 74B)
Class com.android.build.gradle.internal.dsl.BundleOptions$AgpDecorated                : loaded 2 times (x 141B)
Class com.google.wireless.android.sdk.stats.ProjectApiUse                             : loaded 2 times (x 199B)
Class com.android.build.gradle.options.SigningOptions                                 : loaded 2 times (x 74B)
Class com.android.build.gradle.internal.services.TaskCreationServicesImpl             : loaded 2 times (x 104B)
Class com.android.build.gradle.internal.TaskManager$Companion$createTasksBeforeEvaluate$4: loaded 2 times (x 77B)
Class com.android.build.gradle.BaseExtension                                          : loaded 2 times (x 197B)
Class com.android.build.gradle.internal.plugins.VersionCheckPlugin$Companion          : loaded 2 times (x 73B)
Class kotlin.sequences.SequencesKt___SequencesKt$flatMap$2                            : loaded 2 times (x 131B)
Class [Lcom.android.builder.model.v2.ide.CodeShrinker;                                : loaded 2 times (x 71B)
Class com.amazon.ion.impl.bin.utf8.Pool                                               : loaded 2 times (x 76B)
Class org.jetbrains.plugins.gradle.tooling.serialization.internal.IdeaProjectSerializationService$WriteContext$2: loaded 2 times (x 85B)
Class kotlin.text.StringsKt                                                           : loaded 2 times (x 73B)
Class com.google.common.base.CaseFormat$StringConverter                               : loaded 2 times (x 92B)
Class com.google.common.collect.Ordering                                              : loaded 2 times (x 116B)
Class com.android.build.gradle.internal.dsl.AbstractPublishing                        : loaded 2 times (x 75B)
Class org.jetbrains.kotlin.gradle.plugin.mpp.KotlinAndroidTargetKt                    : loaded 2 times (x 73B)
Class org.jetbrains.kotlin.gradle.plugin.ProjectLocalConfigurations$setupAttributesMatchingStrategy$1$1: loaded 2 times (x 76B)
Class org.jetbrains.kotlin.gradle.targets.native.toolchain.KotlinNativeBundleBuildService$Companion$registerIfAbsent$2$1$1: loaded 2 times (x 77B)
Class org.jetbrains.kotlin.gradle.plugin.diagnostics.ProblemsReporter$Factory         : loaded 2 times (x 72B)
Class org.jetbrains.kotlin.gradle.plugin.KotlinCompilationToRunnableFiles             : loaded 2 times (x 72B)
Class org.jetbrains.plugins.gradle.tooling.serialization.internal.IdeaProjectSerializationService: loaded 2 times (x 79B)
Class com.google.wireless.android.sdk.stats.GradleBuildProfileOrBuilder               : loaded 2 times (x 72B)
Class com.android.build.gradle.internal.profile.NoOpAnalyticsService                  : loaded 2 times (x 112B)
Class com.android.build.gradle.internal.profile.AnalyticsServiceApi                   : loaded 2 times (x 72B)
Class org.jetbrains.kotlin.idea.projectModel.KotlinTaskProperties                     : loaded 2 times (x 72B)
Class sync_studio_tooling2_1wxt656txwe9yx2sy1pqckfkp$_run_closure1                    : loaded 2 times (x 140B)
Class com.android.build.gradle.options.SyncOptions$EvaluationMode                     : loaded 2 times (x 81B)
Class com.android.build.api.variant.HasAndroidTest                                    : loaded 2 times (x 72B)
Class com.google.common.collect.ImmutableMultiset                                     : loaded 2 times (x 165B)
Class com.amazon.ion.impl._Private_IonSymbol                                          : loaded 2 times (x 72B)
Class com.amazon.ion.impl.lite.IonValueLite                                           : loaded 2 times (x 150B)
Class com.amazon.ion.IonContainer                                                     : loaded 2 times (x 72B)
Class com.amazon.ion.impl.bin.PooledBlockAllocatorProvider                            : loaded 2 times (x 75B)
Class [Lio.opentelemetry.context.Scope;                                               : loaded 2 times (x 71B)
Class org.jetbrains.plugins.gradle.tooling.serialization.AnnotationProcessingModelSerializationService$ReadContext: loaded 2 times (x 74B)
Class org.jetbrains.plugins.gradle.tooling.serialization.internal.IdeaProjectSerializationService$WriteContext$3: loaded 2 times (x 85B)
Class gnu.trove.TObjectHash$NULL                                                      : loaded 2 times (x 73B)
Class org.gradle.util.internal.DefaultGradleVersion$Stage                             : loaded 2 times (x 77B)
Class kotlin.coroutines.jvm.internal.RestrictedContinuationImpl                       : loaded 2 times (x 89B)
Class org.gradle.tooling.model.GradleProject                                          : loaded 2 times (x 72B)
Class com.android.build.gradle.internal.dsl.BundleOptionsDeviceGroup$AgpDecorated_Decorated: loaded 2 times (x 132B)
Class com.android.build.gradle.internal.dsl.TestOptions$UnitTestOptions_Decorated     : loaded 2 times (x 132B)
Class com.android.build.gradle.internal.api.artifact.SourceArtifactType$KOTLIN_SOURCES: loaded 2 times (x 76B)
Class com.android.build.api.dsl.LibraryPublishing                                     : loaded 2 times (x 72B)
Class com.android.build.api.dsl.ApplicationBuildType                                  : loaded 2 times (x 72B)
Class org.jetbrains.kotlin.gradle.internal.ClassLoadersCachingBuildService$Companion$registerIfAbsent$1: loaded 2 times (x 77B)
Class org.jetbrains.kotlin.gradle.plugin.UsesKotlinGradleBuildServices                : loaded 2 times (x 72B)
Class org.jetbrains.kotlin.gradle.plugin.KotlinGradleBuildServices$Parameters_Decorated: loaded 2 times (x 132B)
Class org.jetbrains.kotlin.gradle.plugin.DefaultKotlinBasePlugin$addKotlinCompilerConfiguration$3: loaded 2 times (x 77B)
Class org.jetbrains.kotlin.gradle.internal.IdeaKt                                     : loaded 2 times (x 73B)
Class com.android.build.gradle.internal.SdkComponentsBuildService$Parameters_Decorated: loaded 2 times (x 153B)
Class com.google.protobuf.IterableByteBufferInputStream                               : loaded 2 times (x 94B)
Class com.google.gson.internal.bind.TypeAdapters$33                                   : loaded 2 times (x 78B)
Class com.google.protobuf.UnknownFieldSet                                             : loaded 2 times (x 89B)
Class com.google.common.collect.Maps$EntryTransformer                                 : loaded 2 times (x 72B)
Class com.android.build.gradle.internal.component.TaskCreationConfig                  : loaded 2 times (x 72B)
Class com.android.build.gradle.internal.services.DslServicesImpl                      : loaded 2 times (x 101B)
Class org.jetbrains.kotlin.idea.gradleTooling.AndroidAwareGradleModelProvider         : loaded 2 times (x 81B)
Class com.intellij.gradle.toolingExtension.impl.telemetry.GradleOpenTelemetry         : loaded 2 times (x 74B)
Class org.jetbrains.plugins.gradle.tooling.serialization.internal.IdeaProjectSerializationService$WriteContext$4: loaded 2 times (x 85B)
Class com.intellij.gradle.toolingExtension.impl.model.sourceSetDependencyModel.GradleSourceSetDependencySerialisationService$Companion: loaded 2 times (x 73B)
Class [Lkotlin.Pair;                                                                  : loaded 2 times (x 71B)
Class kotlin.text.StringsKt__StringNumberConversionsKt                                : loaded 2 times (x 73B)
Class kotlin.io.FilesKt__FileReadWriteKt                                              : loaded 2 times (x 73B)
Class com.google.common.collect.UsingToStringOrdering                                 : loaded 2 times (x 116B)
Class kotlin.text.MatchNamedGroupCollection                                           : loaded 2 times (x 72B)
Class kotlin.jvm.internal.markers.KMutableList                                        : loaded 2 times (x 72B)
Class org.gradle.internal.time.MonotonicClock                                         : loaded 2 times (x 79B)
Class org.gradle.internal.service.ServiceLookupException                              : loaded 2 times (x 84B)
Class com.android.build.gradle.internal.dsl.DexOptions_Decorated                      : loaded 2 times (x 157B)
Class com.android.build.api.dsl.BuildFeatures                                         : loaded 2 times (x 72B)
Class com.android.build.api.dsl.LintOptions                                           : loaded 2 times (x 72B)
Class com.android.build.gradle.api.BaseVariantOutput                                  : loaded 2 times (x 72B)
Class com.android.build.api.dsl.AndroidSourceDirectorySet                             : loaded 2 times (x 72B)
Class [Lcom.android.resources.ResourceEnum;                                           : loaded 2 times (x 71B)
Class com.android.builder.model.ApiVersion                                            : loaded 2 times (x 72B)
Class org.jetbrains.kotlin.gradle.plugin.mpp.KotlinUsageContext$MavenScope            : loaded 2 times (x 81B)
Class com.google.wireless.android.sdk.stats.GradleBuildProfile$Builder                : loaded 2 times (x 349B)
Class com.google.protobuf.FieldSet$FieldDescriptorLite                                : loaded 2 times (x 72B)
Class com.google.protobuf.ExtensionLite                                               : loaded 2 times (x 79B)
Class org.jetbrains.kotlin.tooling.core.TypeUtils                                     : loaded 2 times (x 73B)
Class org.jetbrains.kotlin.gradle.plugin.AndroidGradlePluginVersionKt                 : loaded 2 times (x 73B)
Class org.jetbrains.kotlin.gradle.report.ConfigureReporingKt                          : loaded 2 times (x 73B)
Class com.android.build.api.variant.HasTestSuites                                     : loaded 2 times (x 72B)
Class com.android.build.api.variant.HasTestFixturesBuilder                            : loaded 2 times (x 72B)
Class com.android.build.gradle.internal.core.SettingsOptions                          : loaded 2 times (x 74B)
Class com.google.gson.annotations.JsonAdapter                                         : loaded 2 times (x 72B)
Class org.jetbrains.kotlin.gradle.report.ReportingSettings$Companion                  : loaded 2 times (x 73B)
Class com.amazon.ion.BufferConfiguration$Builder                                      : loaded 2 times (x 80B)
Class com.intellij.gradle.toolingExtension.util.GradleVersionSpecificsUtil            : loaded 2 times (x 73B)
Class io.opentelemetry.context.ContextStorage                                         : loaded 2 times (x 72B)
Class org.jetbrains.plugins.gradle.tooling.serialization.internal.IdeaProjectSerializationService$WriteContext$5: loaded 2 times (x 85B)
Class com.intellij.gradle.toolingExtension.impl.model.sourceSetDependencyModel.GradleSourceSetDependencySerialisationService$SourceSetDependencyModelWriteContext: loaded 2 times (x 74B)
Class kotlin.sequences.SequencesKt___SequencesKt$sortedWith$1                         : loaded 2 times (x 77B)
Class com.google.common.collect.ImmutableSortedSet                                    : loaded 2 times (x 302B)
Class org.gradle.internal.classloader.ClassLoaderFactory                              : loaded 2 times (x 72B)
Class com.google.wireless.android.sdk.stats.GradleBuildProject$CompileOptions         : loaded 2 times (x 201B)
Class com.google.wireless.android.sdk.stats.GradleProjectOptionsSettingsOrBuilder     : loaded 2 times (x 72B)
Class com.android.build.gradle.internal.api.artifact.SourceArtifactType$AIDL          : loaded 2 times (x 76B)
Class com.android.build.gradle.internal.api.DefaultAndroidSourceFile                  : loaded 2 times (x 90B)
Class com.android.build.api.dsl.CmakeFlags                                            : loaded 2 times (x 72B)
Class com.android.build.gradle.internal.dsl.KeepRulesImpl                             : loaded 2 times (x 94B)
Class org.jetbrains.kotlin.gradle.internal.properties.NativePropertiesLoader$nativeCacheKind$1: loaded 2 times (x 77B)
Class [Lorg.jetbrains.kotlin.build.report.metrics.ValueType;                          : loaded 2 times (x 71B)
Class org.jetbrains.kotlin.gradle.internal.diagnostics.AgpCompatibilityCheck          : loaded 2 times (x 73B)
Class org.jetbrains.kotlin.gradle.plugin.mpp.KotlinTargetComponentWithPublication     : loaded 2 times (x 72B)
Class org.jetbrains.kotlin.gradle.plugin.mpp.KotlinAndroidTargetVariantDslImpl        : loaded 2 times (x 77B)
Class com.android.build.gradle.internal.errors.SyncIssueReporterImpl$GlobalSyncIssueService$RegistrationAction: loaded 2 times (x 76B)
Class kotlinx.coroutines.flow.internal.FusibleFlow                                    : loaded 2 times (x 72B)
Class com.android.build.gradle.internal.utils.AnalyticsSettingsUtils                  : loaded 2 times (x 73B)
Class com.android.build.gradle.internal.variant.AbstractVariantInputManager$Companion : loaded 2 times (x 73B)
Class com.android.build.gradle.internal.dsl.decorator.SupportedPropertyType$Collection$Map: loaded 2 times (x 76B)
Class com.android.build.gradle.internal.dsl.SplitOptions                              : loaded 2 times (x 90B)
Class com.android.ide.common.blame.Message$Kind                                       : loaded 2 times (x 81B)
Class com.android.build.gradle.internal.plugins.KotlinMultiplatformAndroidPlugin      : loaded 2 times (x 83B)
Class com.android.build.api.variant.HasHostTestsBuilder                               : loaded 2 times (x 72B)
Class com.android.build.api.variant.ComponentBuilder                                  : loaded 2 times (x 72B)
Class com.android.build.api.dsl.SettingsExtension                                     : loaded 2 times (x 72B)
Class com.android.build.api.dsl.CommonExtension                                       : loaded 2 times (x 72B)
Class com.android.builder.model.v2.ide.LibraryInfo                                    : loaded 2 times (x 72B)
Class com.google.common.base.CommonPattern                                            : loaded 2 times (x 76B)
Class com.amazon.ion.impl.bin.IntList                                                 : loaded 2 times (x 79B)
Class com.amazon.ion.impl.lite._Private_LiteDomTrampoline                             : loaded 2 times (x 73B)
Class com.amazon.ion.IonType                                                          : loaded 2 times (x 81B)
Class org.jetbrains.plugins.gradle.tooling.serialization.internal.IdeaProjectSerializationService$WriteContext$6: loaded 2 times (x 85B)
Class org.jetbrains.plugins.gradle.tooling.util.IntObjectMap                          : loaded 2 times (x 75B)
Class org.gradle.internal.service.CachingServiceLocator                               : loaded 2 times (x 84B)
Class com.android.build.gradle.internal.dsl.LibraryPublishingImpl                     : loaded 2 times (x 88B)
Class com.android.build.gradle.internal.dsl.ApplicationSingleVariantImpl              : loaded 2 times (x 90B)
Class com.android.build.gradle.internal.dsl.CoreExternalNativeBuildOptions            : loaded 2 times (x 72B)
Class org.jetbrains.kotlin.gradle.targets.native.KonanPropertiesBuildService$Parameters: loaded 2 times (x 72B)
Class org.jetbrains.kotlin.gradle.internal.IsInIdeaSyncValueSource$Inject_            : loaded 2 times (x 111B)
Class org.jetbrains.kotlin.gradle.plugin.internal.CompatibilityConventionRegistrar$Factory: loaded 2 times (x 72B)
Class com.android.utils.DateProvider                                                  : loaded 2 times (x 72B)
Class com.android.build.gradle.internal.utils.AnalyticsEnabledValueSource$Params      : loaded 2 times (x 72B)
Class com.android.build.gradle.internal.dsl.ConfigurableFilesImpl                     : loaded 2 times (x 82B)
Class com.google.gson.internal.$Gson$Preconditions                                    : loaded 2 times (x 73B)
Class com.android.build.api.variant.HasHostTests                                      : loaded 2 times (x 72B)
Class com.google.gson.annotations.SerializedName                                      : loaded 2 times (x 72B)
Class com.google.common.collect.AbstractMapBasedMultimap$KeySet                       : loaded 2 times (x 139B)
Class com.amazon.ion.impl.lite.ValueFactoryLite                                       : loaded 2 times (x 220B)
Class org.jetbrains.plugins.gradle.model.RepositoryModels                             : loaded 2 times (x 72B)
Class org.jetbrains.plugins.gradle.tooling.serialization.internal.IdeaProjectSerializationService$WriteContext$7: loaded 2 times (x 85B)
Class com.google.common.collect.RegularImmutableSortedSet                             : loaded 2 times (x 302B)
Class kotlin.collections.AbstractList$SubList                                         : loaded 2 times (x 200B)
Class kotlin.jvm.internal.CallableReference                                           : loaded 2 times (x 112B)
Class com.android.build.gradle.internal.scope.InternalArtifactType                    : loaded 2 times (x 76B)
Class com.android.build.gradle.internal.dsl.SdkComponentsImpl$adb$1                   : loaded 2 times (x 77B)
Class com.android.build.gradle.internal.dsl.ManagedVirtualDeviceFactory               : loaded 2 times (x 77B)
Class com.android.build.gradle.internal.dsl.ManagedVirtualDevice                      : loaded 2 times (x 123B)
Class com.android.build.gradle.internal.api.AndroidSourceSetName                      : loaded 2 times (x 74B)
Class org.objectweb.asm.commons.InstructionAdapter                                    : loaded 2 times (x 190B)
Class com.android.build.api.dsl.BundleAbi                                             : loaded 2 times (x 72B)
Class org.jetbrains.kotlin.gradle.dsl.KotlinGradlePluginDsl                           : loaded 2 times (x 72B)
Class org.jetbrains.kotlin.tooling.core.MutableExtras                                 : loaded 2 times (x 72B)
Class org.jetbrains.kotlin.build.report.metrics.BuildTime                             : loaded 2 times (x 72B)
Class org.jetbrains.kotlin.gradle.plugin.KotlinGradleBuildServices$detectKotlinPluginLoadedInMultipleProjects$onRegister$1: loaded 2 times (x 81B)
Class com.android.build.gradle.internal.services.BuiltInKotlinServicesKt$failIfIncompatiblePluginsArePresent$1: loaded 2 times (x 76B)
Class com.android.build.gradle.internal.services.LintClassLoaderBuildService          : loaded 2 times (x 82B)
Class com.google.common.base.Enums$StringConverter                                    : loaded 2 times (x 92B)
Class com.android.build.gradle.internal.api.DefaultAndroidSourceSet_Decorated         : loaded 2 times (x 274B)
Class com.android.builder.model.LintOptions                                           : loaded 2 times (x 72B)
Class com.android.build.gradle.options.ProjectOptionService$RegistrationAction        : loaded 2 times (x 76B)
Class com.android.build.api.variant.ApplicationVariantBuilder                         : loaded 2 times (x 72B)
Class com.android.build.gradle.internal.services.DslServices                          : loaded 2 times (x 72B)
Class com.amazon.ion.impl.bin.WriteBuffer                                             : loaded 2 times (x 80B)
Class com.amazon.ion.impl.bin.IonManagedBinaryWriter                                  : loaded 2 times (x 167B)
Class org.jetbrains.plugins.gradle.tooling.serialization.internal.IdeaProjectSerializationService$WriteContext$8: loaded 2 times (x 85B)
Class gnu.trove.TObjectIntProcedure                                                   : loaded 2 times (x 72B)
Class [Lorg.gradle.api.JavaVersion;                                                   : loaded 2 times (x 71B)
Class kotlin.ranges.IntRange                                                          : loaded 2 times (x 95B)
Class org.gradle.tooling.model.idea.IdeaDependencyScope                               : loaded 2 times (x 72B)
Class org.gradle.internal.time.TimeSource                                             : loaded 2 times (x 72B)
Class org.gradle.tooling.model.kotlin.dsl.KotlinDslScriptsModel                       : loaded 2 times (x 72B)
Class com.android.builder.signing.DefaultSigningConfig$DebugSigningConfig             : loaded 2 times (x 74B)
Class com.android.build.gradle.internal.core.dsl.impl.features.DeviceTestOptionsDslInfoImpl: loaded 2 times (x 86B)
Class com.android.build.gradle.internal.core.dsl.features.TestOptionsDslInfo          : loaded 2 times (x 72B)
Class com.android.build.gradle.internal.dsl.DexPackagingImpl$AgpDecorated             : loaded 2 times (x 85B)
Class com.android.build.api.dsl.ApplicationSingleVariant                              : loaded 2 times (x 72B)
Class com.android.build.gradle.internal.dsl.BundleOptionsDensity$AgpDecorated         : loaded 2 times (x 83B)
Class com.android.build.VariantOutput                                                 : loaded 2 times (x 72B)
Class com.android.build.api.artifact.Artifact$Single                                  : loaded 2 times (x 76B)
Class com.android.build.api.dsl.Optimization                                          : loaded 2 times (x 72B)
Class com.android.build.gradle.internal.dsl.DependenciesInfoImpl                      : loaded 2 times (x 83B)
Class com.android.build.api.dsl.TestProductFlavor                                     : loaded 2 times (x 72B)
Class com.android.build.gradle.internal.services.BuiltInKotlinServicesKt$initBuiltInKaptSupportIfRequired$1: loaded 2 times (x 77B)
Class org.jetbrains.kotlin.gradle.plugin.KotlinPluginLifecycle$IllegalLifecycleException: loaded 2 times (x 84B)
Class org.jetbrains.kotlin.gradle.internal.properties.NativePropertiesLoader$userProvidedNativeHome$1: loaded 2 times (x 77B)
Class [Lorg.jetbrains.kotlin.build.report.metrics.BuildPerformanceMetric;             : loaded 2 times (x 71B)
Class org.jetbrains.kotlin.gradle.plugin.KotlinGradleFinishBuildHandler               : loaded 2 times (x 74B)
Class org.jetbrains.kotlin.gradle.dsl.KotlinTopLevelExtension                         : loaded 2 times (x 72B)
Class com.android.build.gradle.internal.services.BuiltInKotlinServicesKt$failIfIncompatiblePluginsArePresent$2: loaded 2 times (x 76B)
Class com.android.build.gradle.internal.services.AndroidLocationsBuildService$AndroidDirectoryCreator$Params$Inject_: loaded 2 times (x 110B)
Class com.android.prefs.LocationValue                                                 : loaded 2 times (x 72B)
Class com.android.build.gradle.internal.dsl.BundleOptionsStoreArchive$AgpDecorated_Decorated: loaded 2 times (x 127B)
Class com.android.sdklib.AndroidVersion$PreviewType                                   : loaded 2 times (x 81B)
Class com.android.build.gradle.internal.res.Aapt2FromMaven$Companion$DefaultAapt2Version: loaded 2 times (x 73B)
Class com.android.build.gradle.LintLifecycleExtensionImpl_Decorated                   : loaded 2 times (x 126B)
Class com.android.build.gradle.internal.TaskManager$Companion$createTasksBeforeEvaluate$3: loaded 2 times (x 76B)
Class com.android.build.gradle.internal.tasks.factory.GlobalTaskCreationAction        : loaded 2 times (x 91B)
Class com.android.build.gradle.internal.plugins.DynamicFeaturePlugin                  : loaded 2 times (x 99B)
Class com.google.common.collect.ImmutableMultimap                                     : loaded 2 times (x 148B)
Class com.android.builder.model.v2.ide.TestInfo                                       : loaded 2 times (x 72B)
Class com.amazon.ion.impl.lite.IonBlobLite                                            : loaded 2 times (x 222B)
Class com.amazon.ion.impl.LocalSymbolTable                                            : loaded 2 times (x 129B)
Class org.jetbrains.plugins.gradle.tooling.serialization.SerializationService         : loaded 2 times (x 72B)
Class org.gradle.tooling.internal.gradle.GradleBuildIdentity                          : loaded 2 times (x 72B)
Class kotlin.enums.EnumEntries                                                        : loaded 2 times (x 72B)
Class com.android.build.gradle.internal.core.SettingsOptionsKt                        : loaded 2 times (x 73B)
Class com.android.build.gradle.internal.dsl.BundleOptionsCodeTransparency$AgpDecorated: loaded 2 times (x 83B)
Class com.android.build.gradle.internal.api.artifact.SourceArtifactType$JAVA_RESOURCES: loaded 2 times (x 76B)
Class com.android.build.gradle.api.AndroidSourceFile                                  : loaded 2 times (x 72B)
Class org.objectweb.asm.commons.LocalVariablesSorter                                  : loaded 2 times (x 111B)
Class com.android.build.api.dsl.ViewBinding                                           : loaded 2 times (x 72B)
Class com.android.build.gradle.internal.dsl.DexPackagingImpl                          : loaded 2 times (x 72B)
Class com.android.build.gradle.internal.dsl.AssetPackBundleExtensionImpl              : loaded 2 times (x 72B)
Class com.android.build.gradle.internal.dsl.decorator.SupportedPropertyType$Var$String: loaded 2 times (x 76B)
Class org.jetbrains.kotlin.gradle.plugin.PropertiesProvider$localProperties$2         : loaded 2 times (x 81B)
Class com.android.build.gradle.internal.services.BuiltInKotlinServicesKt$failIfIncompatiblePluginsArePresent$3: loaded 2 times (x 76B)
Class com.android.build.gradle.internal.services.BuiltInKotlinServices$AvailabilityReason: loaded 2 times (x 72B)
Class kotlin.collections.AbstractList$Companion                                       : loaded 2 times (x 73B)
Class com.android.prefs.PathLocator                                                   : loaded 2 times (x 75B)
Class kotlin.sequences.SequencesKt___SequencesKt                                      : loaded 2 times (x 73B)
Class com.android.build.gradle.internal.profile.NoOpAnalyticsConfiguratorService      : loaded 2 times (x 84B)
Class com.android.tools.analytics.AnalyticsSettingsData$DataTypeAdapter               : loaded 2 times (x 75B)
Class kotlin.text.MatcherMatchResult$groupValues$1                                    : loaded 2 times (x 200B)
Class com.android.builder.model.v2.ide.JavaCompileOptions                             : loaded 2 times (x 72B)
Class com.amazon.ion.IonList                                                          : loaded 2 times (x 72B)
Class org.jetbrains.plugins.gradle.tooling.serialization.internal.adapter.Supplier    : loaded 2 times (x 72B)
Class ijInit2_3mi0pvyezm6t0cdvy7bir8j4c                                               : loaded 2 times (x 173B)
Class org.gradle.tooling.internal.adapter.ProtocolToModelAdapter$MixInMappingAction   : loaded 2 times (x 82B)
Class org.gradle.internal.exceptions.ResolutionProvider                               : loaded 2 times (x 72B)
Class com.android.build.gradle.internal.lint.LintTaskManager$createBeforeEvaluateLintTasks$1: loaded 2 times (x 77B)
Class com.android.build.gradle.internal.lint.LintTaskManager$Companion                : loaded 2 times (x 73B)
Class com.android.build.gradle.internal.crash.ExternalApiUsageException               : loaded 2 times (x 84B)
Class [Lcom.android.build.api.variant.ScopedArtifacts$Scope;                          : loaded 2 times (x 71B)
Class com.android.build.gradle.api.ApplicationVariant                                 : loaded 2 times (x 72B)
Class com.android.build.gradle.internal.dsl.BundleOptionsCountrySet$AgpDecorated      : loaded 2 times (x 87B)
Class com.android.build.gradle.internal.dsl.EmulatorControl$AgpDecorated              : loaded 2 times (x 90B)
Class com.android.build.gradle.internal.dsl.JUnitEngineSpecImpl                       : loaded 2 times (x 86B)
Class com.android.build.gradle.internal.dsl.ApplicationPublishingImpl                 : loaded 2 times (x 83B)
Class org.jetbrains.kotlin.gradle.utils.WhenPluginEnabledKt$whenPluginsEnabled$1      : loaded 2 times (x 77B)
Class [Lorg.jetbrains.kotlin.gradle.report.BuildReportType;                           : loaded 2 times (x 71B)
Class org.jetbrains.kotlin.gradle.internal.properties.PropertiesBuildService$localProperties$2: loaded 2 times (x 81B)
Class org.jetbrains.kotlin.gradle.tasks.AbstractKotlinCompileTool                     : loaded 2 times (x 373B)
Class com.android.build.gradle.internal.errors.IncompatibleProjectOptionsReporter     : loaded 2 times (x 73B)
Class com.google.wireless.android.sdk.stats.GradleBuildVariantOrBuilder               : loaded 2 times (x 72B)
Class com.android.build.gradle.internal.profile.AnalyticsService$Params_Decorated     : loaded 2 times (x 153B)
Class com.android.sdklib.AndroidVersion                                               : loaded 2 times (x 77B)
Class com.android.build.api.variant.GeneratesApkBuilder                               : loaded 2 times (x 72B)
Class com.android.build.api.dsl.MinSdkSpec                                            : loaded 2 times (x 72B)
Class com.android.Version                                                             : loaded 2 times (x 73B)
Class com.amazon.ion.IonSystem                                                        : loaded 2 times (x 72B)
Class com.amazon.ion.impl.bin.IonManagedBinaryWriter$ImportedSymbolContext            : loaded 2 times (x 74B)
Class kotlin.text.MatchResult$DefaultImpls                                            : loaded 2 times (x 73B)
Class org.gradle.tooling.model.idea.IdeaCompilerOutput                                : loaded 2 times (x 72B)
Class org.gradle.tooling.model.ProjectIdentifier                                      : loaded 2 times (x 72B)
Class org.gradle.internal.classloader.ClasspathUtil                                   : loaded 2 times (x 73B)
Class com.google.common.base.Charsets                                                 : loaded 2 times (x 73B)
Class com.android.build.gradle.internal.dsl.ApplicationPublishingImpl$AgpDecorated_Decorated: loaded 2 times (x 132B)
Class com.android.build.api.dsl.ComposeOptions                                        : loaded 2 times (x 72B)
Class com.android.build.gradle.internal.dsl.NdkOptions$DebugSymbolLevel               : loaded 2 times (x 81B)
Class com.google.common.collect.ReverseNaturalOrdering                                : loaded 2 times (x 116B)
Class com.android.build.api.dsl.VectorDrawables                                       : loaded 2 times (x 72B)
Class com.android.build.gradle.internal.dsl.ViewBindingOptionsImpl                    : loaded 2 times (x 86B)
Class com.android.build.gradle.internal.dsl.ResourcesPackagingImpl                    : loaded 2 times (x 84B)
Class com.android.build.gradle.internal.dsl.BundleOptions                             : loaded 2 times (x 137B)
Class com.android.build.gradle.internal.services.BuiltInKotlinServicesKt$initBuiltInKotlinSupportIfRequired$3: loaded 2 times (x 77B)
Class org.jetbrains.kotlin.gradle.dsl.JvmTarget$Companion                             : loaded 2 times (x 73B)
Class org.jetbrains.kotlin.gradle.internal.properties.NativePropertiesLoader$downloadFromMaven$1: loaded 2 times (x 77B)
Class io.opentelemetry.context.Scope                                                  : loaded 2 times (x 72B)
Class com.android.build.gradle.internal.SdkComponentsBuildService$Parameters          : loaded 2 times (x 72B)
Class com.android.build.gradle.internal.services.AndroidLocationsBuildService$androidLocations$1$1: loaded 2 times (x 77B)
Class com.android.build.gradle.options.FeatureStage$Supported                         : loaded 2 times (x 74B)
Class com.google.common.util.concurrent.MoreExecutors                                 : loaded 2 times (x 73B)
Class com.amazon.ion.impl.bin.IonManagedBinaryWriter$ImportedSymbolResolverMode$2     : loaded 2 times (x 82B)
Class com.android.builder.model.v2.ide.ComponentInfo                                  : loaded 2 times (x 72B)
Class com.intellij.gradle.toolingExtension.impl.model.sourceSetModel.GradleSourceSetSerialisationService: loaded 2 times (x 79B)
Class kotlin.io.FileSystemException                                                   : loaded 2 times (x 84B)
Class com.android.build.gradle.internal.TaskManager$ConfigAttrTask                    : loaded 2 times (x 322B)
Class com.android.builder.core.AbstractBuildType$Companion                            : loaded 2 times (x 73B)
Class com.android.builder.testing.api.TestServer                                      : loaded 2 times (x 76B)
Class com.android.build.gradle.internal.dsl.ShaderOptions_Decorated                   : loaded 2 times (x 132B)
Class com.android.build.gradle.internal.plugins.AbstractAppPlugin                     : loaded 2 times (x 96B)
Class com.android.build.api.dsl.KmpOptimization                                       : loaded 2 times (x 72B)
Class com.android.build.gradle.internal.dsl.decorator.SupportedPropertyType$Var       : loaded 2 times (x 76B)
Class com.android.builder.signing.DefaultSigningConfig                                : loaded 2 times (x 111B)
Class org.jetbrains.kotlin.gradle.plugin.internal.DefaultProjectIsolationStartParameterAccessor: loaded 2 times (x 79B)
Class org.jetbrains.kotlin.gradle.utils.GradleConfigurationUtilsKt$addGradlePluginMetadataAttributes$1: loaded 2 times (x 77B)
Class org.jetbrains.kotlin.gradle.plugin.KaptExtension                                : loaded 2 times (x 138B)
Class org.jetbrains.kotlin.gradle.dsl.KotlinAndroidExtension                          : loaded 2 times (x 72B)
Class org.jetbrains.kotlin.gradle.plugin.AbstractKotlinMultiplatformPluginWrapper     : loaded 2 times (x 88B)
Class com.android.build.gradle.internal.services.LintClassLoaderBuildService$RegistrationAction: loaded 2 times (x 76B)
Class com.android.build.gradle.internal.utils.GradleEnvironmentProvider               : loaded 2 times (x 72B)
Class [Lcom.google.wireless.android.sdk.stats.GradleBuildProfileSpan$ExecutionType;   : loaded 2 times (x 71B)
Class com.android.build.gradle.internal.utils.AnalyticsSettingsUtils$analyticsEnabledProvider$1: loaded 2 times (x 76B)
Class com.android.build.gradle.options.BooleanOption                                  : loaded 2 times (x 90B)
Class com.android.utils.Environment$Companion$SYSTEM$1                                : loaded 2 times (x 76B)
Class com.android.build.gradle.internal.TaskManager                                   : loaded 2 times (x 84B)
Class com.android.build.gradle.AppPluginKt                                            : loaded 2 times (x 73B)
Class com.android.builder.model.v2.dsl.BaseConfig                                     : loaded 2 times (x 72B)
Class com.amazon.ion.impl.lite.IonIntLite                                             : loaded 2 times (x 191B)
Class com.amazon.ion.impl._Private_IonReaderBuilder$TwoElementInputStream             : loaded 2 times (x 94B)
Class com.amazon.ion.util._Private_FastAppendable                                     : loaded 2 times (x 72B)
Class [Lcom.amazon.ion.impl.bin.IonRawBinaryWriter$PreallocationMode;                 : loaded 2 times (x 71B)
Class io.opentelemetry.context.propagation.TextMapGetter                              : loaded 2 times (x 72B)
Class org.gradle.internal.time.TimeSource$1                                           : loaded 2 times (x 79B)
Class kotlin.jvm.internal.DefaultConstructorMarker                                    : loaded 2 times (x 73B)
Class org.gradle.api.specs.Spec                                                       : loaded 2 times (x 72B)
Class com.android.build.gradle.internal.tasks.factory.TaskConfigAction                : loaded 2 times (x 72B)
Class com.android.build.gradle.internal.dsl.AndroidTestImpl$AgpDecorated_Decorated    : loaded 2 times (x 127B)
Class com.android.build.api.artifact.impl.ScopedArtifactsImpl                         : loaded 2 times (x 77B)
Class com.android.build.api.artifact.impl.ArtifactsImpl                               : loaded 2 times (x 85B)
Class com.android.build.gradle.internal.core.ToolExecutionOptions                     : loaded 2 times (x 74B)
Class com.android.build.gradle.LintLifecycleExtensionImpl                             : loaded 2 times (x 82B)
Class com.android.build.gradle.internal.api.artifact.SourceArtifactType$JNI_LIBS      : loaded 2 times (x 76B)
Class com.android.build.gradle.internal.dsl.CoreShaderOptions                         : loaded 2 times (x 72B)
Class com.android.build.api.dsl.ScreenshotTestSuite                                   : loaded 2 times (x 72B)
Class com.android.build.gradle.internal.dsl.decorator.SupportedPropertyType$Var$Custom: loaded 2 times (x 76B)
Class com.android.build.gradle.internal.dsl.AgpDslLockedException                     : loaded 2 times (x 84B)
Class org.jetbrains.kotlin.gradle.targets.native.toolchain.KotlinNativeBundleBuildService$Companion$registerIfAbsent$2$1: loaded 2 times (x 81B)
Class org.jetbrains.kotlin.build.report.metrics.GradleBuildPerformanceMetric$Companion: loaded 2 times (x 73B)
Class org.jetbrains.kotlin.gradle.plugin.internal.MavenPublicationComponentAccessor$Factory: loaded 2 times (x 72B)
Class com.android.build.gradle.internal.services.Aapt2DaemonBuildService              : loaded 2 times (x 82B)
Class com.android.build.gradle.internal.ide.v2.GlobalSyncService                      : loaded 2 times (x 82B)
Class [Lcom.google.protobuf.ProtocolMessageEnum;                                      : loaded 2 times (x 71B)
Class com.google.protobuf.LazyStringArrayList                                         : loaded 2 times (x 316B)
Class kotlinx.coroutines.flow.StateFlowImpl                                           : loaded 2 times (x 105B)
Class com.android.build.gradle.internal.scope.ProjectInfo                             : loaded 2 times (x 74B)
Class [Lcom.android.build.gradle.options.IntegerOption;                               : loaded 2 times (x 71B)
Class com.android.build.gradle.internal.profile.AnalyticsService                      : loaded 2 times (x 112B)
Class com.android.build.api.variant.HasAndroidResources                               : loaded 2 times (x 72B)
Class com.android.build.gradle.internal.component.VariantCreationConfig               : loaded 2 times (x 72B)
Class com.android.build.api.variant.VariantBuilder                                    : loaded 2 times (x 72B)
Class com.android.build.gradle.internal.dsl.InternalApplicationExtension              : loaded 2 times (x 72B)
Class com.amazon.ion.impl.lite.IonSexpLite                                            : loaded 2 times (x 492B)
Class com.amazon.ion.impl.lite.IonListLite                                            : loaded 2 times (x 492B)
Class com.amazon.ion.IonFloat                                                         : loaded 2 times (x 72B)
Class io.opentelemetry.context.ThreadLocalContextStorage$ScopeImpl                    : loaded 2 times (x 81B)
Class com.android.build.gradle.api.AndroidBasePlugin                                  : loaded 2 times (x 76B)
Class com.android.build.gradle.internal.plugins.AppPlugin$ApplicationAndroidComponentsExtensionImplCompat_Decorated: loaded 2 times (x 163B)
Class com.android.build.gradle.internal.dsl.AbiSplitOptions$AgpDecorated              : loaded 2 times (x 100B)
Class com.android.build.gradle.internal.dsl.PublishingOptionsImpl                     : loaded 2 times (x 79B)
Class com.android.build.api.artifact.Artifact$Category                                : loaded 2 times (x 81B)
Class com.android.build.gradle.internal.dsl.FusedLibraryExtensionImpl                 : loaded 2 times (x 106B)
Class com.android.build.gradle.internal.dsl.BundleOptionsAiModelVersion               : loaded 2 times (x 83B)
Class com.android.build.api.dsl.Publishing                                            : loaded 2 times (x 72B)
Class org.jetbrains.kotlin.gradle.utils.CompletableFuture                             : loaded 2 times (x 72B)
Class org.jetbrains.kotlin.build.report.metrics.BuildPerformanceMetric                : loaded 2 times (x 72B)
Class org.jetbrains.kotlin.gradle.plugin.internal.JavaExecTaskParametersCompatibility : loaded 2 times (x 72B)
Class [Lcom.android.build.gradle.internal.profile.AnalyticsConfiguratorService$State; : loaded 2 times (x 71B)
Class com.google.wireless.android.sdk.stats.GarbageCollectionStatsOrBuilder           : loaded 2 times (x 72B)
Class com.google.protobuf.UninitializedMessageException                               : loaded 2 times (x 86B)
Class com.android.builder.errors.IssueReporter$Type                                   : loaded 2 times (x 81B)
Class com.android.build.api.dsl.TargetSdkVersion                                      : loaded 2 times (x 72B)
Class com.amazon.ion.impl.LocalSymbolTable$Factory                                    : loaded 2 times (x 79B)
Class com.amazon.ion.impl.bin.IonManagedBinaryWriter$ImportedSymbolResolverMode       : loaded 2 times (x 82B)
Class com.intellij.gradle.toolingExtension.impl.model.buildScriptClasspathModel.GradleBuildScriptClasspathSerializationService: loaded 2 times (x 79B)
Class com.android.build.gradle.internal.ide.v2.NativeModelBuilder                     : loaded 2 times (x 88B)
Class com.google.wireless.android.sdk.stats.GradleBuildProject$1                      : loaded 2 times (x 78B)
Class com.android.build.gradle.internal.dsl.TestOptions$UnitTestOptions               : loaded 2 times (x 86B)
Class com.android.build.api.dsl.MultiDexConfig                                        : loaded 2 times (x 72B)
Class com.android.build.gradle.internal.dsl.AbiSplitOptions                           : loaded 2 times (x 97B)
Class com.android.build.gradle.api.BaseVariant                                        : loaded 2 times (x 72B)
Class org.jetbrains.kotlin.gradle.plugin.AndroidProjectHandler                        : loaded 2 times (x 74B)
Class org.jetbrains.kotlin.gradle.plugin.KotlinTarget                                 : loaded 2 times (x 72B)
Class com.android.build.gradle.internal.services.BuiltInKotlinServicesKt              : loaded 2 times (x 73B)
Class com.android.build.gradle.internal.profile.AnalyticsConfiguratorService$Params   : loaded 2 times (x 72B)
Class kotlinx.coroutines.internal.Symbol                                              : loaded 2 times (x 74B)
Class com.android.build.gradle.internal.lint.LintFromMaven                            : loaded 2 times (x 74B)
Class com.android.utils.EnvironmentProvider$DirectEnvironmentProvider                 : loaded 2 times (x 82B)
Class com.google.common.base.Platform                                                 : loaded 2 times (x 73B)
Class com.amazon.ion.impl.LocalSymbolTableAsStruct                                    : loaded 2 times (x 134B)
Class com.amazon.ion.impl.lite.IonTimestampLite                                       : loaded 2 times (x 195B)
Class org.jetbrains.plugins.gradle.model.FileCollectionDependency                     : loaded 2 times (x 72B)
Class io.opentelemetry.api.trace.SpanBuilder                                          : loaded 2 times (x 72B)
Class io.opentelemetry.api.DefaultOpenTelemetry                                       : loaded 2 times (x 91B)
Class com.intellij.gradle.toolingExtension.impl.model.utilDummyModel.DummyModel       : loaded 2 times (x 72B)
Class kotlin.text.StringsKt__RegexExtensionsKt                                        : loaded 2 times (x 73B)
Class kotlin.collections.EmptyIterator                                                : loaded 2 times (x 91B)
Class org.gradle.internal.time.Clock                                                  : loaded 2 times (x 72B)
Class org.gradle.tooling.model.BuildModel                                             : loaded 2 times (x 72B)
Class com.android.build.gradle.internal.ide.v2.ModelBuilder                           : loaded 2 times (x 82B)
Class com.google.wireless.android.sdk.stats.GradleBuildProject$2                      : loaded 2 times (x 153B)
Class com.android.build.gradle.internal.dsl.JniLibsPackagingImpl$AgpDecorated         : loaded 2 times (x 95B)
Class org.jetbrains.kotlin.gradle.report.BuildMetricsService                          : loaded 2 times (x 88B)
Class com.android.build.api.artifact.ArtifactKind$FILE                                : loaded 2 times (x 74B)
Class com.android.build.gradle.internal.dsl.AnnotationProcessorOptions                : loaded 2 times (x 104B)
Class com.android.build.gradle.internal.dsl.AarMetadataImpl                           : loaded 2 times (x 95B)
Class com.android.build.gradle.internal.dsl.decorator.SupportedPropertyType$Var$Boolean: loaded 2 times (x 76B)
Class com.android.build.gradle.internal.dsl.VariantDimensionBinaryCompatibilityFix    : loaded 2 times (x 72B)
Class org.jetbrains.kotlin.gradle.plugin.ProjectLocalConfigurations                   : loaded 2 times (x 73B)
Class org.jetbrains.kotlin.gradle.plugin.mpp.KotlinUsages$KotlinUsagesDisambiguation  : loaded 2 times (x 78B)
Class org.jetbrains.kotlin.tooling.core.Extras$Key$Companion                          : loaded 2 times (x 73B)
Class org.jetbrains.kotlin.tooling.core.Extras$Key                                    : loaded 2 times (x 74B)
Class com.android.build.gradle.internal.utils.GradleEnvironmentProviderImpl           : loaded 2 times (x 78B)
Class com.google.protobuf.Internal$LongList                                           : loaded 2 times (x 72B)
Class com.google.gson.internal.$Gson$Types                                            : loaded 2 times (x 73B)
Class com.google.gson.JsonDeserializer                                                : loaded 2 times (x 72B)
Class org.jetbrains.kotlin.gradle.plugin.PropertiesProvider$classLoaderCacheTimeoutInSeconds$1: loaded 2 times (x 77B)
Class com.android.build.gradle.internal.dsl.BaseFlavor                                : loaded 2 times (x 429B)
Class com.android.build.gradle.options.OptionalBooleanOption                          : loaded 2 times (x 87B)
Class com.android.build.gradle.internal.variant.ApplicationVariantFactory             : loaded 2 times (x 108B)
Class com.android.build.gradle.internal.dsl.DeclarativeApplicationExtensionImpl       : loaded 2 times (x 395B)
Class com.android.builder.model.v2.dsl.ProductFlavor                                  : loaded 2 times (x 72B)
Class [Lcom.android.builder.model.v2.ide.TestInfo$Execution;                          : loaded 2 times (x 71B)
Class com.google.gson.internal.reflect.ReflectionHelper$RecordNotSupportedHelper      : loaded 2 times (x 80B)
Class com.amazon.ion.IonString                                                        : loaded 2 times (x 72B)
Class io.opentelemetry.context.propagation.TextMapPropagator                          : loaded 2 times (x 72B)
Class org.jetbrains.plugins.gradle.model.GradleSourceSetDependencyModel               : loaded 2 times (x 72B)
Class com.google.common.collect.CompoundOrdering                                      : loaded 2 times (x 117B)
Class kotlin.sequences.SequencesKt__SequencesJVMKt                                    : loaded 2 times (x 73B)
Class kotlin.coroutines.jvm.internal.RestrictedSuspendLambda                          : loaded 2 times (x 93B)
Class org.gradle.tooling.internal.adapter.TypeInspector                               : loaded 2 times (x 75B)
Class org.gradle.tooling.internal.adapter.ProtocolToModelAdapter$NoOpDecoration       : loaded 2 times (x 81B)
Class org.gradle.tooling.model.Element                                                : loaded 2 times (x 72B)
Class kotlin.collections.AbstractList                                                 : loaded 2 times (x 199B)
Class kotlin.collections.AbstractCollection                                           : loaded 2 times (x 119B)
Class com.android.build.gradle.internal.lint.AndroidLintGlobalTask$GlobalCreationAction: loaded 2 times (x 93B)
Class com.android.build.gradle.internal.api.VariantFilter                             : loaded 2 times (x 82B)
Class com.android.build.gradle.internal.dsl.BundleOptionsTexture$AgpDecorated         : loaded 2 times (x 87B)
Class com.android.build.api.dsl.ManagedVirtualDevice                                  : loaded 2 times (x 72B)
Class com.android.build.gradle.internal.dsl.TestFixturesImpl_Decorated                : loaded 2 times (x 129B)
Class com.android.build.api.dsl.SdkComponents                                         : loaded 2 times (x 72B)
Class com.android.build.gradle.internal.coverage.JacocoOptions                        : loaded 2 times (x 87B)
Class com.android.build.api.artifact.ArtifactKind$DIRECTORY                           : loaded 2 times (x 74B)
Class com.android.build.gradle.internal.dsl.SigningConfigFactory                      : loaded 2 times (x 79B)
Class com.android.build.gradle.internal.dsl.ShaderOptions                             : loaded 2 times (x 89B)
Class com.google.common.util.concurrent.AbstractFuture$SynchronizedHelper             : loaded 2 times (x 80B)
Class com.android.build.api.dsl.TestOptions                                           : loaded 2 times (x 72B)
Class com.android.build.api.dsl.AbiSplit                                              : loaded 2 times (x 72B)
Class com.android.build.api.dsl.LibraryVariantDimension                               : loaded 2 times (x 72B)
Class org.jetbrains.kotlin.gradle.plugin.mpp.HierarchyAttributeContainer$1            : loaded 2 times (x 80B)
Class org.jetbrains.kotlin.gradle.dsl.ToolchainSupport                                : loaded 2 times (x 72B)
Class com.android.build.gradle.internal.cxx.model.CxxAbiModel                         : loaded 2 times (x 74B)
Class org.jetbrains.kotlin.gradle.plugin.KotlinJsPluginWrapper                        : loaded 2 times (x 88B)
Class org.jetbrains.kotlin.gradle.dsl.KotlinJvmOptions                                : loaded 2 times (x 72B)
Class org.jetbrains.kotlin.gradle.plugin.mpp.InternalKotlinTarget                     : loaded 2 times (x 72B)
Class com.android.build.gradle.internal.services.FakeDependencyJarBuildService$RegistrationAction: loaded 2 times (x 76B)
Class com.android.utils.EnvironmentProvider                                           : loaded 2 times (x 72B)
Class com.google.protobuf.InvalidProtocolBufferException                              : loaded 2 times (x 89B)
Class com.google.common.collect.EnumHashBiMap                                         : loaded 2 times (x 161B)
Class com.google.common.collect.Lists$ReverseList$1                                   : loaded 2 times (x 101B)
Class com.amazon.ion.BufferConfiguration                                              : loaded 2 times (x 74B)
Class com.amazon.ion.system.SimpleCatalog                                             : loaded 2 times (x 93B)
Class io.opentelemetry.context.ArrayBasedContext                                      : loaded 2 times (x 102B)
Class com.intellij.gradle.toolingExtension.impl.model.taskModel.GradleTaskSerialisationService: loaded 2 times (x 78B)
Class com.android.ide.gradle.model.LegacyV1AgpVersionModel                            : loaded 2 times (x 72B)
Class kotlin.text.StringsKt__StringBuilderJVMKt                                       : loaded 2 times (x 73B)
Class com.google.common.collect.ImmutableRangeSet$Builder                             : loaded 2 times (x 79B)
Class kotlin.text.Regex                                                               : loaded 2 times (x 74B)
Class kotlin.sequences.SequencesKt__SequenceBuilderKt$sequence$$inlined$Sequence$1    : loaded 2 times (x 77B)
Class kotlin.Triple                                                                   : loaded 2 times (x 74B)
Class com.android.build.api.variant.ScopedArtifacts$Scope                             : loaded 2 times (x 81B)
Class com.android.build.gradle.internal.dsl.AbiSplitOptions$AgpDecorated_Decorated    : loaded 2 times (x 146B)
Class com.android.build.gradle.internal.CompileOptions$AgpDecorated                   : loaded 2 times (x 99B)
Class com.android.build.gradle.internal.dsl.BundleOptions$AgpDecorated_Decorated      : loaded 2 times (x 196B)
Class com.android.build.gradle.internal.dsl.BuildFeaturesImpl                         : loaded 2 times (x 112B)
Class com.android.build.gradle.internal.dsl.ExternalNativeNdkBuildOptions             : loaded 2 times (x 111B)
Class com.android.build.gradle.internal.dsl.CmakeOptions                              : loaded 2 times (x 100B)
Class com.android.build.gradle.internal.TaskManager$Companion$createTasksBeforeEvaluate$2: loaded 2 times (x 76B)
Class com.google.wireless.android.sdk.stats.GradleBuildVariant$VariantType$1          : loaded 2 times (x 78B)
Class org.jetbrains.kotlin.gradle.internal.properties.PropertiesBuildService$property$1$valueFromGradleAndLocalProperties$1: loaded 2 times (x 77B)
Class org.jetbrains.kotlin.gradle.plugin.KotlinPluginWrapperKt$kotlinToolingVersion$2 : loaded 2 times (x 80B)
Class com.android.build.gradle.internal.errors.OptionInfo                             : loaded 2 times (x 74B)
Class com.android.build.gradle.internal.services.AndroidLocationsBuildService$AndroidDirectoryCreator$Params_Decorated: loaded 2 times (x 134B)
Class com.android.build.gradle.internal.ide.v2.GlobalSyncService$RegistrationAction   : loaded 2 times (x 76B)
Class com.android.build.gradle.internal.ide.dependencies.MavenCoordinatesCacheBuildService$Parameters: loaded 2 times (x 72B)
Class com.google.protobuf.Extension                                                   : loaded 2 times (x 87B)
Class com.google.wireless.android.sdk.stats.GradleBuildProfile                        : loaded 2 times (x 249B)
Class com.google.protobuf.MessageOrBuilder                                            : loaded 2 times (x 72B)
Class org.gradle.internal.classloader.DefaultClassLoaderFactory                       : loaded 2 times (x 84B)
Class org.jetbrains.plugins.gradle.tooling.util.IntObjectMap$1                        : loaded 2 times (x 79B)
Class org.gradle.tooling.model.internal.ImmutableDomainObjectSet                      : loaded 2 times (x 157B)
Class org.gradle.internal.classloader.VisitableURLClassLoader$InstrumentingVisitableURLClassLoader: loaded 2 times (x 124B)
Class com.android.build.gradle.internal.tasks.ExtractProguardFiles$CreationAction     : loaded 2 times (x 92B)
Class com.intellij.util.containers.IntObjectHashMap$ArrayProducer                     : loaded 2 times (x 72B)
Class com.android.build.gradle.internal.dsl.BundleOptionsAiModelVersion$AgpDecorated_Decorated: loaded 2 times (x 132B)
Class com.android.build.gradle.internal.variant.LegacyVariantInputManager$1           : loaded 2 times (x 77B)
Class com.android.builder.internal.BaseConfigImpl$Companion                           : loaded 2 times (x 73B)
Class io.opentelemetry.api.GlobalOpenTelemetry                                        : loaded 2 times (x 73B)
Class com.android.ide.common.gradle.DEV                                               : loaded 2 times (x 79B)
Class org.jetbrains.kotlin.gradle.plugin.KotlinSourceSetTree$Companion                : loaded 2 times (x 73B)
Class org.jetbrains.kotlin.gradle.plugin.KotlinGradleBuildServices$Parameters         : loaded 2 times (x 72B)
Class com.amazon.ion.impl.bin.IonManagedBinaryWriter$ImportedSymbolResolverMode$1     : loaded 2 times (x 82B)
Class com.amazon.ion.impl.lite.IonSymbolLite                                          : loaded 2 times (x 249B)
Class com.android.build.gradle.internal.errors.DeprecationReporter$DeprecationTarget  : loaded 2 times (x 81B)
Class com.android.build.gradle.internal.core.dsl.TestedVariantDslInfo                 : loaded 2 times (x 72B)
Class com.android.build.gradle.internal.variant.AbstractAppVariantFactory             : loaded 2 times (x 108B)
Class [Lcom.amazon.ion.impl.bin.IonRawBinaryWriter$StreamCloseMode;                   : loaded 2 times (x 71B)
Class com.android.builder.model.v2.ide.AndroidGradlePluginProjectFlags                : loaded 2 times (x 72B)
Class [Lcom.android.builder.model.v2.ide.AndroidGradlePluginProjectFlags$BooleanFlag; : loaded 2 times (x 71B)
Class com.android.builder.model.v2.ide.BasicVariant                                   : loaded 2 times (x 72B)
Class [Lcom.amazon.ion.impl.bin.IonRawBinaryWriter$StreamFlushMode;                   : loaded 2 times (x 71B)
Class com.amazon.ion.UnsupportedIonVersionException                                   : loaded 2 times (x 87B)
Class io.opentelemetry.api.trace.SpanId                                               : loaded 2 times (x 73B)
Class kotlin.comparisons.ComparisonsKt__ComparisonsKt                                 : loaded 2 times (x 73B)
Class kotlin.ranges.RangesKt__RangesKt                                                : loaded 2 times (x 73B)
Class kotlin.collections.SetsKt___SetsKt                                              : loaded 2 times (x 73B)
Class kotlin.sequences.SequencesKt__SequencesKt                                       : loaded 2 times (x 73B)
Class kotlin.coroutines.Continuation                                                  : loaded 2 times (x 72B)
Class org.gradle.internal.classloader.VisitableURLClassLoader$Spec                    : loaded 2 times (x 76B)
Class org.gradle.internal.classpath.DefaultClassPath                                  : loaded 2 times (x 92B)
Class com.android.build.gradle.internal.tasks.factory.GlobalTaskNamesImpl             : loaded 2 times (x 83B)
Class com.android.build.gradle.internal.services.FakeDependencyJarBuildService$Inject_: loaded 2 times (x 104B)
Class com.android.build.gradle.internal.variant.LegacyVariantInputManager$2           : loaded 2 times (x 76B)
Class org.jetbrains.kotlin.idea.gradleTooling.AndroidAwareGradleModelProvider$Companion: loaded 2 times (x 73B)
Class com.android.build.api.dsl.Splits                                                : loaded 2 times (x 72B)
Class com.android.build.gradle.internal.dsl.BundleOptionsStoreArchive                 : loaded 2 times (x 79B)
Class org.jetbrains.kotlin.gradle.dsl.DefaultToolchainSupport$wireToolchainToTasks$1  : loaded 2 times (x 77B)
Class [Lorg.jetbrains.kotlin.build.report.metrics.GradleBuildTime;                    : loaded 2 times (x 71B)
Class org.jetbrains.kotlin.gradle.internal.properties.PropertiesBuildService$MemoizedCallable: loaded 2 times (x 77B)
Class org.jetbrains.kotlin.gradle.plugin.internal.DefaultMavenPublicationComponentAccessorFactory: loaded 2 times (x 78B)
Class org.jetbrains.kotlin.gradle.tasks.KotlinTasksProvider                           : loaded 2 times (x 74B)
Class org.jetbrains.kotlin.gradle.dsl.KotlinCommonCompilerOptions                     : loaded 2 times (x 72B)
Class com.google.protobuf.Reader                                                      : loaded 2 times (x 72B)
Class com.google.common.collect.Maps$UnmodifiableBiMap                                : loaded 2 times (x 155B)
Class com.android.builder.errors.IssueReporter$Companion                              : loaded 2 times (x 73B)
Class com.android.builder.model.v2.ide.BundleInfo                                     : loaded 2 times (x 72B)
Class com.android.builder.model.v2.ide.SourceProvider                                 : loaded 2 times (x 72B)
Class com.amazon.ion.impl.bin.IonManagedBinaryWriter$SymbolState                      : loaded 2 times (x 82B)
Class com.amazon.ion.IonStruct                                                        : loaded 2 times (x 72B)
Class org.jetbrains.plugins.gradle.model.GradleBuildScriptClasspathModel              : loaded 2 times (x 72B)
Class kotlin.sequences.FilteringSequence                                              : loaded 2 times (x 77B)
Class kotlin.text.CharsKt__CharJVMKt                                                  : loaded 2 times (x 73B)
Class kotlin.comparisons.ComparisonsKt                                                : loaded 2 times (x 73B)
Class kotlin.comparisons.ComparisonsKt___ComparisonsKt                                : loaded 2 times (x 73B)
Class kotlin.coroutines.jvm.internal.BaseContinuationImpl                             : loaded 2 times (x 89B)
Class kotlin.Result$Companion                                                         : loaded 2 times (x 73B)
Class org.gradle.util.internal.DefaultGradleVersion                                   : loaded 2 times (x 84B)
Class com.android.build.gradle.internal.dsl.PackagingOptions$AgpDecorated             : loaded 2 times (x 117B)
Class com.android.build.api.dsl.EmulatorControl                                       : loaded 2 times (x 72B)
Class com.android.build.gradle.internal.variant.LegacyVariantInputManager$3           : loaded 2 times (x 77B)
Class com.android.build.gradle.internal.dsl.AarMetadataImpl$AgpDecorated_Decorated    : loaded 2 times (x 145B)
Class com.android.build.gradle.internal.dsl.CompileSdkDelegate                        : loaded 2 times (x 91B)
Class com.android.build.gradle.internal.dsl.CoreNdkOptions                            : loaded 2 times (x 72B)
Class com.android.build.gradle.internal.dsl.decorator.AndroidPluginDslDecoratorKt     : loaded 2 times (x 73B)
Class com.android.build.gradle.internal.utils.KgpVersion$Companion                    : loaded 2 times (x 73B)
Class org.jetbrains.kotlin.konan.util.Named                                           : loaded 2 times (x 72B)
Class [Lorg.jetbrains.kotlin.gradle.report.BuildReportMode;                           : loaded 2 times (x 71B)
Class org.jetbrains.kotlin.gradle.plugin.AbstractKotlinAndroidPluginWrapper           : loaded 2 times (x 88B)
Class com.android.build.gradle.internal.services.BuiltInKotlinServices$AvailabilityReason$BuiltInKotlinBooleanOptionEnabled: loaded 2 times (x 73B)
Class com.google.protobuf.AbstractMessage$BuilderParent                               : loaded 2 times (x 72B)
Class com.google.common.base.CharMatcher$Ascii                                        : loaded 2 times (x 114B)
Class com.google.common.base.Platform$JdkPatternCompiler                              : loaded 2 times (x 77B)
Class com.android.build.api.variant.HasDeviceTestsBuilder                             : loaded 2 times (x 72B)
Class com.android.build.gradle.options.Option$Status$STABLE                           : loaded 2 times (x 73B)
Class com.google.protobuf.Internal$IntList                                            : loaded 2 times (x 72B)
Class com.google.protobuf.GeneratedMessageV3$BuilderParent                            : loaded 2 times (x 72B)
Class [Lio.opentelemetry.context.ThreadLocalContextStorage;                           : loaded 2 times (x 71B)
Class org.gradle.internal.classloader.ClassLoaderSpec                                 : loaded 2 times (x 73B)
Class com.android.build.gradle.internal.lint.AndroidLintGlobalTask$LintFixCreationAction: loaded 2 times (x 93B)
Class com.android.build.gradle.internal.lint.AndroidLintGlobalTask$BaseGlobalCreationAction: loaded 2 times (x 93B)
Class com.android.build.gradle.ProguardFiles                                          : loaded 2 times (x 73B)
Class com.android.builder.core.DefaultDexOptions                                      : loaded 2 times (x 101B)
Class com.android.build.gradle.api.ApkVariant                                         : loaded 2 times (x 72B)
Class com.android.build.gradle.internal.dsl.ResourcesPackagingImpl$AgpDecorated_Decorated: loaded 2 times (x 131B)
Class com.android.build.gradle.internal.variant.LegacyVariantInputManager$4           : loaded 2 times (x 76B)
Class com.android.build.gradle.internal.api.artifact.SourceArtifactType$KEEP_RULES    : loaded 2 times (x 76B)
Class com.android.build.gradle.internal.api.artifact.SourceArtifactType$RENDERSCRIPT  : loaded 2 times (x 76B)
Class com.android.build.gradle.internal.dsl.NdkOptions_Decorated                      : loaded 2 times (x 167B)
Class com.android.build.gradle.internal.dsl.decorator.DslDecorator$ManagedProperty    : loaded 2 times (x 74B)
Class org.jetbrains.kotlin.gradle.plugin.KotlinGradleBuildServices                    : loaded 2 times (x 82B)
Class org.jetbrains.kotlin.gradle.internal.properties.PropertiesBuildService$GradleProperty: loaded 2 times (x 72B)
Class org.jetbrains.kotlin.gradle.utils.StoredPropertyKt$projectStoredProperty$1      : loaded 2 times (x 80B)
Class org.jetbrains.kotlin.gradle.internal.Kapt3GradleSubplugin$Companion             : loaded 2 times (x 73B)
Class com.android.prefs.VariableType                                                  : loaded 2 times (x 81B)
Class org.jetbrains.kotlin.gradle.internal.properties.PropertiesBuildService$MemoizedCallable$value$2: loaded 2 times (x 81B)
Class com.android.tools.analytics.Environment                                         : loaded 2 times (x 75B)
Class com.android.build.gradle.internal.errors.DeprecationReporter                    : loaded 2 times (x 72B)
Class org.jetbrains.kotlin.gradle.targets.native.toolchain.KotlinNativeBundleBuildService: loaded 2 times (x 79B)
Class org.jetbrains.kotlin.gradle.targets.native.toolchain.KotlinNativeBundleBuildService$Parameters: loaded 2 times (x 72B)
Class com.android.build.gradle.options.ApiStage$Stable                                : loaded 2 times (x 74B)
Class com.android.build.gradle.internal.crash.CrashReporting                          : loaded 2 times (x 73B)
Class com.android.build.api.variant.Component                                         : loaded 2 times (x 72B)
Class com.amazon.ion.impl.IonWriterSystemTextMarkup                                   : loaded 2 times (x 193B)
Class com.amazon.ion.impl.bin.BlockAllocator                                          : loaded 2 times (x 82B)
Class kotlin.jvm.internal.FunctionReferenceImpl                                       : loaded 2 times (x 128B)
Class kotlin.collections.CollectionsKt___CollectionsJvmKt                             : loaded 2 times (x 73B)
Class com.android.build.api.variant.Aidl                                              : loaded 2 times (x 72B)
Class com.google.protobuf.Internal$ListAdapter$Converter                              : loaded 2 times (x 72B)
Class com.android.build.gradle.internal.dsl.BundleOptionsDeviceGroup$AgpDecorated     : loaded 2 times (x 87B)
Class com.android.build.gradle.internal.dsl.EmulatorControl                           : loaded 2 times (x 85B)
Class com.android.build.gradle.internal.dsl.TestOptions_Decorated                     : loaded 2 times (x 174B)
Class com.android.build.gradle.internal.variant.LegacyVariantInputManager$5           : loaded 2 times (x 77B)
Class org.jetbrains.kotlin.gradle.tasks.DefaultKotlinJavaToolchain                    : loaded 2 times (x 79B)
Class org.jetbrains.kotlin.gradle.tasks.DefaultKotlinJavaToolchain$Companion          : loaded 2 times (x 73B)
Class com.android.build.gradle.internal.dsl.MinCompileSdkSpecImpl                     : loaded 2 times (x 86B)
Class com.android.build.gradle.api.ViewBindingOptions                                 : loaded 2 times (x 72B)
Class com.android.build.api.dsl.Split                                                 : loaded 2 times (x 72B)
Class com.android.build.api.dsl.LibraryDefaultConfig                                  : loaded 2 times (x 72B)
Class org.jetbrains.kotlin.gradle.dsl.JvmTarget                                       : loaded 2 times (x 81B)
Class org.jetbrains.kotlin.gradle.internal.ClassLoadersCachingBuildService            : loaded 2 times (x 78B)
Class org.jetbrains.kotlin.gradle.plugin.internal.DefaultJavaExecTaskParametersCompatibility$Factory: loaded 2 times (x 78B)
Class org.jetbrains.kotlin.gradle.plugin.VariantImplementationFactoriesConfigurator$Companion: loaded 2 times (x 73B)
Class com.android.build.gradle.internal.dsl.BuildTypeFactory                          : loaded 2 times (x 79B)
Class com.android.tools.analytics.CommonMetricsData$GarbageCollectionStatsDiffs       : loaded 2 times (x 73B)
Class com.android.build.api.dsl.AssetPackBundleExtension                              : loaded 2 times (x 72B)
Class com.android.build.api.dsl.JniLibsPackaging                                      : loaded 2 times (x 72B)
Class com.android.build.gradle.options.Version                                        : loaded 2 times (x 81B)
Class com.android.build.gradle.internal.plugins.AppPlugin$1                           : loaded 2 times (x 88B)
Class com.google.common.collect.ImmutableMultisetGwtSerializationDependencies         : loaded 2 times (x 127B)
Class [Lcom.google.gson.ReflectionAccessFilter$FilterResult;                          : loaded 2 times (x 71B)
Class com.amazon.ion.system.IonWriterBuilderBase                                      : loaded 2 times (x 85B)
Class io.opentelemetry.api.trace.Tracer                                               : loaded 2 times (x 72B)
Class kotlin.TuplesKt                                                                 : loaded 2 times (x 73B)
Class kotlin.jvm.internal.markers.KMutableIterable                                    : loaded 2 times (x 72B)
Class kotlin.Unit                                                                     : loaded 2 times (x 73B)
Class kotlin.sequences.SequencesKt___SequencesJvmKt                                   : loaded 2 times (x 73B)
Class org.gradle.tooling.internal.adapter.ProtocolToModelAdapter$DefaultViewBuilder   : loaded 2 times (x 82B)
Class org.gradle.api.internal.classpath.Module$ModuleAlias                            : loaded 2 times (x 72B)
Class com.android.build.gradle.internal.lint.AndroidLintGlobalTask$UpdateBaselineCreationAction: loaded 2 times (x 93B)
Class com.android.build.gradle.internal.ide.v2.ModelBuilder$Companion                 : loaded 2 times (x 73B)
Class com.android.build.gradle.internal.api.TestedVariant                             : loaded 2 times (x 72B)
Class com.google.wireless.android.sdk.stats.GradleBuildSplits                         : loaded 2 times (x 220B)
Class com.android.build.gradle.internal.variant.LegacyVariantInputManager$6           : loaded 2 times (x 76B)
Class com.android.build.gradle.internal.TaskManager$Companion$createTasksBeforeEvaluate$1: loaded 2 times (x 76B)
Class com.android.build.api.artifact.impl.ArtifactContainer                           : loaded 2 times (x 77B)
Class org.jetbrains.kotlin.gradle.utils.StoredPropertyStorage                         : loaded 2 times (x 74B)
Class org.jetbrains.kotlin.gradle.plugin.KotlinSourceSetContainer                     : loaded 2 times (x 72B)
Class com.android.build.gradle.internal.services.Aapt2ThreadPoolBuildServiceKt        : loaded 2 times (x 73B)
Class com.android.build.api.artifact.impl.SingleArtifactContainer                     : loaded 2 times (x 77B)
Class org.gradle.internal.operations.MultipleBuildOperationFailures                   : loaded 2 times (x 97B)
Class com.android.build.gradle.options.SyncOptions$ErrorFormatMode                    : loaded 2 times (x 81B)
Class com.android.build.gradle.internal.errors.SyncIssueReporter                      : loaded 2 times (x 78B)
Class com.android.build.gradle.internal.plugins.AppPlugin$2                           : loaded 2 times (x 88B)
Class com.android.build.gradle.internal.dsl.InternalTestedExtension                   : loaded 2 times (x 72B)
Class [Lcom.android.builder.model.v2.ide.AaptOptions$Namespacing;                     : loaded 2 times (x 71B)
Class [Lorg.objectweb.asm.Label;                                                      : loaded 2 times (x 71B)
Class io.opentelemetry.api.trace.ArrayBasedTraceState                                 : loaded 2 times (x 88B)
Class io.opentelemetry.context.ContextKey                                             : loaded 2 times (x 72B)
Class io.opentelemetry.context.propagation.TextMapSetter                              : loaded 2 times (x 72B)
Class kotlin.ranges.RangesKt                                                          : loaded 2 times (x 73B)
Class org.gradle.tooling.internal.adapter.ProtocolToModelAdapter$ViewGraphDetails$1   : loaded 2 times (x 79B)
Class org.gradle.internal.classloader.VisitableURLClassLoader                         : loaded 2 times (x 118B)
Class com.android.build.gradle.internal.tasks.factory.TaskFactory                     : loaded 2 times (x 72B)
Class com.android.builder.core.DexOptions                                             : loaded 2 times (x 72B)
Class com.android.build.gradle.internal.dsl.LintImpl$AgpDecorated                     : loaded 2 times (x 228B)
Class com.android.build.gradle.internal.api.DefaultAndroidSourceSet                   : loaded 2 times (x 229B)
Class com.google.common.base.Converter$FunctionBasedConverter                         : loaded 2 times (x 92B)
Class com.google.common.util.concurrent.AbstractFuture$Waiter                         : loaded 2 times (x 74B)
Class com.google.common.util.concurrent.AbstractFuture$AtomicReferenceFieldUpdaterAtomicHelper: loaded 2 times (x 81B)
Class com.android.build.gradle.internal.dependency.SourceSetManager                   : loaded 2 times (x 75B)
Class org.jetbrains.kotlin.gradle.dsl.DefaultToolchainSupport$wireToolchainToTasks$1$1: loaded 2 times (x 77B)
Class org.jetbrains.kotlin.gradle.utils.SingleActionPerProject                        : loaded 2 times (x 75B)
Class org.jetbrains.kotlin.gradle.plugin.DefaultKotlinBasePlugin                      : loaded 2 times (x 84B)
Class com.android.prefs.AbstractAndroidLocations                                      : loaded 2 times (x 84B)
Class com.google.protobuf.ExtensionRegistryLite                                       : loaded 2 times (x 76B)
Class kotlinx.coroutines.flow.FlowCollector                                           : loaded 2 times (x 72B)
Class org.gradle.tooling.internal.adapter.MethodInvocation                            : loaded 2 times (x 87B)
Class com.android.build.gradle.internal.plugins.AppPlugin$3                           : loaded 2 times (x 88B)
Class com.android.build.api.variant.AndroidComponentsExtension                        : loaded 2 times (x 72B)
Class [Lcom.amazon.ion.SymbolTable;                                                   : loaded 2 times (x 71B)
Class com.amazon.ion.impl.bin.IonBinaryWriterAdapter$Factory                          : loaded 2 times (x 72B)
Class com.amazon.ion.impl.BlockedBuffer$BufferedOutputStream                          : loaded 2 times (x 92B)
Class org.jetbrains.plugins.gradle.tooling.serialization.ExternalTestsSerializationService$ReadContext: loaded 2 times (x 74B)
Class kotlin.sequences.FlatteningSequence$iterator$1                                  : loaded 2 times (x 81B)
Class kotlin.jvm.functions.Function0                                                  : loaded 2 times (x 72B)
Class kotlin.collections.ArraysUtilJVM                                                : loaded 2 times (x 73B)
Class kotlin.sequences.TransformingSequence                                           : loaded 2 times (x 77B)
Class io.opentelemetry.api.internal.OtelEncodingUtils                                 : loaded 2 times (x 73B)
Class org.gradle.tooling.model.eclipse.EclipseProject                                 : loaded 2 times (x 72B)
Class org.gradle.tooling.model.idea.IdeaDependency                                    : loaded 2 times (x 72B)
Class com.android.build.api.artifact.impl.PropertyAdapter                             : loaded 2 times (x 72B)
Class com.android.build.gradle.ProguardFiles$ProguardFile                             : loaded 2 times (x 81B)
Class com.android.build.gradle.internal.cxx.configure.NativeModelBuilderOutcomeOrBuilder: loaded 2 times (x 72B)
Class com.android.builder.testing.api.DeviceProvider                                  : loaded 2 times (x 79B)
Class com.android.build.gradle.internal.dsl.ExternalNativeBuild$AgpDecorated_Decorated: loaded 2 times (x 146B)
Class com.android.build.gradle.internal.dsl.DeviceGroupFactory                        : loaded 2 times (x 77B)
Class com.intellij.util.ThrowableConsumer                                             : loaded 2 times (x 72B)
Class com.android.utils.FileUtils                                                     : loaded 2 times (x 73B)
Class com.android.build.api.dsl.Ndk                                                   : loaded 2 times (x 72B)
Class com.android.build.api.dsl.BundleStoreArchive                                    : loaded 2 times (x 72B)
Class com.android.build.api.dsl.BundleCodeTransparency                                : loaded 2 times (x 72B)
Class com.android.builder.model.v2.ide.AaptOptions$Namespacing                        : loaded 2 times (x 81B)
Class org.jetbrains.kotlin.gradle.plugin.GradleUtilsKt                                : loaded 2 times (x 73B)
Class org.jetbrains.kotlin.gradle.internal.properties.PropertiesBuildService$Params$Inject_: loaded 2 times (x 108B)
Class org.jetbrains.kotlin.gradle.internal.properties.PropertiesBuildService          : loaded 2 times (x 78B)
Class org.jetbrains.kotlin.gradle.plugin.BuildFinishedListenerService$Companion$registerIfAbsent$1$1$1: loaded 2 times (x 77B)
Class com.android.builder.profile.ThreadRecorder                                      : loaded 2 times (x 78B)
Class com.android.build.gradle.internal.tasks.factory.TaskManagerConfig               : loaded 2 times (x 72B)
Class com.android.build.gradle.options.Option                                         : loaded 2 times (x 72B)
Class com.android.tools.analytics.AnalyticsSettingsData$Companion                     : loaded 2 times (x 73B)
Class com.android.build.gradle.options.SyncOptions                                    : loaded 2 times (x 73B)
Class com.android.utils.ILogger                                                       : loaded 2 times (x 72B)
Class com.google.gson.InstanceCreator                                                 : loaded 2 times (x 72B)
Class [Lcom.android.builder.errors.IssueReporter$Type;                                : loaded 2 times (x 71B)
Class com.android.build.gradle.internal.core.dsl.ApplicationVariantDslInfo            : loaded 2 times (x 72B)
Class com.android.build.gradle.internal.variant.DimensionCombination                  : loaded 2 times (x 72B)
Class com.android.build.gradle.internal.core.dsl.VariantDslInfo                       : loaded 2 times (x 72B)
Class com.android.build.gradle.internal.variant.VariantFactory                        : loaded 2 times (x 72B)
Class com.android.builder.model.v2.ide.AaptOptions                                    : loaded 2 times (x 72B)
Class [Lcom.android.builder.model.v2.ide.BytecodeTransformation;                      : loaded 2 times (x 71B)
Class com.google.common.base.Strings                                                  : loaded 2 times (x 73B)
Class com.amazon.ion.impl.bin.AbstractIonWriter$WriteValueOptimization                : loaded 2 times (x 81B)
Class kotlin.collections.AbstractMutableList                                          : loaded 2 times (x 208B)
Class kotlin.jvm.functions.Function1                                                  : loaded 2 times (x 72B)
Class com.android.utils.NullLogger                                                    : loaded 2 times (x 87B)
Class com.google.wireless.android.sdk.stats.GradleProjectOptionsSettings              : loaded 2 times (x 221B)
Class com.android.build.gradle.internal.api.artifact.SourceArtifactType               : loaded 2 times (x 76B)
Class com.android.build.gradle.internal.dsl.decorator.annotation.RuntimeGuardedExperimentalApi: loaded 2 times (x 72B)
Class com.android.build.gradle.internal.dsl.CompileSdkBetaSpecImpl                    : loaded 2 times (x 83B)
Class com.android.build.api.dsl.AgpTestSuite                                          : loaded 2 times (x 72B)
Class com.android.build.api.dsl.MaxSdkVersion                                         : loaded 2 times (x 72B)
Class [Lcom.android.build.gradle.internal.dsl.decorator.SupportedPropertyType;        : loaded 2 times (x 71B)
Class org.jetbrains.kotlin.tooling.core.MutableExtrasImpl                             : loaded 2 times (x 167B)
Class org.jetbrains.kotlin.gradle.utils.FileUtilsKt                                   : loaded 2 times (x 73B)
Class org.jetbrains.kotlin.gradle.dsl.KotlinProjectExtension                          : loaded 2 times (x 124B)
Class org.jetbrains.kotlin.gradle.internal.properties.PropertiesBuildService$BooleanGradleProperty: loaded 2 times (x 78B)
Class org.jetbrains.kotlin.gradle.plugin.VariantImplementationFactories$Companion$getProvider$1: loaded 2 times (x 77B)
Class org.jetbrains.kotlin.gradle.plugin.KotlinTargetComponent                        : loaded 2 times (x 72B)
Class [Lcom.android.tools.analytics.Environment$EnvironmentVariable;                  : loaded 2 times (x 71B)
Class com.android.SdkConstants                                                        : loaded 2 times (x 73B)
Class com.android.build.gradle.internal.dsl.InternalBuildType                         : loaded 2 times (x 72B)
Class com.android.build.gradle.internal.services.R8D8ThreadPoolBuildService$Companion : loaded 2 times (x 73B)
Class com.android.build.gradle.internal.dsl.SigningConfig                             : loaded 2 times (x 149B)
Class com.android.build.api.instrumentation.manageddevice.ManagedDeviceRegistry       : loaded 2 times (x 72B)
Class com.android.build.gradle.internal.services.GlobalServiceRegistrationAction$execute$1: loaded 2 times (x 77B)
Class com.android.build.gradle.internal.services.RunOnceBuildService                  : loaded 2 times (x 72B)
Class com.amazon.ion.impl.bin.BlockAllocatorProvider                                  : loaded 2 times (x 74B)
Class io.opentelemetry.api.trace.ArrayBasedTraceStateBuilder                          : loaded 2 times (x 79B)
Class org.jetbrains.plugins.gradle.tooling.serialization.internal.IdeaProjectSerializationService$WriteContext: loaded 2 times (x 74B)
Class com.intellij.gradle.toolingExtension.impl.model.sourceSetDependencyModel.GradleSourceSetDependencySerialisationService: loaded 2 times (x 79B)
Class org.jetbrains.plugins.gradle.model.GradleSourceSetModel                         : loaded 2 times (x 72B)
Class kotlin.KotlinNothingValueException                                              : loaded 2 times (x 84B)
Class kotlin.jvm.functions.Function2                                                  : loaded 2 times (x 72B)
Class org.gradle.internal.classpath.DefaultClassPath$ImmutableUniqueList$Builder      : loaded 2 times (x 77B)
Class com.android.build.gradle.internal.core.InternalBaseVariant                      : loaded 2 times (x 72B)
Class com.android.build.gradle.internal.scope.DelayedActionsExecutor                  : loaded 2 times (x 74B)
Class org.jetbrains.kotlin.gradle.internal.properties.PropertiesBuildService$Companion$registerIfAbsent$1: loaded 2 times (x 77B)
Class org.jetbrains.kotlin.gradle.plugin.internal.DefaultConfigurationCacheStartParameterAccessorVariantFactory: loaded 2 times (x 78B)
Class org.jetbrains.kotlin.gradle.dsl.KotlinCommonCompilerToolOptions                 : loaded 2 times (x 72B)
Class com.android.build.gradle.internal.plugins.BasePlugin$Companion$createAndroidJdkImageConfiguration$1: loaded 2 times (x 76B)
Class [Lcom.android.prefs.LocationValue;                                              : loaded 2 times (x 71B)
Class com.android.ide.common.signing.KeytoolException                                 : loaded 2 times (x 86B)
Class com.android.build.api.dsl.TestDefaultConfig                                     : loaded 2 times (x 72B)
Class com.android.build.gradle.internal.dsl.decorator.SupportedPropertyType$Var$NullableInt: loaded 2 times (x 76B)
Class com.android.build.gradle.internal.dsl.BaselineProfileImpl$AgpDecorated_Decorated: loaded 2 times (x 130B)
Class com.android.build.gradle.internal.core.dsl.features.DeviceTestOptionsDslInfo    : loaded 2 times (x 72B)
Class com.android.utils.Environment                                                   : loaded 2 times (x 76B)
Class com.android.build.gradle.internal.plugins.LibraryPlugin                         : loaded 2 times (x 99B)
Class com.android.build.gradle.AssetPackPluginKt                                      : loaded 2 times (x 73B)
Class com.amazon.ion.impl.lite.IonSequenceLite                                        : loaded 2 times (x 434B)
Class com.amazon.ion.impl._Private_Utils$1                                            : loaded 2 times (x 100B)
Class com.amazon.ion.impl.SymbolTableAsStruct                                         : loaded 2 times (x 72B)
Class io.opentelemetry.api.trace.TracerProvider                                       : loaded 2 times (x 72B)
Class com.android.ide.gradle.model.dependencies.Coordinates                           : loaded 2 times (x 72B)
Class com.google.common.collect.AbstractRangeSet                                      : loaded 2 times (x 116B)
Class kotlin.collections.MapsKt___MapsJvmKt                                           : loaded 2 times (x 73B)
Class org.gradle.tooling.internal.adapter.WeakIdentityHashMap$AbsentValueProvider     : loaded 2 times (x 72B)
Class com.android.build.gradle.internal.dsl.BundleOptionsStoreArchive$AgpDecorated    : loaded 2 times (x 83B)
Class com.android.build.gradle.internal.dsl.ApplicationExtensionImpl$AgpDecorated_Decorated: loaded 2 times (x 469B)
Class org.gradle.tooling.internal.adapter.TargetTypeProvider                          : loaded 2 times (x 72B)
Class org.jetbrains.kotlin.gradle.report.ReportingSettings                            : loaded 2 times (x 74B)
Class org.jetbrains.kotlin.gradle.plugin.KotlinBasePluginWrapper                      : loaded 2 times (x 88B)
Class com.android.build.gradle.internal.plugins.BasePlugin$Companion$createAndroidJdkImageConfiguration$2: loaded 2 times (x 76B)
Class com.android.build.gradle.internal.ManagedDeviceUtilsKt                          : loaded 2 times (x 73B)
Class kotlin.ranges.IntProgression$Companion                                          : loaded 2 times (x 73B)
Class org.jetbrains.plugins.gradle.model.GradleExtensions                             : loaded 2 times (x 72B)
Class com.google.gson.TypeAdapter$1                                                   : loaded 2 times (x 76B)
Class org.jetbrains.plugins.gradle.model.AnnotationProcessingModel                    : loaded 2 times (x 72B)
Class io.opentelemetry.context.ContextStorageProvider                                 : loaded 2 times (x 72B)
Class com.amazon.ion.system.IonBinaryWriterBuilder                                    : loaded 2 times (x 101B)
Class com.amazon.ion.impl.bin.IonManagedBinaryWriter$UserState$4                      : loaded 2 times (x 87B)
Class com.android.build.gradle.internal.services.GlobalServiceRegistrationAction      : loaded 2 times (x 75B)
Class com.amazon.ion.impl.bin.AbstractIonWriter                                       : loaded 2 times (x 162B)
Class io.opentelemetry.api.trace.AutoValue_ArrayBasedTraceState                       : loaded 2 times (x 89B)
Class gnu.trove.TObjectHash                                                           : loaded 2 times (x 96B)
Class org.jetbrains.plugins.gradle.tooling.util.ObjectCollector$Processor             : loaded 2 times (x 72B)
Class kotlin.jvm.functions.Function4                                                  : loaded 2 times (x 72B)
Class kotlin.collections.EmptySet                                                     : loaded 2 times (x 124B)
Class kotlin.annotation.Target                                                        : loaded 2 times (x 72B)
Class kotlin.collections.CollectionsKt___CollectionsKt                                : loaded 2 times (x 73B)
Class org.jetbrains.plugins.gradle.model.UnresolvedExternalDependency                 : loaded 2 times (x 72B)
Class org.gradle.internal.exceptions.NonGradleCauseExceptionsHolder                   : loaded 2 times (x 72B)
Class org.gradle.tooling.model.idea.IdeaModuleDependency                              : loaded 2 times (x 72B)
Class org.gradle.tooling.internal.adapter.ViewBuilder                                 : loaded 2 times (x 72B)
Class com.android.build.gradle.internal.lint.AndroidLintGlobalTask$LintFixCreationAction$Companion: loaded 2 times (x 73B)
Class com.android.build.api.artifact.impl.SinglePropertyAdapter                       : loaded 2 times (x 80B)
Class com.android.build.api.artifact.impl.TypedStorageProvider                        : loaded 2 times (x 74B)
Class com.android.build.gradle.internal.dsl.VariantDimensionBinaryCompatibilityFixParent: loaded 2 times (x 72B)
Class com.android.builder.model.v2.ide.AndroidArtifact                                : loaded 2 times (x 72B)
Class org.jetbrains.kotlin.gradle.dsl.JvmDefaultMode                                  : loaded 2 times (x 81B)
Class org.jetbrains.kotlin.gradle.plugin.ProjectLocalConfigurations$ProjectLocalCompatibility: loaded 2 times (x 78B)
Class org.jetbrains.kotlin.gradle.plugin.internal.DefaultMavenPublicationComponentAccessor: loaded 2 times (x 77B)
Class org.jetbrains.kotlin.gradle.plugin.internal.DefaultProjectIsolationStartParameterAccessor$Factory: loaded 2 times (x 78B)
Class org.jetbrains.kotlin.gradle.dsl.KotlinJvmCompilerOptions                        : loaded 2 times (x 72B)
Class com.android.build.gradle.internal.services.VersionedSdkLoaderService$versionedSdkLoader$2$1: loaded 2 times (x 77B)
Class com.android.build.gradle.internal.ide.dependencies.LibraryDependencyCacheBuildService$Parameters: loaded 2 times (x 72B)
Class com.google.wireless.android.sdk.stats.GradleBuildMemorySample                   : loaded 2 times (x 204B)
Class com.android.build.gradle.internal.res.Aapt2FromMaven$Companion$create$aapt2Directory$1$1: loaded 2 times (x 76B)
Class com.google.common.io.ByteArrayDataOutput                                        : loaded 2 times (x 72B)
Class com.google.common.collect.ForwardingMap                                         : loaded 2 times (x 134B)
Class com.android.build.gradle.internal.services.GlobalServiceRegistrationAction$execute$globalService$1: loaded 2 times (x 77B)
Class com.android.build.gradle.options.FeatureStage$Enforced                          : loaded 2 times (x 74B)
Class com.android.build.gradle.options.ProjectOptions$OptionValue                     : loaded 2 times (x 74B)
Class com.android.build.api.dsl.ApkExtension                                          : loaded 2 times (x 72B)
Class com.android.builder.model.v2.ide.AndroidLibraryData                             : loaded 2 times (x 72B)
Class com.android.builder.model.v2.ide.ApiVersion                                     : loaded 2 times (x 72B)
Class com.amazon.ion.system.IonReaderBuilder                                          : loaded 2 times (x 97B)
Class io.opentelemetry.api.trace.TraceState                                           : loaded 2 times (x 72B)
Class org.jetbrains.plugins.gradle.model.AnnotationProcessingConfig                   : loaded 2 times (x 72B)
Class com.amazon.ion.IonReader                                                        : loaded 2 times (x 72B)
Class gnu.trove.Equality                                                              : loaded 2 times (x 72B)
Class kotlin.text.StringsKt___StringsJvmKt                                            : loaded 2 times (x 73B)
Class kotlin.reflect.KDeclarationContainer                                            : loaded 2 times (x 72B)
Class kotlin.annotation.Retention                                                     : loaded 2 times (x 72B)
Class org.gradle.tooling.model.eclipse.HierarchicalEclipseProject                     : loaded 2 times (x 72B)
Class com.android.build.gradle.internal.tasks.ExtractProguardFiles$CreationAction$handleProvider$1: loaded 2 times (x 149B)
Class com.google.wireless.android.sdk.stats.GradleBuildProject$CompileOptionsOrBuilder: loaded 2 times (x 72B)
Class com.android.build.gradle.internal.dsl.Splits$AgpDecorated_Decorated             : loaded 2 times (x 131B)
Class com.android.repository.Revision$Precision                                       : loaded 2 times (x 81B)
Class com.android.build.api.dsl.ApplicationInstallation                               : loaded 2 times (x 72B)
Class com.android.build.api.dsl.ConfigurableFiles                                     : loaded 2 times (x 72B)
Class org.jetbrains.kotlin.gradle.utils.Completable                                   : loaded 2 times (x 74B)
Class org.jetbrains.kotlin.gradle.plugin.DefaultKotlinBasePlugin$addKotlinCompilerConfiguration$2$1: loaded 2 times (x 77B)
Class org.jetbrains.kotlin.gradle.plugin.internal.DefaultCompatibilityConventionRegistrar$Factory: loaded 2 times (x 78B)
Class com.android.builder.internal.StringCachingService                               : loaded 2 times (x 72B)
Class com.google.protobuf.Internal$EnumLiteMap                                        : loaded 2 times (x 72B)
Class com.google.wireless.android.sdk.stats.GradleBuildMemorySample$1                 : loaded 2 times (x 153B)
Class com.google.gson.internal.bind.TypeAdapters$34$1                                 : loaded 2 times (x 76B)
Class com.android.build.gradle.internal.res.Aapt2FromMaven                            : loaded 2 times (x 74B)
Class com.android.build.gradle.internal.res.Aapt2FromMaven$Companion                  : loaded 2 times (x 73B)
Class com.google.wireless.android.sdk.stats.GradleBuildMemorySample$Builder           : loaded 2 times (x 304B)
Class com.android.build.gradle.options.FeatureStage$Experimental                      : loaded 2 times (x 74B)
Class [Lcom.android.build.gradle.internal.errors.DeprecationReporter$DeprecationTarget;: loaded 2 times (x 71B)
Class com.android.build.gradle.internal.services.ProjectServices                      : loaded 2 times (x 74B)
Class com.android.builder.model.v2.models.Versions$Version                            : loaded 2 times (x 72B)
Class com.amazon.ion.IonClob                                                          : loaded 2 times (x 72B)
Class io.opentelemetry.context.LazyStorage                                            : loaded 2 times (x 73B)
Class org.jetbrains.plugins.gradle.tooling.ModelBuilderService$Parameter              : loaded 2 times (x 72B)
Class kotlin.io.FilesKt                                                               : loaded 2 times (x 73B)
Class kotlin.collections.MapsKt___MapsKt                                              : loaded 2 times (x 73B)
Class kotlin.collections.ArraysKt___ArraysKt                                          : loaded 2 times (x 73B)
Class com.android.build.gradle.internal.services.VariantBuilderServicesImpl           : loaded 2 times (x 90B)
Class com.android.build.gradle.internal.dsl.BundleOptionsDensity$AgpDecorated_Decorated: loaded 2 times (x 127B)
Class com.android.build.gradle.internal.dsl.AdbOptions                                : loaded 2 times (x 89B)
Class com.android.build.api.artifact.ArtifactKind                                     : loaded 2 times (x 74B)
Class com.android.build.gradle.internal.dsl.PackagingOptions                          : loaded 2 times (x 113B)
Class com.android.build.api.dsl.JavaCompileOptions                                    : loaded 2 times (x 72B)
Class com.android.build.gradle.internal.dsl.BundleOptionsTexture                      : loaded 2 times (x 83B)
Class org.bouncycastle.operator.OperatorCreationException                             : loaded 2 times (x 84B)
Class org.jetbrains.kotlin.gradle.dsl.DefaultToolchainSupport                         : loaded 2 times (x 78B)
Class org.jetbrains.kotlin.gradle.plugin.VariantImplementationFactories$Inject_       : loaded 2 times (x 108B)
Class org.jetbrains.kotlin.gradle.plugin.internal.CustomPropertiesFileValueSource     : loaded 2 times (x 84B)
Class org.jetbrains.kotlin.gradle.InternalKotlinGradlePluginApi                       : loaded 2 times (x 72B)
Class [Lcom.android.prefs.VariableType;                                               : loaded 2 times (x 71B)
Class org.jetbrains.kotlin.gradle.plugin.KotlinBaseApiPlugin$kaptExtension$2          : loaded 2 times (x 81B)
Class com.google.protobuf.LazyStringList                                              : loaded 2 times (x 72B)
Class org.jetbrains.kotlin.gradle.internal.properties.PropertiesBuildService$IntGradleProperty: loaded 2 times (x 78B)
Class org.jetbrains.kotlin.gradle.plugin.mpp.KotlinUsages$KotlinMetadataDisambiguation: loaded 2 times (x 78B)
Class com.android.utils.Environment$Companion                                         : loaded 2 times (x 73B)
Class com.amazon.ion.impl.lite.IonLobLite                                             : loaded 2 times (x 187B)
Class com.amazon.ion.impl.lite.IonTextLite                                            : loaded 2 times (x 184B)
Class com.amazon.ion.IonNumber                                                        : loaded 2 times (x 72B)
Class gnu.trove.TObjectHashingStrategy                                                : loaded 2 times (x 72B)
Class kotlin.collections.MapsKt__MapWithDefaultKt                                     : loaded 2 times (x 73B)
Class org.gradle.tooling.internal.adapter.ProtocolToModelAdapter$ReflectionMethodInvoker: loaded 2 times (x 78B)
Class com.android.build.gradle.internal.tasks.factory.GlobalTaskCreationConfigImpl$Companion: loaded 2 times (x 73B)
Class com.android.build.api.dsl.UnitTestOptions                                       : loaded 2 times (x 72B)
Class com.android.builder.core.ToolsRevisionUtils                                     : loaded 2 times (x 73B)
Class org.jetbrains.kotlin.gradle.plugin.mpp.KotlinAndroidTargetVariantDsl            : loaded 2 times (x 72B)
Class com.android.builder.model.BaseConfig                                            : loaded 2 times (x 72B)
Class com.android.build.gradle.internal.dsl.AndroidSourceSetFactory                   : loaded 2 times (x 79B)
Class [Lcom.google.wireless.android.sdk.stats.GradleBuildVariant$VariantType;         : loaded 2 times (x 71B)
Class com.android.build.gradle.internal.dsl.AgpExperimentalApiOptInRequiredException  : loaded 2 times (x 84B)
Class org.jetbrains.kotlin.gradle.internal.properties.NativePropertiesLoader$konanDataDirProperty$1: loaded 2 times (x 77B)
Class org.jetbrains.kotlin.gradle.plugin.KotlinGradleBuildServices$Inject_            : loaded 2 times (x 102B)
Class org.jetbrains.kotlin.gradle.plugin.KotlinGradleBuildServices$Companion$registerIfAbsent$2$1: loaded 2 times (x 81B)
Class org.jetbrains.kotlin.gradle.plugin.PropertiesProvider$keepIncrementalCompilationCachesInMemory$1: loaded 2 times (x 81B)
Class org.jetbrains.kotlin.gradle.plugin.VariantImplementationFactoriesConfigurator$Inject_: loaded 2 times (x 98B)
Class [Lcom.android.build.gradle.internal.core.Abi;                                   : loaded 2 times (x 71B)
Class com.android.prefs.QueryResult                                                   : loaded 2 times (x 84B)
Class com.google.protobuf.MutabilityOracle                                            : loaded 2 times (x 72B)
Class com.google.protobuf.GeneratedMessageV3$Builder                                  : loaded 2 times (x 280B)
Class org.gradle.tooling.internal.adapter.ProtocolToModelAdapter$InvocationHandlerImpl: loaded 2 times (x 79B)
Class org.gradle.tooling.model.build.GradleEnvironment                                : loaded 2 times (x 72B)
Class org.jetbrains.plugins.gradle.tooling.util.IntObjectMap$ObjectFactory            : loaded 2 times (x 72B)
Class com.android.build.gradle.options.ApiStage$Removed                               : loaded 2 times (x 74B)
Class com.android.build.gradle.internal.plugins.BasePlugin$apply$1                    : loaded 2 times (x 77B)
Class [Lcom.amazon.ion.impl.bin.IonManagedBinaryWriter$UserState;                     : loaded 2 times (x 71B)
Class com.amazon.ion.impl.bin.utf8.Utf8StringEncoder                                  : loaded 2 times (x 82B)
Class com.amazon.ion.IonBool                                                          : loaded 2 times (x 72B)
Class kotlin.text.StringsKt___StringsKt                                               : loaded 2 times (x 73B)
Class com.google.common.collect.NullsLastOrdering                                     : loaded 2 times (x 117B)
Class kotlin.collections.CollectionsKt__MutableCollectionsJVMKt                       : loaded 2 times (x 73B)
Class [Lio.opentelemetry.api.trace.ImmutableTraceFlags;                               : loaded 2 times (x 71B)
Class kotlin.enums.EnumEntriesKt                                                      : loaded 2 times (x 73B)
Class com.android.build.gradle.internal.api.ReadOnlyObjectProvider                    : loaded 2 times (x 78B)
Class com.android.builder.core.LibraryRequest                                         : loaded 2 times (x 74B)
Class com.google.common.base.Enums                                                    : loaded 2 times (x 73B)
Class com.android.builder.model.VectorDrawablesOptions                                : loaded 2 times (x 72B)
Class com.amazon.ion.IonException                                                     : loaded 2 times (x 86B)
Class com.android.build.gradle.internal.dsl.MaxSdkSpecImpl                            : loaded 2 times (x 81B)
Class com.android.build.gradle.internal.dsl.DefaultConfig                             : loaded 2 times (x 439B)
Class org.jetbrains.kotlin.gradle.plugin.UsesVariantImplementationFactories           : loaded 2 times (x 72B)
Class org.jetbrains.kotlin.gradle.internal.Kapt3GradleSubplugin                       : loaded 2 times (x 85B)
Class com.amazon.ion.util.GzipStreamInterceptor                                       : loaded 2 times (x 87B)
Class com.android.build.gradle.internal.services.AndroidLocationsBuildService$AndroidDirectoryCreator$Inject_: loaded 2 times (x 113B)
Class com.amazon.ion.impl.bin.IonManagedBinaryWriter$UserState$3                      : loaded 2 times (x 87B)
Class com.android.builder.model.v2.models.VariantDependenciesAdjacencyList            : loaded 2 times (x 72B)
Class com.android.build.gradle.internal.scope.BuildFeatureValues                      : loaded 2 times (x 72B)
Class [Lcom.android.build.gradle.options.BooleanOption;                               : loaded 2 times (x 71B)
Class com.android.build.gradle.internal.services.ServiceRegistrationAction$execute$1  : loaded 2 times (x 77B)
Class [Lcom.google.common.util.concurrent.DirectExecutor;                             : loaded 2 times (x 71B)
Class com.android.builder.errors.EvalIssueException                                   : loaded 2 times (x 84B)
Class com.google.gson.internal.reflect.ReflectionHelper                               : loaded 2 times (x 73B)
Class com.android.builder.model.v2.models.VariantDependencies                         : loaded 2 times (x 72B)
Class com.amazon.ion.IonLoader                                                        : loaded 2 times (x 72B)
Class io.opentelemetry.context.propagation.NoopTextMapPropagator                      : loaded 2 times (x 78B)
Class com.intellij.gradle.toolingExtension.model.repositoryModel.ProjectRepositoriesModel: loaded 2 times (x 72B)
Class org.jetbrains.plugins.gradle.model.GradleProperty                               : loaded 2 times (x 72B)
Class gnu.trove.TObjectCanonicalHashingStrategy                                       : loaded 2 times (x 80B)
Class com.google.common.collect.ImmutableRangeSet$ComplementRanges                    : loaded 2 times (x 209B)
Class com.android.build.gradle.internal.SdkComponentsBuildService$VersionedNdkHandler : loaded 2 times (x 74B)
Class com.android.build.gradle.internal.dsl.CmakeOptions$AgpDecorated                 : loaded 2 times (x 103B)
Class com.android.build.gradle.internal.dsl.JavaCompileOptions$AgpDecorated           : loaded 2 times (x 88B)
Class com.android.build.api.dsl.NdkBuildFlags                                         : loaded 2 times (x 72B)
Class com.android.build.gradle.internal.dsl.CoreExternalNativeNdkBuildOptions         : loaded 2 times (x 72B)
Class com.google.common.base.CaseFormat                                               : loaded 2 times (x 85B)
Class com.android.build.gradle.internal.dsl.DefaultConfig$AgpDecorated_Decorated      : loaded 2 times (x 518B)
Class com.android.ide.common.blame.SourcePosition                                     : loaded 2 times (x 73B)
Class com.android.build.gradle.internal.utils.AnalyticsEnabledValueSource$Params$Inject_: loaded 2 times (x 108B)
Class org.jetbrains.kotlin.gradle.plugin.mpp.AbstractKotlinTarget$kotlinComponents$2  : loaded 2 times (x 81B)
Class org.jetbrains.kotlin.gradle.plugin.KotlinPlatformType$CompatibilityRule         : loaded 2 times (x 78B)
Class org.jetbrains.kotlin.gradle.internal.properties.NativePropertiesLoader$actualNativeHomeDirectory$1: loaded 2 times (x 77B)
Class org.jetbrains.kotlin.gradle.internal.properties.NativePropertiesKt              : loaded 2 times (x 73B)
Class kotlinx.coroutines.flow.CancellableFlow                                         : loaded 2 times (x 72B)
Class com.google.gson.internal.bind.TypeAdapters$EnumTypeAdapter                      : loaded 2 times (x 76B)
Class com.google.gson.internal.bind.TypeAdapters$28                                   : loaded 2 times (x 77B)
Class kotlinx.coroutines.flow.internal.AbstractSharedFlow                             : loaded 2 times (x 76B)
Class com.android.build.api.variant.CanMinifyCodeBuilder                              : loaded 2 times (x 72B)
Class com.android.builder.model.v2.ide.TestedTargetVariant                            : loaded 2 times (x 72B)
Class com.amazon.ion.impl._Private_Utils                                              : loaded 2 times (x 73B)
Class kotlin.ranges.IntRange$Companion                                                : loaded 2 times (x 73B)
Class kotlin.text.MatcherMatchResult$groups$1                                         : loaded 2 times (x 153B)
Class kotlin.collections.EmptyMap                                                     : loaded 2 times (x 110B)
Class kotlin.reflect.KAnnotatedElement                                                : loaded 2 times (x 72B)
Class kotlin.jvm.internal.markers.KMutableCollection                                  : loaded 2 times (x 72B)
Class kotlin.coroutines.intrinsics.IntrinsicsKt                                       : loaded 2 times (x 73B)
Class org.gradle.internal.exceptions.MultiCauseException                              : loaded 2 times (x 72B)
Class org.gradle.internal.time.CountdownTimer                                         : loaded 2 times (x 72B)
Class kotlin.jvm.internal.Intrinsics                                                  : loaded 2 times (x 73B)
Class com.android.build.gradle.internal.dsl.BaseAppModuleExtension_Decorated          : loaded 2 times (x 541B)
Class com.android.build.gradle.internal.api.artifact.SourceArtifactType$JNI           : loaded 2 times (x 76B)
Class com.google.protobuf.CodedInputStream$StreamDecoder                              : loaded 2 times (x 121B)
Class com.android.build.gradle.internal.dsl.LibraryAndroidResourcesImpl               : loaded 2 times (x 128B)
Class com.android.build.gradle.internal.model.CoreExternalNativeBuild                 : loaded 2 times (x 72B)
Class com.android.build.api.dsl.ApplicationProductFlavor                              : loaded 2 times (x 72B)
Class org.jetbrains.kotlin.gradle.dsl.KotlinVersion                                   : loaded 2 times (x 81B)
Class org.jetbrains.kotlin.gradle.internal.properties.NativePropertiesLoader$actualNativeHomeDirectory$2: loaded 2 times (x 76B)
Class org.jetbrains.kotlin.gradle.utils.StoredPropertyKt                              : loaded 2 times (x 73B)
Class com.android.build.gradle.internal.services.Aapt2ThreadPoolBuildService$RegistrationAction: loaded 2 times (x 76B)
Class com.google.protobuf.AbstractProtobufList                                        : loaded 2 times (x 231B)
Class com.android.tools.analytics.AnalyticsState                                      : loaded 2 times (x 74B)
Class com.android.build.gradle.internal.AvdComponentsBuildService                     : loaded 2 times (x 78B)
Class com.android.build.gradle.internal.services.FakeDependencyJarBuildService$Params : loaded 2 times (x 72B)
Class org.jetbrains.kotlin.gradle.plugin.internal.CustomPropertiesFileValueSource$Parameters$Inject_: loaded 2 times (x 108B)
Class org.jetbrains.kotlin.gradle.report.BuildReportType                              : loaded 2 times (x 81B)
Class com.google.common.util.concurrent.ListeningScheduledExecutorService             : loaded 2 times (x 72B)
Class com.android.build.gradle.internal.dsl.DeclarativeApplicationExtension           : loaded 2 times (x 72B)
Class com.google.common.io.ByteStreams$LimitedInputStream                             : loaded 2 times (x 94B)
Class io.opentelemetry.api.trace.Span                                                 : loaded 2 times (x 72B)
Class com.intellij.gradle.toolingExtension.impl.model.projectModel.GradleExternalProjectSerializationService$ReadContext: loaded 2 times (x 75B)
Class com.intellij.gradle.toolingExtension.impl.model.dependencyModel.DependencyWriteContext: loaded 2 times (x 74B)
Class kotlin.collections.MapsKt                                                       : loaded 2 times (x 73B)
Class kotlin.coroutines.intrinsics.CoroutineSingletons                                : loaded 2 times (x 81B)
Class kotlin.collections.CollectionsKt__IterablesKt                                   : loaded 2 times (x 73B)
Class org.gradle.tooling.model.ProjectModel                                           : loaded 2 times (x 72B)
Class org.gradle.tooling.model.gradle.GradleBuild                                     : loaded 2 times (x 72B)
Class com.android.build.gradle.internal.cxx.configure.NativeModelBuilderOutcome$Builder: loaded 2 times (x 323B)
Class com.android.build.gradle.internal.variant.VariantModelImpl                      : loaded 2 times (x 89B)
Class com.android.build.api.variant.VariantSelector                                   : loaded 2 times (x 72B)
Class com.android.build.gradle.api.InstallableVariant                                 : loaded 2 times (x 72B)
Class com.android.build.gradle.internal.dsl.LintImpl$AgpDecorated_Decorated           : loaded 2 times (x 309B)
Class com.android.build.gradle.internal.dsl.PackagingOptions$AgpDecorated_Decorated   : loaded 2 times (x 163B)
Class com.android.build.gradle.internal.dsl.CoreProductFlavor                         : loaded 2 times (x 72B)
Class com.android.build.api.dsl.BuildType                                             : loaded 2 times (x 72B)
Class org.jetbrains.kotlin.gradle.targets.native.KonanPropertiesBuildService$Companion$registerIfAbsent$2$1: loaded 2 times (x 81B)
Class org.jetbrains.kotlin.gradle.internal.properties.NativePropertiesLoader$actualNativeHomeDirectory$3: loaded 2 times (x 77B)
Class org.jetbrains.kotlin.gradle.report.BuildReportMode                              : loaded 2 times (x 81B)
Class org.jetbrains.kotlin.gradle.plugin.VariantImplementationFactories$Companion$getProvider$2$1$1: loaded 2 times (x 77B)
Class org.jetbrains.kotlin.gradle.plugin.internal.ProjectIsolationStartParameterAccessor$Factory: loaded 2 times (x 72B)
Class com.google.protobuf.Message$Builder                                             : loaded 2 times (x 72B)
Class com.android.tools.analytics.Environment$EnvironmentVariable                     : loaded 2 times (x 81B)
Class com.android.build.gradle.internal.errors.AndroidProblemReporterProvider$Parameters_Decorated: loaded 2 times (x 132B)
Class com.android.build.gradle.internal.errors.AndroidProblemReporterProvider$Parameters: loaded 2 times (x 72B)
Class com.google.common.collect.ImmutableMultimap$1                                   : loaded 2 times (x 84B)
Class org.jetbrains.plugins.gradle.model.GradleConfiguration                          : loaded 2 times (x 72B)
Class com.amazon.ion.impl.bin.utf8.Utf8StringEncoderPool                              : loaded 2 times (x 76B)
Class com.amazon.ion.impl._Private_IonSystem                                          : loaded 2 times (x 72B)
Class com.amazon.ion.BufferConfiguration$OversizedValueHandler                        : loaded 2 times (x 72B)
Class kotlin.ranges.OpenEndRange                                                      : loaded 2 times (x 72B)
Class kotlin.sequences.SequenceBuilderIterator                                        : loaded 2 times (x 87B)
Class kotlin.KotlinNullPointerException                                               : loaded 2 times (x 84B)
Class com.android.build.gradle.internal.api.DefaultAndroidSourceSet$AndroidSourceDirectorySetFactory: loaded 2 times (x 77B)
Class com.android.build.gradle.internal.dsl.KmpOptimizationImpl                       : loaded 2 times (x 85B)
Class com.android.build.api.dsl.BundleTexture                                         : loaded 2 times (x 72B)
Class com.android.build.api.dsl.ApkSigningConfig                                      : loaded 2 times (x 72B)
Class org.jetbrains.kotlin.gradle.plugin.mpp.AbstractKotlinTarget$components$2        : loaded 2 times (x 81B)
Class org.jetbrains.kotlin.gradle.plugin.mpp.KotlinUsages$setupAttributesMatchingStrategy$1: loaded 2 times (x 76B)
Class org.jetbrains.kotlin.gradle.plugin.KotlinGradleBuildServices$Companion$registerIfAbsent$2$1$1: loaded 2 times (x 77B)
Class org.jetbrains.kotlin.gradle.plugin.PropertiesProvider$preciseCompilationResultsBackup$1: loaded 2 times (x 81B)
Class org.jetbrains.kotlin.gradle.internal.diagnostics.AgpCompatibilityCheck$runAgpCompatibilityCheckIfAgpIsApplied$1$1: loaded 2 times (x 77B)
Class org.jetbrains.kotlin.gradle.utils.AndroidPluginIdsKt                            : loaded 2 times (x 73B)
Class org.jetbrains.kotlin.gradle.plugin.KotlinBaseApiPlugin_Decorated                : loaded 2 times (x 164B)
Class org.jetbrains.kotlin.gradle.plugin.KotlinCompilerPluginSupportPlugin            : loaded 2 times (x 72B)
Class org.jetbrains.kotlin.gradle.plugin.KotlinBasePlugin                             : loaded 2 times (x 72B)
Class com.android.build.api.dsl.JUnitEngineSpec                                       : loaded 2 times (x 72B)
Class com.android.build.gradle.internal.services.FakeDependencyJarBuildService        : loaded 2 times (x 84B)
Class com.android.build.gradle.internal.dependency.JacocoInstrumentationService$RegistrationAction: loaded 2 times (x 76B)
Class com.android.build.gradle.internal.dsl.ApplicationBuildFeaturesImpl_Decorated    : loaded 2 times (x 171B)
Class com.android.build.gradle.internal.dsl.JniLibsPackagingImpl$AgpDecorated_Decorated: loaded 2 times (x 139B)
Class com.android.build.gradle.internal.dsl.DexOptions                                : loaded 2 times (x 105B)
Class com.android.build.gradle.internal.plugins.AndroidPluginBaseServices$projectServices$2$1$1: loaded 2 times (x 131B)
Class com.android.build.api.artifact.impl.StorageProviderImpl                         : loaded 2 times (x 74B)
Class [Lcom.android.build.gradle.options.ReplacedOption;                              : loaded 2 times (x 71B)
Class com.android.build.gradle.internal.plugins.BasePlugin$Companion                  : loaded 2 times (x 73B)
Class com.google.common.collect.ImmutableMultimap$2                                   : loaded 2 times (x 83B)
Class com.android.ide.common.repository.AgpVersion$Companion$WhenMappings             : loaded 2 times (x 73B)
Class com.amazon.ion.IonDecimal                                                       : loaded 2 times (x 72B)
Class io.opentelemetry.api.OpenTelemetry                                              : loaded 2 times (x 72B)
Class org.jetbrains.plugins.gradle.model.tests.ExternalTestsModel                     : loaded 2 times (x 72B)
Class kotlin.ranges.RangesKt___RangesKt                                               : loaded 2 times (x 73B)
Class org.gradle.tooling.model.idea.IdeaLanguageLevel                                 : loaded 2 times (x 72B)
Class org.gradle.tooling.internal.adapter.ProtocolToModelAdapter$SafeMethodInvoker    : loaded 2 times (x 78B)
Class org.gradle.tooling.internal.adapter.WeakIdentityHashMap$WeakKey                 : loaded 2 times (x 82B)
Class org.gradle.internal.exceptions.DefaultMultiCauseException                       : loaded 2 times (x 97B)
Class com.android.build.gradle.internal.dsl.SigningConfig$AgpDecorated                : loaded 2 times (x 152B)
Class com.android.build.api.variant.Aapt2                                             : loaded 2 times (x 72B)
Class com.android.build.gradle.internal.dsl.ApplicationPublishingImpl$AgpDecorated    : loaded 2 times (x 87B)
Class com.android.build.gradle.internal.dsl.ManagedDevices_Decorated                  : loaded 2 times (x 125B)
Class com.android.build.gradle.internal.dsl.SdkComponentsImpl                         : loaded 2 times (x 88B)
Class com.android.build.gradle.internal.api.AndroidSourceSetName$Companion            : loaded 2 times (x 73B)
Class com.android.build.gradle.internal.tasks.LintCompile                             : loaded 2 times (x 330B)
Class org.jetbrains.kotlin.gradle.utils.FutureKt                                      : loaded 2 times (x 73B)
Class org.jetbrains.kotlin.gradle.targets.native.internal.PlatformLibrariesGenerator$GeneratedPlatformLibrariesService: loaded 2 times (x 78B)
Class org.jetbrains.kotlin.gradle.logging.GradleLoggingUtilsKt                        : loaded 2 times (x 73B)
Class org.jetbrains.kotlin.gradle.plugin.KotlinAndroidPluginWrapper                   : loaded 2 times (x 88B)
Class com.android.build.gradle.internal.AvdComponentsBuildService$RegistrationAction  : loaded 2 times (x 76B)
Class com.android.build.gradle.internal.ide.dependencies.MavenCoordinatesCacheBuildService$RegistrationAction: loaded 2 times (x 76B)
Class org.gradle.internal.classloader.ClassLoaderHierarchy                            : loaded 2 times (x 72B)
Class kotlin.collections.CollectionsKt__ReversedViewsKt                               : loaded 2 times (x 73B)
Class kotlin.sequences.SequencesKt__SequenceBuilderKt                                 : loaded 2 times (x 73B)
Class kotlin.io.FilesKt__FileTreeWalkKt                                               : loaded 2 times (x 73B)
Class com.android.build.gradle.internal.plugins.DslContainerProvider                  : loaded 2 times (x 72B)
Class com.android.build.gradle.AppExtension                                           : loaded 2 times (x 217B)
Class com.android.build.gradle.DynamicFeaturePlugin                                   : loaded 2 times (x 78B)
Class com.android.build.gradle.AppPlugin                                              : loaded 2 times (x 78B)
Class build_7vnbgjgzzrghux8xwifi2598n                                                 : loaded 2 times (x 174B)
Class com.android.builder.model.v2.ide.ProjectInfo                                    : loaded 2 times (x 72B)
Class com.google.common.base.PatternCompiler                                          : loaded 2 times (x 72B)
Class com.amazon.ion.impl.bin.IonRawBinaryWriter$StreamCloseMode                      : loaded 2 times (x 81B)
Class com.amazon.ion.impl._Private_IonBinaryWriterBuilder$Mutable                     : loaded 2 times (x 117B)
Class io.opentelemetry.api.trace.PropagatedSpan                                       : loaded 2 times (x 114B)
Class com.intellij.gradle.toolingExtension.impl.model.projectModel.GradleExternalProjectSerializationService: loaded 2 times (x 79B)
Class sync_studio_tooling1_1e5mycuknti1m2crdp9u7t4cz                                  : loaded 2 times (x 173B)
Class kotlin.text.CharsKt__CharKt                                                     : loaded 2 times (x 73B)
Class kotlin.collections.ArrayDeque$Companion                                         : loaded 2 times (x 73B)
Class kotlin.collections.ArraysKt                                                     : loaded 2 times (x 73B)
Class org.gradle.tooling.model.HierarchicalElement                                    : loaded 2 times (x 72B)
Class com.android.build.gradle.internal.lint.AndroidLintGlobalTask$UpdateBaselineCreationAction$Companion: loaded 2 times (x 73B)
Class com.android.builder.signing.DefaultSigningConfig$Companion                      : loaded 2 times (x 73B)
Class com.android.build.gradle.internal.dsl.BundleOptionsAbi$AgpDecorated_Decorated   : loaded 2 times (x 127B)
Class com.android.build.api.artifact.Artifact$Companion                               : loaded 2 times (x 73B)
Class kotlin.jvm.internal.CollectionToArray                                           : loaded 2 times (x 73B)
Class kotlin.sequences.FilteringSequence$iterator$1                                   : loaded 2 times (x 81B)
Class com.intellij.gradle.toolingExtension.impl.model.sourceSetModel.GradleSourceSetSerialisationService$Companion: loaded 2 times (x 73B)
Class com.android.build.api.dsl.FusedLibraryExtension                                 : loaded 2 times (x 72B)
Class com.android.build.gradle.internal.dsl.AndroidTestImpl                           : loaded 2 times (x 79B)
Class org.jetbrains.kotlin.gradle.plugin.DefaultKotlinBasePlugin$setupAttributeMatchingStrategy$1$1: loaded 2 times (x 81B)
Class org.jetbrains.kotlin.gradle.internal.properties.PropertiesBuildService$property$1: loaded 2 times (x 81B)
Class com.amazon.ion.impl._Private_IonValue                                           : loaded 2 times (x 72B)
Class com.android.build.gradle.internal.ManagedDeviceUtilsKt$getManagedDeviceAvdFolder$1: loaded 2 times (x 77B)
Class com.android.build.gradle.internal.services.AndroidLocationsBuildService$Inject_ : loaded 2 times (x 112B)
Class com.google.protobuf.PrimitiveNonBoxingCollection                                : loaded 2 times (x 72B)
Class com.google.wireless.android.sdk.stats.InstantRunStatus                          : loaded 2 times (x 206B)
Class com.android.build.gradle.internal.profile.AnalyticsConfiguratorService$State    : loaded 2 times (x 81B)
Class com.amazon.ion.impl.bin.IonManagedBinaryWriter$UserState$2                      : loaded 2 times (x 87B)
Class com.android.build.gradle.internal.plugins.AndroidPluginBaseServices             : loaded 2 times (x 80B)
Class com.android.build.gradle.options.FeatureStage$SoftlyEnforced                    : loaded 2 times (x 74B)
Class com.android.build.gradle.api.FusedLibraryPlugin                                 : loaded 2 times (x 76B)
Class sync_studio_tooling2_1wxt656txwe9yx2sy1pqckfkp                                  : loaded 2 times (x 173B)
Class com.android.builder.model.v2.dsl.DependenciesInfo                               : loaded 2 times (x 72B)
Class com.android.build.gradle.internal.ClasspathVerifier                             : loaded 2 times (x 73B)
Class com.amazon.ion.impl.bin.IonRawBinaryWriter$PatchPoint                           : loaded 2 times (x 74B)
Class com.amazon.ion.IonBlob                                                          : loaded 2 times (x 72B)
Class com.amazon.ion.IonLob                                                           : loaded 2 times (x 72B)
Class com.amazon.ion.IonSequence                                                      : loaded 2 times (x 72B)
Class io.opentelemetry.api.trace.TraceFlags                                           : loaded 2 times (x 72B)
Class org.jetbrains.plugins.gradle.tooling.serialization.ExternalTestsSerializationService: loaded 2 times (x 79B)
Class com.google.common.collect.ByFunctionOrdering                                    : loaded 2 times (x 117B)
Class kotlin.collections.SetsKt__SetsKt                                               : loaded 2 times (x 73B)
Class kotlin.coroutines.EmptyCoroutineContext                                         : loaded 2 times (x 79B)
Class org.gradle.internal.time.Time                                                   : loaded 2 times (x 73B)
Class com.android.build.gradle.internal.tasks.NonIncrementalGlobalTask                : loaded 2 times (x 329B)
Class com.android.build.gradle.internal.plugins.BasePlugin$createTasks$1              : loaded 2 times (x 77B)
Class com.android.build.gradle.internal.dsl.AnnotationProcessorOptions$AgpDecorated   : loaded 2 times (x 108B)
Class com.android.build.gradle.internal.errors.AndroidProblemReporterProvider$Parameters$Inject_: loaded 2 times (x 108B)
Class com.android.build.gradle.internal.errors.AndroidProblemReporterProvider$Inject_ : loaded 2 times (x 98B)
Class com.android.build.gradle.internal.dsl.InternalFusedLibraryExtension             : loaded 2 times (x 72B)
Class com.android.build.gradle.internal.dsl.MultiDexConfigImpl                        : loaded 2 times (x 82B)
Class com.google.protobuf.MapField                                                    : loaded 2 times (x 91B)
Class org.jetbrains.kotlin.gradle.plugin.DefaultKotlinBasePlugin$setupAttributeMatchingStrategy$1$2: loaded 2 times (x 81B)
Class org.jetbrains.kotlin.gradle.targets.native.internal.PlatformLibrariesGenerator$Companion: loaded 2 times (x 73B)
Class com.android.tools.analytics.CommonMetricsData                                   : loaded 2 times (x 73B)
Class com.android.builder.profile.NameAnonymizer                                      : loaded 2 times (x 74B)
Class com.google.protobuf.CodedInputStream$UnsafeDirectNioDecoder                     : loaded 2 times (x 121B)
Class com.android.build.gradle.internal.profile.AnalyticsConfiguratorService$Params$Inject_: loaded 2 times (x 108B)
Class org.jetbrains.kotlin.gradle.plugin.KotlinPlatformType$Companion                 : loaded 2 times (x 73B)
Class org.jetbrains.kotlin.gradle.plugin.KotlinPlatformType$DisambiguationRule        : loaded 2 times (x 78B)
Class kotlinx.coroutines.flow.SharedFlow                                              : loaded 2 times (x 72B)
Class com.android.build.api.dsl.DynamicFeatureVariantDimension                        : loaded 2 times (x 72B)
Class com.android.build.gradle.options.FeatureStage                                   : loaded 2 times (x 74B)
Class com.android.build.gradle.internal.component.PublishableCreationConfig           : loaded 2 times (x 72B)
Class com.google.gson.internal.reflect.ReflectionHelper$RecordSupportedHelper         : loaded 2 times (x 80B)
Class com.android.builder.model.v2.models.ProjectGraph                                : loaded 2 times (x 72B)
Class com.android.build.gradle.internal.dsl.decorator.SupportedPropertyType$Collection$Set: loaded 2 times (x 76B)
Class com.amazon.ion.system.IonTextWriterBuilder                                      : loaded 2 times (x 99B)
Class com.amazon.ion.impl.bin.IonManagedBinaryWriter$ImportedSymbolResolverMode$1$1$1 : loaded 2 times (x 78B)
Class com.amazon.ion.impl._Private_LocalSymbolTableFactory                            : loaded 2 times (x 72B)
Class org.jetbrains.plugins.gradle.tooling.serialization.AnnotationProcessingModelSerializationService: loaded 2 times (x 79B)
Class kotlin.collections.ArraysKt__ArraysJVMKt                                        : loaded 2 times (x 73B)
Class com.android.build.gradle.internal.plugins.BasePlugin$createTasks$2              : loaded 2 times (x 79B)
Class com.android.build.gradle.internal.tasks.BaseTask                                : loaded 2 times (x 328B)
Class com.android.build.gradle.internal.dsl.BuildType$AgpDecorated_Decorated          : loaded 2 times (x 446B)
Class com.android.build.api.dsl.ApplicationBuildFeatures                              : loaded 2 times (x 72B)
Class com.android.build.gradle.internal.dsl.Splits                                    : loaded 2 times (x 83B)
Class com.android.build.gradle.internal.dsl.BundleOptionsDeviceGroup                  : loaded 2 times (x 83B)
Class com.android.build.gradle.internal.dsl.ProductFlavorFactory                      : loaded 2 times (x 79B)
Class com.android.build.api.dsl.TestVariantDimension                                  : loaded 2 times (x 72B)
Class com.android.build.api.dsl.ApplicationVariantDimension                           : loaded 2 times (x 72B)
Class org.jetbrains.kotlin.gradle.plugin.mpp.KotlinTargetSoftwareComponent            : loaded 2 times (x 91B)
Class org.jetbrains.kotlin.gradle.plugin.mpp.KotlinVariant                            : loaded 2 times (x 103B)
Class org.jetbrains.kotlin.gradle.utils.WhenPluginEnabledKt                           : loaded 2 times (x 73B)
Class org.jetbrains.kotlin.gradle.plugin.VariantImplementationFactories               : loaded 2 times (x 77B)
Class org.jetbrains.kotlin.gradle.internal.diagnostics.KotlinCompilerEmbeddableCheck  : loaded 2 times (x 73B)
Class org.jetbrains.kotlin.gradle.plugin.sources.android.AndroidVariantType           : loaded 2 times (x 81B)
Class com.android.build.gradle.internal.ide.dependencies.MavenCoordinatesCacheBuildService$Parameters_Decorated: loaded 2 times (x 132B)
Class com.android.build.gradle.internal.dsl.ConsumerKeepRulesImpl                     : loaded 2 times (x 94B)
Class com.android.build.gradle.internal.profile.AnalyticsService$Params               : loaded 2 times (x 72B)
Class com.android.build.gradle.internal.utils.AnalyticsEnabledValueSource$Inject_     : loaded 2 times (x 111B)
Class com.android.build.gradle.internal.utils.AnalyticsEnabledValueSource$Params_Decorated: loaded 2 times (x 132B)
Class com.android.build.gradle.internal.dependency.GenericTransformParameters         : loaded 2 times (x 72B)
Class com.android.build.gradle.internal.dsl.VcsInfoImpl                               : loaded 2 times (x 79B)
Class com.android.build.gradle.options.HasFutureStage                                 : loaded 2 times (x 72B)
Class com.android.build.gradle.options.ProjectOptionService$Inject_                   : loaded 2 times (x 99B)
Class com.android.build.gradle.internal.plugins.AppPlugin$ApplicationAndroidComponentsExtensionImplCompat: loaded 2 times (x 116B)
Class com.amazon.ion.impl.lite.IonNullLite                                            : loaded 2 times (x 178B)
Class org.jetbrains.plugins.gradle.model.DependencyAccessorsModel                     : loaded 2 times (x 72B)
Class [Lcom.intellij.openapi.externalSystem.model.project.dependencies.ResolutionState;: loaded 2 times (x 71B)
Class gnu.trove.TObjectIntHashMap                                                     : loaded 2 times (x 111B)
Class kotlin.text.StringsKt__StringBuilderKt                                          : loaded 2 times (x 73B)
Class com.google.common.collect.RangeSet                                              : loaded 2 times (x 72B)
Class kotlin.jvm.internal.CallableReference$NoReceiver                                : loaded 2 times (x 73B)
Class com.android.build.gradle.internal.dsl.SigningConfig$AgpDecorated_Decorated      : loaded 2 times (x 202B)
Class com.android.build.gradle.internal.dsl.CompileSdkSpecImpl                        : loaded 2 times (x 92B)
Class com.android.build.gradle.internal.dsl.TargetSdkSpecImpl                         : loaded 2 times (x 83B)
Class com.android.build.api.dsl.DexPackaging                                          : loaded 2 times (x 72B)
Class com.android.build.api.dsl.TestBuildType                                         : loaded 2 times (x 72B)
Class org.jetbrains.kotlin.gradle.internal.CompilerArgumentAware                      : loaded 2 times (x 72B)
Class org.jetbrains.kotlin.gradle.utils.StoredLazyProperty                            : loaded 2 times (x 77B)
Class com.android.prefs.Global                                                        : loaded 2 times (x 81B)
Class com.android.build.gradle.internal.dsl.CoreExternalNativeCmakeOptions            : loaded 2 times (x 72B)
Class com.android.build.api.dsl.AndroidSourceFile                                     : loaded 2 times (x 72B)
Class com.android.build.gradle.internal.profile.NoOpAnalyticsConfiguratorService$Inject_: loaded 2 times (x 104B)
Class kotlinx.coroutines.flow.MutableStateFlow                                        : loaded 2 times (x 72B)
Class com.android.build.gradle.internal.dsl.ManagedDevices                            : loaded 2 times (x 82B)
Class com.android.build.gradle.internal.dsl.TestOptions$screenshotTests$1             : loaded 2 times (x 77B)
Class [Lcom.android.build.gradle.options.SyncOptions$EvaluationMode;                  : loaded 2 times (x 71B)
Class com.android.build.gradle.internal.dsl.CmakeOptions$AgpDecorated_Decorated       : loaded 2 times (x 148B)
Class com.android.build.api.extension.impl.VariantApiOperationsRegistrar              : loaded 2 times (x 74B)
Class com.android.build.api.variant.ApplicationAndroidComponentsExtension             : loaded 2 times (x 72B)
Class com.amazon.ion.impl.lite.IonClobLite                                            : loaded 2 times (x 223B)
Class com.amazon.ion.impl._Private_ValueFactory                                       : loaded 2 times (x 72B)
Class com.amazon.ion.impl.bin.IonRawBinaryWriter$PreallocationMode$1                  : loaded 2 times (x 83B)
Class [Lcom.amazon.ion.impl.bin._Private_IonManagedBinaryWriterBuilder$AllocatorMode; : loaded 2 times (x 71B)
Class org.jetbrains.kotlin.idea.gradleTooling.KotlinMPPGradleModel                    : loaded 2 times (x 72B)
Class io.opentelemetry.context.propagation.ContextPropagators                         : loaded 2 times (x 72B)
Class com.intellij.gradle.toolingExtension.impl.model.dependencyDownloadPolicyModel.GradleDependencyDownloadPolicy: loaded 2 times (x 72B)
Class org.gradle.tooling.model.BuildIdentifier                                        : loaded 2 times (x 72B)
Class kotlin.NoWhenBranchMatchedException                                             : loaded 2 times (x 84B)
Class com.android.build.api.AndroidPluginVersion                                      : loaded 2 times (x 77B)
Class com.android.build.gradle.internal.dsl.SdkComponentsImpl_Decorated               : loaded 2 times (x 131B)
Class com.android.build.gradle.internal.api.artifact.SourceArtifactType$ANDROID_RESOURCES: loaded 2 times (x 76B)
Class org.jetbrains.kotlin.gradle.plugin.mpp.KotlinAndroidTarget$kotlinComponents$2   : loaded 2 times (x 81B)
Class org.jetbrains.kotlin.gradle.plugin.mpp.InternalKotlinTargetComponent            : loaded 2 times (x 95B)
Class org.jetbrains.kotlin.gradle.utils.ProviderApiUtilsKt                            : loaded 2 times (x 73B)
Class org.jetbrains.kotlin.gradle.targets.native.UsesKonanPropertiesBuildService      : loaded 2 times (x 72B)
Class org.jetbrains.kotlin.gradle.internal.properties.NativePropertiesLoader$forceDisableRunningInProcess$1: loaded 2 times (x 77B)
Class org.jetbrains.kotlin.gradle.utils.PersistentCachesKt                            : loaded 2 times (x 73B)
Class org.jetbrains.kotlin.gradle.internal.tasks.TaskWithLocalState                   : loaded 2 times (x 72B)
Class org.jetbrains.kotlin.gradle.internal.properties.PropertiesBuildService$Params   : loaded 2 times (x 72B)
Class org.jetbrains.kotlin.gradle.internal.diagnostics.GradleCompatibilityCheck       : loaded 2 times (x 73B)
Class com.android.build.gradle.internal.services.FakeDependencyJarBuildService$FakeDependencyJarCreator$Params: loaded 2 times (x 72B)
Class com.google.protobuf.Descriptors$Descriptor                                      : loaded 2 times (x 78B)
Class com.google.wireless.android.sdk.stats.InstantRunStatusOrBuilder                 : loaded 2 times (x 72B)
Class com.android.build.api.artifact.impl.SingleInitialProviderRequestImpl$on$2       : loaded 2 times (x 77B)
Class [Lcom.android.tools.analytics.Environment$SystemProperty;                       : loaded 2 times (x 71B)
Class com.android.tools.analytics.AnalyticsSettings                                   : loaded 2 times (x 73B)
Class com.android.ide.common.blame.SourceFilePosition                                 : loaded 2 times (x 74B)
Class org.gradle.internal.classloader.FilteringClassLoader                            : loaded 2 times (x 106B)
Class kotlin.NotImplementedError                                                      : loaded 2 times (x 84B)
Class kotlin.sequences.FlatteningSequence                                             : loaded 2 times (x 77B)
Class com.android.builder.model.v2.ide.VectorDrawablesOptions                         : loaded 2 times (x 72B)
Class com.amazon.ion.IonInt                                                           : loaded 2 times (x 72B)
Class com.amazon.ion.impl.bin.IonRawBinaryWriter$PreallocationMode$2                  : loaded 2 times (x 83B)
Class org.jetbrains.kotlin.idea.gradleTooling.PrepareKotlinIdeImportTaskModel         : loaded 2 times (x 72B)
Class sync_studio_tooling1_1e5mycuknti1m2crdp9u7t4cz$_run_closure1                    : loaded 2 times (x 140B)
Class org.gradle.tooling.model.BuildableElement                                       : loaded 2 times (x 72B)
Class org.gradle.tooling.model.HasGradleProject                                       : loaded 2 times (x 72B)
Class com.android.build.gradle.internal.dsl.NdkBuildOptions$AgpDecorated_Decorated    : loaded 2 times (x 141B)
Class com.android.build.gradle.internal.dsl.NdkBuildOptions$AgpDecorated              : loaded 2 times (x 97B)
Class com.android.builder.model.PackagingOptions                                      : loaded 2 times (x 72B)
Class com.android.build.api.dsl.DynamicFeatureDefaultConfig                           : loaded 2 times (x 72B)
Class [Lcom.android.builder.core.ComponentType;                                       : loaded 2 times (x 71B)
Class [Lorg.jetbrains.kotlin.gradle.plugin.KotlinPlatformType;                        : loaded 2 times (x 71B)
Class org.jetbrains.kotlin.gradle.plugin.BuildFinishedListenerService$Companion$registerIfAbsent$1$1: loaded 2 times (x 81B)
Class org.jetbrains.kotlin.gradle.internal.diagnostics.GradleCompatibilityCheck$CurrentGradleVersionProvider: loaded 2 times (x 72B)
Class org.jetbrains.kotlin.gradle.plugin.mpp.DecoratedKotlinCompilation               : loaded 2 times (x 193B)
Class com.android.build.gradle.internal.lint.LintFixBuildService$RegistrationAction   : loaded 2 times (x 76B)
Class kotlin.text.MatcherMatchResult                                                  : loaded 2 times (x 82B)
Class com.android.builder.profile.NameAnonymizer$ProjectCacheLoader                   : loaded 2 times (x 78B)
Class com.android.tools.analytics.AnalyticsPaths                                      : loaded 2 times (x 73B)
Class kotlin.text.MatchGroupCollection                                                : loaded 2 times (x 72B)
Class com.android.build.api.extension.impl.DslLifecycleComponentsOperationsRegistrar  : loaded 2 times (x 74B)
Class com.android.builder.model.v2.ide.Edge                                           : loaded 2 times (x 72B)
Class com.google.common.io.ByteStreams$1                                              : loaded 2 times (x 87B)
Class com.google.gson.internal.ReflectionAccessFilterHelper                           : loaded 2 times (x 73B)
Class com.google.gson.internal.reflect.ReflectionHelper$RecordHelper                  : loaded 2 times (x 77B)
Class com.android.builder.model.v2.models.VariantDependenciesFlatList                 : loaded 2 times (x 72B)
Class com.amazon.ion.impl.bin.IonRawBinaryWriter$PreallocationMode$3                  : loaded 2 times (x 83B)
Class com.android.ide.gradle.model.GradlePluginModel                                  : loaded 2 times (x 72B)
Class com.google.common.collect.ReverseOrdering                                       : loaded 2 times (x 117B)
Class org.gradle.tooling.model.build.JavaEnvironment                                  : loaded 2 times (x 72B)
Class com.android.build.api.artifact.impl.SingleInitialProviderRequestImpl            : loaded 2 times (x 74B)
Class com.android.build.gradle.internal.BuildTypeData                                 : loaded 2 times (x 74B)
Class com.android.build.gradle.internal.ndk.NdkHandler                                : loaded 2 times (x 74B)
Class com.android.build.gradle.api.UnitTestVariant                                    : loaded 2 times (x 72B)
Class com.google.wireless.android.sdk.stats.ProjectApiUseOrBuilder                    : loaded 2 times (x 72B)
Class com.google.common.base.Converter$ReverseConverter                               : loaded 2 times (x 92B)
Class com.android.build.gradle.internal.dsl.MinSdkDelegate                            : loaded 2 times (x 86B)
Class com.android.build.gradle.internal.dsl.SigningConfigImpl                         : loaded 2 times (x 99B)
Class com.android.ide.common.signing.KeystoreHelper                                   : loaded 2 times (x 73B)
Class org.jetbrains.kotlin.gradle.utils.GradleConfigurationUtilsKt                    : loaded 2 times (x 73B)
Class org.jetbrains.kotlin.gradle.plugin.internal.CustomPropertiesFileValueSource$Parameters: loaded 2 times (x 72B)
Class org.jetbrains.kotlin.gradle.plugin.UsesBuildFinishedListenerService             : loaded 2 times (x 72B)
Class org.jetbrains.kotlin.gradle.dsl.KotlinPublishingDsl                             : loaded 2 times (x 72B)
Class org.jetbrains.kotlin.gradle.plugin.KotlinBaseApiPlugin                          : loaded 2 times (x 120B)
Class com.android.build.gradle.internal.services.SymbolTableBuildService$RegistrationAction: loaded 2 times (x 76B)
Class kotlin.text.StringsKt__StringsKt                                                : loaded 2 times (x 73B)
Class kotlinx.coroutines.flow.StateFlowKt                                             : loaded 2 times (x 73B)
Class com.android.ide.gradle.model.dependencies.DeclaredDependencies                  : loaded 2 times (x 72B)
Class com.android.build.gradle.internal.dsl.InternalCommonExtension                   : loaded 2 times (x 72B)
Class com.android.builder.model.v2.ide.SourceSetContainer                             : loaded 2 times (x 72B)
Class com.google.gson.internal.bind.ReflectiveTypeAdapterFactory$FieldsData           : loaded 2 times (x 74B)
Class org.jetbrains.plugins.gradle.model.GradleExtension                              : loaded 2 times (x 72B)
Class com.amazon.ion.impl.lite.IonDecimalLite                                         : loaded 2 times (x 191B)
Class com.amazon.ion.IonBufferConfiguration$Builder                                   : loaded 2 times (x 80B)
Class org.gradle.internal.time.Timer                                                  : loaded 2 times (x 72B)
Class kotlin.jvm.internal.markers.KMappedMarker                                       : loaded 2 times (x 72B)
Class org.gradle.internal.installation.CurrentGradleInstallationLocator               : loaded 2 times (x 73B)
Class com.android.build.gradle.internal.services.VariantServicesImpl                  : loaded 2 times (x 116B)
Class com.android.build.gradle.internal.ide.v2.NativeModelBuilder_Decorated           : loaded 2 times (x 131B)
Class com.google.wireless.android.sdk.stats.GradleBuildProjectMetricsOrBuilder        : loaded 2 times (x 72B)
Class org.jetbrains.plugins.gradle.tooling.serialization.internal.IdeaProjectSerializationService$ReadContext: loaded 2 times (x 74B)
Class com.android.build.gradle.internal.dsl.ExternalNativeBuildOptions                : loaded 2 times (x 95B)
Class com.android.build.api.dsl.KeepRules                                             : loaded 2 times (x 72B)
Class org.jetbrains.kotlin.gradle.plugin.AbstractKotlinJsPluginWrapper                : loaded 2 times (x 88B)
Class org.jetbrains.kotlin.gradle.plugin.internal.MavenPublicationComponentAccessor   : loaded 2 times (x 72B)
Class org.jetbrains.kotlin.gradle.fus.BuildUidService                                 : loaded 2 times (x 82B)
Class org.jetbrains.kotlin.gradle.plugin.KotlinPluginWrapperKt                        : loaded 2 times (x 73B)
Class org.jetbrains.kotlin.gradle.plugin.mpp.InternalKotlinCompilation                : loaded 2 times (x 72B)
Class org.jetbrains.kotlin.gradle.plugin.KotlinJvmFactory                             : loaded 2 times (x 72B)
Class [Lcom.google.protobuf.Internal$EnumLite;                                        : loaded 2 times (x 71B)
Class com.google.protobuf.CodedInputStream$ArrayDecoder                               : loaded 2 times (x 121B)
Class com.android.tools.analytics.HostData                                            : loaded 2 times (x 73B)
Class com.amazon.ion.impl.bin.IonManagedBinaryWriter$UserState$1                      : loaded 2 times (x 87B)
Class com.android.tools.analytics.AnalyticsLevel                                      : loaded 2 times (x 81B)
Class com.android.build.gradle.internal.LoggerWrapper                                 : loaded 2 times (x 88B)
Class com.google.gson.Gson$FutureTypeAdapter                                          : loaded 2 times (x 78B)
Class com.android.builder.model.v2.ide.ViewBindingOptions                             : loaded 2 times (x 72B)
Class com.android.build.gradle.options.Option$Status$Deprecated                       : loaded 2 times (x 74B)
Class com.android.build.gradle.internal.plugins.TestPlugin                            : loaded 2 times (x 99B)
Class com.google.common.collect.ImmutableMultimap$Builder                             : loaded 2 times (x 88B)
Class com.android.builder.model.v2.ide.LintOptions                                    : loaded 2 times (x 72B)
Class org.objectweb.asm.ClassReader                                                   : loaded 2 times (x 96B)
Class com.google.common.collect.Maps$KeySet                                           : loaded 2 times (x 139B)
Class [Lcom.amazon.ion.impl.bin.IonRawBinaryWriter$ContainerType;                     : loaded 2 times (x 71B)
Class kotlin.coroutines.jvm.internal.SpillingKt                                       : loaded 2 times (x 73B)
Class org.gradle.tooling.internal.adapter.ProtocolToModelAdapter$ViewGraphDetails     : loaded 2 times (x 74B)
Class org.gradle.tooling.model.idea.IdeaProject                                       : loaded 2 times (x 72B)
Class org.gradle.tooling.model.DomainObjectSet                                        : loaded 2 times (x 72B)
Class org.gradle.internal.service.DefaultServiceLocator                               : loaded 2 times (x 85B)
Class com.android.build.gradle.internal.tasks.GlobalTask                              : loaded 2 times (x 72B)
Class com.android.build.gradle.internal.cxx.gradle.generator.CxxMetadataGenerator     : loaded 2 times (x 72B)
Class com.google.wireless.android.sdk.stats.GradlePluginData                          : loaded 2 times (x 201B)
Class com.android.build.api.dsl.JacocoOptions                                         : loaded 2 times (x 72B)
Class com.android.build.gradle.internal.api.LazyAndroidSourceSet                      : loaded 2 times (x 74B)
Class com.android.build.api.dsl.DefaultConfig                                         : loaded 2 times (x 72B)
Class org.jetbrains.kotlin.gradle.plugin.internal.DefaultProjectIsolationStartParameterAccessor_Decorated: loaded 2 times (x 123B)
Class org.jetbrains.kotlin.gradle.plugin.internal.ProjectIsolationStartParameterAccessorKt: loaded 2 times (x 73B)
Class org.jetbrains.kotlin.gradle.dsl.KaptExtensionConfig                             : loaded 2 times (x 72B)
Class com.android.build.api.variant.HasUnitTestBuilder                                : loaded 2 times (x 72B)
Class com.android.builder.profile.AnalyticsProfileWriter$Companion                    : loaded 2 times (x 73B)
Class com.android.build.gradle.options.ApiStage$Deprecated                            : loaded 2 times (x 74B)
Class com.google.protobuf.ProtocolStringList                                          : loaded 2 times (x 72B)
Class com.android.build.gradle.internal.errors.SyncIssueReporterImpl$GlobalSyncIssueService$Parameters_Decorated: loaded 2 times (x 141B)
Class com.android.ide.common.blame.SourceFileJsonTypeAdapter                          : loaded 2 times (x 77B)
Class com.google.wireless.android.sdk.stats.JavaProcessStatsOrBuilder                 : loaded 2 times (x 72B)
Class com.android.build.gradle.internal.VariantManager                                : loaded 2 times (x 74B)
Class com.google.common.collect.ImmutableMultimap$EntryCollection                     : loaded 2 times (x 130B)
Class com.android.builder.model.v2.ide.BasicArtifact                                  : loaded 2 times (x 72B)
Class com.amazon.ion.impl.bin.utf8.Utf8StringEncoder$Result                           : loaded 2 times (x 76B)
Class com.amazon.ion.impl.bin.utf8.Pool$Allocator                                     : loaded 2 times (x 72B)
Class com.amazon.ion.IonText                                                          : loaded 2 times (x 72B)
Class com.amazon.ion.impl.SymbolTokenImpl                                             : loaded 2 times (x 83B)
Class com.amazon.ion.SubstituteSymbolTableException                                   : loaded 2 times (x 86B)
Class io.opentelemetry.api.trace.SpanContextKey                                       : loaded 2 times (x 73B)
Class kotlin.coroutines.jvm.internal.SuspendFunction                                  : loaded 2 times (x 72B)
Class org.gradle.util.GradleVersion                                                   : loaded 2 times (x 83B)
Class org.gradle.internal.installation.CurrentGradleInstallation                      : loaded 2 times (x 75B)
Class com.android.build.gradle.internal.tasks.DeviceSerialTestTask                    : loaded 2 times (x 323B)
Class com.google.wireless.android.sdk.stats.GradleBuildProjectMetrics                 : loaded 2 times (x 201B)
Class com.android.build.gradle.internal.dsl.ApplicationAndroidResourcesImpl           : loaded 2 times (x 126B)
Class com.android.build.gradle.internal.dsl.JniLibsPackagingImpl                      : loaded 2 times (x 91B)
Class com.android.build.api.dsl.BundleLanguage                                        : loaded 2 times (x 72B)
Class com.android.build.api.dsl.BundleCountrySet                                      : loaded 2 times (x 72B)
Class com.android.build.api.dsl.BundleDeviceTier                                      : loaded 2 times (x 72B)
Class com.android.builder.core.AbstractProductFlavor                                  : loaded 2 times (x 196B)
Class org.jetbrains.kotlin.gradle.targets.native.internal.PlatformLibrariesGenerator  : loaded 2 times (x 74B)
Class org.jetbrains.kotlin.tooling.core.Extras$Type$Companion                         : loaded 2 times (x 73B)
Class org.jetbrains.kotlin.gradle.plugin.KotlinCompilation                            : loaded 2 times (x 72B)
Class com.android.prefs.AndroidPathLocator                                            : loaded 2 times (x 75B)
Class com.android.build.gradle.internal.services.SymbolTableBuildService              : loaded 2 times (x 81B)
Class com.android.build.gradle.internal.ide.v2.GlobalSyncService$Parameters           : loaded 2 times (x 72B)
Class com.android.build.gradle.internal.services.ClassesHierarchyBuildService         : loaded 2 times (x 82B)
Class com.android.builder.profile.Recorder$VoidBlock                                  : loaded 2 times (x 72B)
Class org.jetbrains.kotlin.gradle.plugin.internal.CustomPropertiesFileValueSource$Inject_: loaded 2 times (x 115B)
Class org.jetbrains.kotlin.gradle.plugin.PropertiesProvider$booleanPropertyWithDeprecatedValues$1: loaded 2 times (x 80B)
Class com.android.build.api.dsl.TargetSdkSpec                                         : loaded 2 times (x 72B)
Class com.android.build.api.extension.impl.ApplicationAndroidComponentsExtensionImpl  : loaded 2 times (x 116B)
Class com.amazon.ion.impl.bin.IonManagedBinaryWriter$ImportDescriptor                 : loaded 2 times (x 78B)
Class com.amazon.ion.SymbolTable                                                      : loaded 2 times (x 72B)
Class org.jetbrains.plugins.gradle.javaModel.JavaGradleManifestModel                  : loaded 2 times (x 72B)
Class org.jetbrains.plugins.gradle.tooling.serialization.GradleExtensionsSerializationService$WriteContext: loaded 2 times (x 74B)
Class com.intellij.gradle.toolingExtension.impl.model.taskModel.GradleTaskSerialisationService$Companion: loaded 2 times (x 73B)
Class kotlin.jvm.internal.StringCompanionObject                                       : loaded 2 times (x 73B)
Class kotlin.coroutines.intrinsics.IntrinsicsKt__IntrinsicsJvmKt                      : loaded 2 times (x 73B)
Class kotlin.coroutines.jvm.internal.CoroutineStackFrame                              : loaded 2 times (x 72B)
Class org.gradle.tooling.internal.adapter.ProtocolToModelAdapter$MethodInvocationCache$MethodInvocationKey: loaded 2 times (x 75B)
Class org.gradle.tooling.model.gradle.ProjectPublications                             : loaded 2 times (x 72B)
Class org.gradle.util.internal.GUtil                                                  : loaded 2 times (x 73B)
Class com.android.build.gradle.api.TestVariant                                        : loaded 2 times (x 72B)
Class [Lcom.android.tools.lint.model.LintModelSeverity;                               : loaded 2 times (x 71B)
Class com.android.build.gradle.internal.CompileOptions$AgpDecorated_Decorated         : loaded 2 times (x 147B)
Class com.android.resources.ResourceEnum                                              : loaded 2 times (x 72B)
Class com.google.common.base.Converter$IdentityConverter                              : loaded 2 times (x 92B)
Class com.google.common.util.concurrent.AbstractFuture$SetFuture                      : loaded 2 times (x 77B)
Class org.jetbrains.kotlin.gradle.internal.ClassLoadersCachingBuildService$Companion$registerIfAbsent$2$1$1: loaded 2 times (x 77B)
Class com.android.build.api.dsl.DependenciesInfo                                      : loaded 2 times (x 72B)
Class com.android.build.gradle.internal.utils.KgpUtils                                : loaded 2 times (x 73B)
Class com.android.build.gradle.internal.services.BuiltInKotlinServices$Companion      : loaded 2 times (x 73B)
Class org.jetbrains.kotlin.gradle.utils.Future                                        : loaded 2 times (x 72B)
Class org.jetbrains.kotlin.gradle.plugin.mpp.AbstractKotlinCompilation                : loaded 2 times (x 193B)
Class com.android.prefs.PathLocator$WhenMappings                                      : loaded 2 times (x 73B)
Class com.google.wireless.android.sdk.stats.JavaProcessStats                          : loaded 2 times (x 208B)
Class org.jetbrains.kotlin.gradle.targets.native.KonanPropertiesBuildService$Companion$registerIfAbsent$1: loaded 2 times (x 77B)
Class com.google.protobuf.Message                                                     : loaded 2 times (x 72B)
Class com.android.build.gradle.internal.profile.NoOpAnalyticsConfiguratorService$RegistrationAction: loaded 2 times (x 76B)
Class com.android.tools.analytics.Environment$Companion$SYSTEM$1                      : loaded 2 times (x 75B)
Class com.android.tools.analytics.Environment$Companion                               : loaded 2 times (x 73B)
Class com.android.tools.analytics.Environment$SystemProperty                          : loaded 2 times (x 81B)
Class com.android.ide.common.blame.SourceFilePositionJsonSerializer                   : loaded 2 times (x 79B)
Class com.android.build.gradle.internal.packaging.GradleKeystoreHelper                : loaded 2 times (x 73B)
Class com.android.build.gradle.TestPlugin                                             : loaded 2 times (x 78B)
Class [Lcom.amazon.ion.impl.bin.IonManagedBinaryWriter$SymbolState;                   : loaded 2 times (x 71B)
Class com.amazon.ion.impl._Private_IonWriterBase                                      : loaded 2 times (x 164B)
Class com.amazon.ion.system.IonSystemBuilder                                          : loaded 2 times (x 77B)
Class com.amazon.ion.IonCatalog                                                       : loaded 2 times (x 72B)
Class io.opentelemetry.api.trace.TraceId                                              : loaded 2 times (x 73B)
Class com.intellij.gradle.toolingExtension.impl.model.utilTurnOffDefaultTasksModel.TurnOffDefaultTasks: loaded 2 times (x 72B)
Class com.intellij.gradle.toolingExtension.impl.model.sourceSetModel.GradleSourceSetSerialisationService$SourceSetModelReadContext: loaded 2 times (x 74B)
Class kotlin.io.NoSuchFileException                                                   : loaded 2 times (x 84B)
Class kotlin.collections.CollectionsKt                                                : loaded 2 times (x 73B)
Class com.android.build.gradle.internal.scope.InternalArtifactType$DEFAULT_PROGUARD_FILES: loaded 2 times (x 76B)
Class com.android.build.gradle.internal.tasks.AndroidGlobalTask                       : loaded 2 times (x 328B)
Class com.android.build.gradle.internal.tasks.factory.TaskInformation                 : loaded 2 times (x 72B)
Class com.android.build.gradle.internal.dsl.SigningConfigImpl$AgpDecorated_Decorated  : loaded 2 times (x 152B)
Class com.android.build.gradle.internal.dsl.SigningConfigImpl$AgpDecorated            : loaded 2 times (x 103B)
Class com.android.build.gradle.internal.dsl.DefaultConfig$AgpDecorated                : loaded 2 times (x 444B)
Class com.android.build.gradle.internal.dsl.ScreenshotTestSuiteImpl                   : loaded 2 times (x 84B)
Class org.jetbrains.kotlin.tooling.core.MutableExtrasImpl$Companion                   : loaded 2 times (x 73B)
Class org.jetbrains.kotlin.gradle.internal.ClassLoadersCachingBuildService$Parameters : loaded 2 times (x 72B)
Class org.jetbrains.kotlin.gradle.plugin.internal.ProjectIsolationStartParameterAccessor: loaded 2 times (x 72B)
Class org.jetbrains.kotlin.gradle.plugin.KotlinGradleBuildServices$Companion$registerIfAbsent$1: loaded 2 times (x 77B)
Class org.jetbrains.kotlin.gradle.utils.StoredProperty                                : loaded 2 times (x 72B)
Class com.android.build.gradle.internal.dsl.JavaCompileOptions                        : loaded 2 times (x 84B)
Class com.android.build.gradle.internal.dsl.OptimizationImpl                          : loaded 2 times (x 88B)
Class com.google.protobuf.ExtensionRegistryFactory                                    : loaded 2 times (x 73B)
Class com.google.protobuf.AbstractMessage$Builder                                     : loaded 2 times (x 259B)
Class com.android.build.gradle.internal.dsl.decorator.annotation.NonNullableSetter    : loaded 2 times (x 72B)
Class com.android.ide.common.blame.Message                                            : loaded 2 times (x 74B)
Class com.android.build.api.dsl.DeviceGroup                                           : loaded 2 times (x 72B)
Class com.google.protobuf.ProtocolMessageEnum                                         : loaded 2 times (x 72B)
Class com.android.build.gradle.internal.plugins.BasePlugin$ExtensionData              : loaded 2 times (x 74B)
Class com.android.build.gradle.internal.VariantTaskManager                            : loaded 2 times (x 88B)
Class com.android.builder.model.v2.dsl.BuildType                                      : loaded 2 times (x 72B)
Class org.objectweb.asm.Context                                                       : loaded 2 times (x 74B)
Class io.opentelemetry.api.internal.ImmutableSpanContext                              : loaded 2 times (x 93B)
Class com.intellij.gradle.toolingExtension.impl.model.sourceSetModel.GradleSourceSetSerialisationService$SourceSetModelWriteContext: loaded 2 times (x 74B)
Class kotlin.ranges.IntProgressionIterator                                            : loaded 2 times (x 84B)
Class kotlin.coroutines.CoroutineContext                                              : loaded 2 times (x 72B)
Class kotlin.coroutines.jvm.internal.DebugProbesKt                                    : loaded 2 times (x 73B)
Class org.gradle.tooling.internal.adapter.WeakIdentityHashMap                         : loaded 2 times (x 78B)
Class org.gradle.tooling.GradleConnectionException                                    : loaded 2 times (x 85B)
Class org.gradle.tooling.internal.adapter.ProtocolToModelAdapter$1                    : loaded 2 times (x 77B)
Class org.gradle.tooling.internal.adapter.ProtocolToModelAdapter$ViewDecoration       : loaded 2 times (x 72B)
Class org.gradle.internal.installation.GradleInstallation                             : loaded 2 times (x 77B)
Class com.android.build.gradle.internal.TaskManager$Companion$createCoreLibraryDesugaringConfig$1: loaded 2 times (x 76B)
Class com.android.build.gradle.internal.TaskManager$Companion                         : loaded 2 times (x 73B)
Class com.android.build.api.dsl.NdkBuild                                              : loaded 2 times (x 72B)
Class com.android.build.api.dsl.BundleAiModelVersion                                  : loaded 2 times (x 72B)
Class com.android.build.gradle.internal.dsl.decorator.SupportedPropertyType$Var$File  : loaded 2 times (x 76B)
Class com.android.build.api.dsl.TestBaseFlavor                                        : loaded 2 times (x 72B)
Class com.android.build.api.dsl.LibraryBuildType                                      : loaded 2 times (x 72B)
Class com.android.build.api.dsl.VariantDimension                                      : loaded 2 times (x 72B)
Class org.jetbrains.kotlin.gradle.tasks.KotlinJavaToolchain                           : loaded 2 times (x 72B)
Class org.jetbrains.kotlin.gradle.plugin.internal.CompatibilityConventionRegistrar    : loaded 2 times (x 72B)
Class org.jetbrains.kotlin.gradle.plugin.AndroidGradlePluginVersion                   : loaded 2 times (x 77B)
Class com.android.prefs.AndroidLocationsException                                     : loaded 2 times (x 84B)
Class com.google.protobuf.CodedInputStream                                            : loaded 2 times (x 121B)
Class com.google.wireless.android.sdk.stats.GradleBuildProfileSpan                    : loaded 2 times (x 217B)
Class com.google.protobuf.MessageLite                                                 : loaded 2 times (x 72B)
Class com.android.build.gradle.internal.dsl.BundleOptionsLanguage$AgpDecorated_Decorated: loaded 2 times (x 127B)
Class com.android.build.gradle.internal.dsl.BundleOptionsCountrySet$AgpDecorated_Decorated: loaded 2 times (x 132B)
Class com.android.build.gradle.internal.dsl.VcsInfoImpl$AgpDecorated                  : loaded 2 times (x 83B)
Class com.google.common.collect.Iterables                                             : loaded 2 times (x 73B)
Class com.amazon.ion.impl.lite.ContainerlessContext                                   : loaded 2 times (x 82B)
Class io.opentelemetry.api.trace.DefaultTracer                                        : loaded 2 times (x 76B)
Class org.jetbrains.plugins.gradle.tooling.serialization.GradleExtensionsSerializationService$ReadContext: loaded 2 times (x 74B)
Class com.google.common.collect.LexicographicalOrdering                               : loaded 2 times (x 117B)
Class org.gradle.tooling.internal.adapter.MethodInvoker                               : loaded 2 times (x 72B)
Class com.android.build.gradle.internal.tasks.factory.TaskFactoryImpl                 : loaded 2 times (x 85B)
Class com.android.build.api.artifact.impl.ArtifactsImpl$3$1                           : loaded 2 times (x 82B)
Class com.android.build.gradle.internal.dsl.DependenciesInfoImpl$AgpDecorated_Decorated: loaded 2 times (x 132B)
Class com.android.build.gradle.internal.dsl.DependenciesInfoImpl$AgpDecorated         : loaded 2 times (x 86B)
Class com.android.build.gradle.internal.coverage.JacocoOptions_Decorated              : loaded 2 times (x 132B)
Class com.android.build.gradle.internal.api.artifact.SourceArtifactType$SHADERS       : loaded 2 times (x 76B)
Class com.android.builder.core.AbstractProductFlavor$Companion                        : loaded 2 times (x 73B)
Class com.android.build.api.dsl.VcsInfo                                               : loaded 2 times (x 72B)
Class com.android.build.gradle.internal.model.CoreCmakeOptions                        : loaded 2 times (x 72B)
Class com.android.build.gradle.internal.dsl.decorator.SupportedPropertyType$Collection: loaded 2 times (x 76B)
Class com.android.builder.core.ComponentType                                          : loaded 2 times (x 72B)
Class com.google.common.collect.Lists$ReverseList                                     : loaded 2 times (x 202B)
Class org.jetbrains.kotlin.gradle.dsl.ToolchainSupport$Companion                      : loaded 2 times (x 73B)
Class org.jetbrains.kotlin.gradle.plugin.KotlinSourceSet                              : loaded 2 times (x 72B)
Class com.google.protobuf.MapFieldReflectionAccessor                                  : loaded 2 times (x 76B)
Class com.google.wireless.android.sdk.stats.GradleBuildProject$Builder                : loaded 2 times (x 361B)
Class com.google.protobuf.AbstractMessageLite$Builder                                 : loaded 2 times (x 128B)
Class com.android.tools.analytics.AnalyticsStateManager                               : loaded 2 times (x 73B)
Class com.android.build.api.artifact.impl.SingleInitialProviderRequestImpl$on$1       : loaded 2 times (x 77B)
Class com.android.build.gradle.internal.errors.AndroidProblemsReporter                : loaded 2 times (x 72B)
Class com.android.build.gradle.internal.services.AndroidLocationsBuildService$RegistrationAction: loaded 2 times (x 76B)
Class com.android.build.api.variant.CanMinifyAndroidResources                         : loaded 2 times (x 72B)
Class com.android.build.gradle.TestedExtension                                        : loaded 2 times (x 217B)
Class com.google.gson.ReflectionAccessFilter$FilterResult                             : loaded 2 times (x 81B)
Class com.google.common.collect.Lists$RandomAccessReverseList                         : loaded 2 times (x 202B)
Class gnu.trove.PrimeFinder                                                           : loaded 2 times (x 73B)
Class com.amazon.ion.UnexpectedEofException                                           : loaded 2 times (x 86B)
Class com.amazon.ion.IonSexp                                                          : loaded 2 times (x 72B)
Class com.amazon.ion.ReadOnlyValueException                                           : loaded 2 times (x 86B)
Class com.amazon.ion.impl._Private_LocalSymbolTable                                   : loaded 2 times (x 72B)
Class com.amazon.ion.BufferConfiguration$DataHandler                                  : loaded 2 times (x 72B)
Class com.amazon.ion.impl._Private_IonBinaryWriterBuilder                             : loaded 2 times (x 117B)
Class org.jetbrains.plugins.gradle.tooling.serialization.RepositoriesModelSerializationService$WriteContext: loaded 2 times (x 74B)
Class com.android.ide.gradle.model.LegacyAndroidGradlePluginProperties                : loaded 2 times (x 72B)
Class kotlin.ranges.IntProgression                                                    : loaded 2 times (x 83B)
Class kotlin.jvm.KotlinReflectionNotSupportedError                                    : loaded 2 times (x 84B)
Class org.gradle.tooling.model.gradle.GradleScript                                    : loaded 2 times (x 72B)

---------------  S Y S T E M  ---------------

OS:
 Windows 11 , 64 bit Build 26100 (10.0.26100.9444)
OS uptime: 0 days 0:23 hours
Hyper-V role detected

CPU: total 20 (initial active 20) (10 cores per cpu, 2 threads per core) family 6 model 186 stepping 2 microcode 0x410e, cx8, cmov, fxsr, ht, mmx, 3dnowpref, sse, sse2, sse3, ssse3, sse4.1, sse4.2, popcnt, lzcnt, tsc, tscinvbit, avx, avx2, aes, erms, clmul, bmi1, bmi2, adx, sha, fma, vzeroupper, clflush, clflushopt, clwb, hv, serialize, rdtscp, rdpid, fsrm, gfni, f16c, cet_ibt, cet_ss
Processor Information for processor 0
  Max Mhz: 2400, Current Mhz: 2400, Mhz Limit: 2400
Processor Information for processor 1
  Max Mhz: 2400, Current Mhz: 2400, Mhz Limit: 2400
Processor Information for processor 2
  Max Mhz: 2400, Current Mhz: 2400, Mhz Limit: 2400
Processor Information for processor 3
  Max Mhz: 2400, Current Mhz: 1520, Mhz Limit: 2400
Processor Information for processor 4
  Max Mhz: 2400, Current Mhz: 2400, Mhz Limit: 2400
Processor Information for processor 5
  Max Mhz: 2400, Current Mhz: 2400, Mhz Limit: 2400
Processor Information for processor 6
  Max Mhz: 2400, Current Mhz: 2400, Mhz Limit: 2400
Processor Information for processor 7
  Max Mhz: 2400, Current Mhz: 2400, Mhz Limit: 2400
Processor Information for processor 8
  Max Mhz: 2400, Current Mhz: 2400, Mhz Limit: 2400
Processor Information for processor 9
  Max Mhz: 2400, Current Mhz: 2400, Mhz Limit: 2400
Processor Information for processor 10
  Max Mhz: 2400, Current Mhz: 2400, Mhz Limit: 2400
Processor Information for processor 11
  Max Mhz: 2400, Current Mhz: 1520, Mhz Limit: 2400
Processor Information for processor 12
  Max Mhz: 2400, Current Mhz: 2400, Mhz Limit: 2400
Processor Information for processor 13
  Max Mhz: 2400, Current Mhz: 2400, Mhz Limit: 2400
Processor Information for processor 14
  Max Mhz: 2400, Current Mhz: 2400, Mhz Limit: 2400
Processor Information for processor 15
  Max Mhz: 2400, Current Mhz: 2400, Mhz Limit: 2400
Processor Information for processor 16
  Max Mhz: 2400, Current Mhz: 2400, Mhz Limit: 2400
Processor Information for processor 17
  Max Mhz: 2400, Current Mhz: 2400, Mhz Limit: 2400
Processor Information for processor 18
  Max Mhz: 2400, Current Mhz: 2400, Mhz Limit: 2400
Processor Information for processor 19
  Max Mhz: 2400, Current Mhz: 2400, Mhz Limit: 2400

Memory: 4k page, system-wide physical 15991M (1018M free)
TotalPageFile size 15991M (AvailPageFile size 501M)
current process WorkingSet (physical memory assigned to process): 583M, peak: 584M
current process commit charge ("private bytes"): 630M, peak: 640M

vm_info: OpenJDK 64-Bit Server VM (25.0.3+-15898627-b508.16) for windows-amd64 JRE (25.0.3+-15898627-b508.16), built on 2026-07-20T17:54:23Z with MS VC++ 16.10 / 16.11 (VS2019)

END.
